{
  "attrs": {},
  "name": "SCP_M3",
  "frequency_range": null,
  "allow_gain": false,
  "nonlinear_spec": null,
  "modulation_spec": null,
  "viz_spec": null,
  "heat_spec": null,
  "type": "PoleResidue",
  "eps_inf": 1.6880717232376294,
  "poles": [
    [
      {
        "real": -527207305228176.7,
        "imag": -5334708155750324.0
      },
      {
        "real": 4191645399403859.0,
        "imag": 5144406318183699.0
      }
    ],
    [
      {
        "real": -215106715205027.75,
        "imag": -5058206021536740.0
      },
      {
        "real": 2149454629468959.8,
        "imag": 3609232114784270.5
      }
    ],
    [
      {
        "real": -647032627146914.5,
        "imag": -6491989545600635.0
      },
      {
        "real": -3289112034466275.0,
        "imag": 2.228319524359414e+16
      }
    ]
  ]
}