{
  "attrs": {},
  "name": "SCP_M1",
  "frequency_range": null,
  "allow_gain": false,
  "nonlinear_spec": null,
  "modulation_spec": null,
  "viz_spec": null,
  "heat_spec": null,
  "type": "PoleResidue",
  "eps_inf": 1.3986368743684259,
  "poles": [
    [
      {
        "real": -935489045899043.8,
        "imag": -5889266022349492.0
      },
      {
        "real": 1.0340960322049348e+16,
        "imag": 3.1162870702498172e+16
      }
    ]
  ]
}