{
  "attrs": {},
  "name": "CP_M3",
  "frequency_range": null,
  "allow_gain": false,
  "nonlinear_spec": null,
  "modulation_spec": null,
  "viz_spec": null,
  "heat_spec": null,
  "type": "PoleResidue",
  "eps_inf": 0.2867812152921046,
  "poles": [
    [
      {
        "real": -489116334947917.94,
        "imag": -4863948905404086.0
      },
      {
        "real": 9524372617585650.0,
        "imag": 210353961835482.16
      }
    ],
    [
      {
        "real": -1308278650879932.5,
        "imag": -5904967325593960.0
      },
      {
        "real": -4259899046091467.5,
        "imag": 2.9112841323670452e+16
      }
    ],
    [
      {
        "real": -413236909384463.3,
        "imag": -6430684471471195.0
      },
      {
        "real": 2183435418904069.8,
        "imag": 6577397381604535.0
      }
    ]
  ]
}