{
  "attrs": {},
  "name": "SCP_M3",
  "frequency_range": null,
  "allow_gain": false,
  "nonlinear_spec": null,
  "modulation_spec": null,
  "viz_spec": null,
  "heat_spec": null,
  "type": "PoleResidue",
  "eps_inf": 1.6880480415045398,
  "poles": [
    [
      {
        "real": -527209905643196.25,
        "imag": -5334772698172836.0
      },
      {
        "real": 4190871572216869.0,
        "imag": 5144306504052938.0
      }
    ],
    [
      {
        "real": -215120626821450.0,
        "imag": -5058208011438208.0
      },
      {
        "real": 2149835045715718.5,
        "imag": 3609699632043098.5
      }
    ],
    [
      {
        "real": -647021379122416.0,
        "imag": -6491979115535490.0
      },
      {
        "real": -3288495343698505.0,
        "imag": 2.228282561300723e+16
      }
    ]
  ]
}