{
  "attrs": {},
  "name": "SCP_M2",
  "frequency_range": null,
  "allow_gain": false,
  "nonlinear_spec": null,
  "modulation_spec": null,
  "viz_spec": null,
  "heat_spec": null,
  "type": "PoleResidue",
  "eps_inf": 0.5736889169733305,
  "poles": [
    [
      {
        "real": -294381831396633.2,
        "imag": -5057566994646320.0
      },
      {
        "real": 5078762832887986.0,
        "imag": 5210456419502486.0
      }
    ],
    [
      {
        "real": -865452452230625.4,
        "imag": -6358275844243740.0
      },
      {
        "real": 833603097243279.8,
        "imag": 2.9353949724841324e+16
      }
    ]
  ]
}