{
  "attrs": {},
  "name": "CP_M1",
  "frequency_range": null,
  "allow_gain": false,
  "nonlinear_spec": null,
  "modulation_spec": null,
  "viz_spec": null,
  "heat_spec": null,
  "type": "PoleResidue",
  "eps_inf": 0.39909248008266385,
  "poles": [
    [
      {
        "real": -719064672827763.4,
        "imag": -6608713095397965.0
      },
      {
        "real": 147306095669796.56,
        "imag": 4.011698962787114e+16
      }
    ]
  ]
}