{
  "attrs": {},
  "name": "CP_M2",
  "frequency_range": null,
  "allow_gain": false,
  "nonlinear_spec": null,
  "modulation_spec": null,
  "viz_spec": null,
  "heat_spec": null,
  "type": "PoleResidue",
  "eps_inf": 2.297137599281571,
  "poles": [
    [
      {
        "real": -303342604691371.44,
        "imag": -5089190735920010.0
      },
      {
        "real": 5681119005235322.0,
        "imag": 6551333638538004.0
      }
    ],
    [
      {
        "real": -602472707340323.2,
        "imag": -6514159387237924.0
      },
      {
        "real": -5101209173085475.0,
        "imag": 2.3682706038277148e+16
      }
    ]
  ]
}