{
  "attrs": {},
  "name": "SCP_M2",
  "frequency_range": null,
  "allow_gain": false,
  "nonlinear_spec": null,
  "modulation_spec": null,
  "viz_spec": null,
  "heat_spec": null,
  "type": "PoleResidue",
  "eps_inf": 0.5736884533581947,
  "poles": [
    [
      {
        "real": -294382530556436.6,
        "imag": -5057568096951963.0
      },
      {
        "real": 5078766700835437.0,
        "imag": 5210503393599984.0
      }
    ],
    [
      {
        "real": -865447639338820.1,
        "imag": -6358278551478577.0
      },
      {
        "real": 833536683092823.0,
        "imag": 2.935390241867048e+16
      }
    ]
  ]
}