{
    "attrs": {},
    "name": "GlobalCP_selected_N1",
    "frequency_range": null,
    "allow_gain": false,
    "nonlinear_spec": null,
    "modulation_spec": null,
    "viz_spec": null,
    "heat_spec": null,
    "type": "PoleResidue",
    "eps_inf": 0.5973825559300269,
    "poles": [
        [
            {
                "real": -16628491705.064856,
                "imag": -6700969909114814.0
            },
            {
                "real": 106350915846.24644,
                "imag": 1.9514304715470732e+16
            }
        ]
    ]
}