{
  "attrs": {},
  "name": "CP_M1",
  "frequency_range": null,
  "allow_gain": false,
  "nonlinear_spec": null,
  "modulation_spec": null,
  "viz_spec": null,
  "heat_spec": null,
  "type": "PoleResidue",
  "eps_inf": 1.3457885995146477,
  "poles": [
    [
      {
        "real": -160738502120775.8,
        "imag": -2.0923759578018884e+16
      },
      {
        "real": 1553138891348.0518,
        "imag": 6908578237779467.0
      }
    ]
  ]
}