{
  "attrs": {},
  "name": "SCP_M3",
  "frequency_range": null,
  "allow_gain": false,
  "nonlinear_spec": null,
  "modulation_spec": null,
  "viz_spec": null,
  "heat_spec": null,
  "type": "PoleResidue",
  "eps_inf": 1.1853170545218614,
  "poles": [
    [
      {
        "real": -3434057152202707.0,
        "imag": -6883496953707092.0
      },
      {
        "real": -145254179951.84668,
        "imag": 573284905019.0284
      }
    ],
    [
      {
        "real": -7816249381709433.0,
        "imag": -1.7742898202824986e+16
      },
      {
        "real": -1338450142803068.0,
        "imag": -984986456973289.1
      }
    ],
    [
      {
        "real": -2133215550310173.0,
        "imag": -2.221656729785971e+16
      },
      {
        "real": 2179143351663449.0,
        "imag": 1.06570939206954e+16
      }
    ]
  ]
}