{
  "attrs": {},
  "name": "CP_M1",
  "frequency_range": null,
  "allow_gain": false,
  "nonlinear_spec": null,
  "modulation_spec": null,
  "viz_spec": null,
  "heat_spec": null,
  "type": "PoleResidue",
  "eps_inf": 1.3460386177510322,
  "poles": [
    [
      {
        "real": -156739408599122.28,
        "imag": -2.092020003188e+16
      },
      {
        "real": -1203331802906.062,
        "imag": 6904791093715667.0
      }
    ]
  ]
}