{
  "attrs": {},
  "name": "SCP_M2",
  "frequency_range": null,
  "allow_gain": false,
  "nonlinear_spec": null,
  "modulation_spec": null,
  "viz_spec": null,
  "heat_spec": null,
  "type": "PoleResidue",
  "eps_inf": 1.2237670000067649,
  "poles": [
    [
      {
        "real": -1914209695228808.2,
        "imag": -1.5013453043729848e+16
      },
      {
        "real": 303534851385235.1,
        "imag": 125356850879162.28
      }
    ],
    [
      {
        "real": -645785421128177.1,
        "imag": -2.338898768466302e+16
      },
      {
        "real": -275406427385767.88,
        "imag": 8911534702169809.0
      }
    ]
  ]
}