{
  "attrs": {},
  "name": "CP_M2",
  "frequency_range": null,
  "allow_gain": false,
  "nonlinear_spec": null,
  "modulation_spec": null,
  "viz_spec": null,
  "heat_spec": null,
  "type": "PoleResidue",
  "eps_inf": 1.2305331644260606,
  "poles": [
    [
      {
        "real": -7317188724275515.0,
        "imag": -1.9502594738154924e+16
      },
      {
        "real": -2248726789724658.5,
        "imag": 332963849768613.8
      }
    ],
    [
      {
        "real": -1493143931776922.2,
        "imag": -2.0952071324686216e+16
      },
      {
        "real": 3059508993160395.5,
        "imag": 8431230887953339.0
      }
    ]
  ],
  "model_family": "CP",
  "order_N": 2
}