{
  "attrs": {},
  "name": "RP_M3",
  "frequency_range": null,
  "allow_gain": false,
  "nonlinear_spec": null,
  "modulation_spec": null,
  "viz_spec": null,
  "heat_spec": null,
  "type": "PoleResidue",
  "eps_inf": 1.252690146016706,
  "poles": [
    [
      {
        "real": -6310221382767755.0,
        "imag": 2.153789849702614e+16
      },
      {
        "real": -2506757981474172.0,
        "imag": -94582813898981.77
      }
    ],
    [
      {
        "real": -1174887286433942.2,
        "imag": -2.1180016407036468e+16
      },
      {
        "real": 2765484173907282.5,
        "imag": 8430753155679089.0
      }
    ],
    [
      {
        "real": -914676615197628.6,
        "imag": -2885988938139385.0
      },
      {
        "real": -44729948.05277427,
        "imag": -1160326814.972726
      }
    ]
  ]
}