{
  "attrs": {},
  "name": "RP_M3",
  "frequency_range": null,
  "allow_gain": false,
  "nonlinear_spec": null,
  "modulation_spec": null,
  "viz_spec": null,
  "heat_spec": null,
  "type": "PoleResidue",
  "eps_inf": 1.2757341259680683,
  "poles": [
    [
      {
        "real": -4773090669520236.0,
        "imag": 2.1034929794471412e+16
      },
      {
        "real": -2191121409584324.5,
        "imag": 601615756430423.5
      }
    ],
    [
      {
        "real": -907399858829005.1,
        "imag": -2.114940413306357e+16
      },
      {
        "real": 2292303561007271.0,
        "imag": 8691618756638219.0
      }
    ],
    [
      {
        "real": -438252292470695.56,
        "imag": -3068296296098018.0
      },
      {
        "real": -114053671.58228888,
        "imag": -273520454.4033191
      }
    ]
  ]
}