{
  "attrs": {},
  "name": "CP_M2",
  "frequency_range": null,
  "allow_gain": false,
  "nonlinear_spec": null,
  "modulation_spec": null,
  "viz_spec": null,
  "heat_spec": null,
  "type": "PoleResidue",
  "eps_inf": 1.4441636935557407,
  "poles": [
    [
      {
        "real": -1313631808655.2114,
        "imag": -448264817254574.4
      },
      {
        "real": 278284745044.3402,
        "imag": 39121053614719.69
      }
    ],
    [
      {
        "real": -398902321733733.7,
        "imag": -1.6744755619043844e+16
      },
      {
        "real": 300728290981524.7,
        "imag": 5927928225294617.0
      }
    ]
  ]
}