{
  "attrs": {},
  "name": "CP_M1",
  "frequency_range": null,
  "allow_gain": false,
  "nonlinear_spec": null,
  "modulation_spec": null,
  "viz_spec": null,
  "heat_spec": null,
  "type": "PoleResidue",
  "eps_inf": 1.0997902674037048,
  "poles": [
    [
      {
        "real": -332793637365152.7,
        "imag": -1.89889310733278e+16
      },
      {
        "real": 350116887489639.3,
        "imag": 9904687129750140.0
      }
    ]
  ]
}