{
  "attrs": {},
  "name": "SCP_M2",
  "frequency_range": null,
  "allow_gain": false,
  "nonlinear_spec": null,
  "modulation_spec": null,
  "viz_spec": null,
  "heat_spec": null,
  "type": "PoleResidue",
  "eps_inf": 1.4442362998809484,
  "poles": [
    [
      {
        "real": -1313631808655.2114,
        "imag": -448264817254574.4
      },
      {
        "real": 283722406079.4039,
        "imag": 39139190030234.22
      }
    ],
    [
      {
        "real": -398902321733733.7,
        "imag": -1.6744755619043844e+16
      },
      {
        "real": 300870083025211.0,
        "imag": 5927361315424981.0
      }
    ]
  ]
}