{
  "attrs": {},
  "name": "SCP_M2",
  "frequency_range": null,
  "allow_gain": false,
  "nonlinear_spec": null,
  "modulation_spec": null,
  "viz_spec": null,
  "heat_spec": null,
  "type": "PoleResidue",
  "eps_inf": 1.425153151931643,
  "poles": [
    [
      {
        "real": -5030884436162.562,
        "imag": -473367270367270.25
      },
      {
        "real": 283402966163.8178,
        "imag": 36379023389449.94
      }
    ],
    [
      {
        "real": -437204495922535.25,
        "imag": -1.6929938085862032e+16
      },
      {
        "real": 337894210761517.6,
        "imag": 6152364513309536.0
      }
    ]
  ]
}