{
  "attrs": {},
  "name": "SCP_M1",
  "frequency_range": null,
  "allow_gain": false,
  "nonlinear_spec": null,
  "modulation_spec": null,
  "viz_spec": null,
  "heat_spec": null,
  "type": "PoleResidue",
  "eps_inf": 1.1507637930320467,
  "poles": [
    [
      {
        "real": -727251575198471.1,
        "imag": -1.8568929745429284e+16
      },
      {
        "real": 728116983419059.2,
        "imag": 9202329067230630.0
      }
    ]
  ]
}