{
  "attrs": {},
  "name": "SCP_M3",
  "frequency_range": null,
  "allow_gain": false,
  "nonlinear_spec": null,
  "modulation_spec": null,
  "viz_spec": null,
  "heat_spec": null,
  "type": "PoleResidue",
  "eps_inf": 1.0407485700694177,
  "poles": [
    [
      {
        "real": -212042711576.3125,
        "imag": -503477636195994.75
      },
      {
        "real": 27751008079.032814,
        "imag": 31813049668268.72
      }
    ],
    [
      {
        "real": -1.1901305341061104e+16,
        "imag": -1.1062981270767174e+16
      },
      {
        "real": -629471147939627.8,
        "imag": 315541018261654.1
      }
    ],
    [
      {
        "real": -1696314895105301.2,
        "imag": -1.9813042266056428e+16
      },
      {
        "real": 2341760687895549.0,
        "imag": 1.1187896478127028e+16
      }
    ]
  ]
}