{
  "attrs": {},
  "name": "RP_M3",
  "frequency_range": null,
  "allow_gain": false,
  "nonlinear_spec": null,
  "modulation_spec": null,
  "viz_spec": null,
  "heat_spec": null,
  "type": "PoleResidue",
  "eps_inf": 1.0021163664767,
  "poles": [
    [
      {
        "real": -1876859812197723.5,
        "imag": -1.980496829037646e+16
      },
      {
        "real": 2847799770028932.0,
        "imag": 1.1369404671693286e+16
      }
    ],
    [
      {
        "real": -1.2412217633321846e+16,
        "imag": 1.0514415223838034e+16
      },
      {
        "real": -646616067886953.0,
        "imag": -571415318180425.2
      }
    ],
    [
      {
        "real": -43073038015403.01,
        "imag": -505069586968957.75
      },
      {
        "real": -528779963305.5006,
        "imag": 32003867320239.555
      }
    ]
  ]
}