{
  "attrs": {},
  "name": "RP_M1",
  "frequency_range": null,
  "allow_gain": false,
  "nonlinear_spec": null,
  "modulation_spec": null,
  "viz_spec": null,
  "heat_spec": null,
  "type": "PoleResidue",
  "eps_inf": 1.340424630384696,
  "poles": [
    [
      {
        "real": -435801545982749.56,
        "imag": -1.6906299225006296e+16
      },
      {
        "real": 353743252908447.1,
        "imag": 6786687738495909.0
      }
    ]
  ]
}