{
  "attrs": {},
  "name": "RP_M2",
  "frequency_range": null,
  "allow_gain": false,
  "nonlinear_spec": null,
  "modulation_spec": null,
  "viz_spec": null,
  "heat_spec": null,
  "type": "PoleResidue",
  "eps_inf": 1.2730180047355455,
  "poles": [
    [
      {
        "real": -412919733950958.25,
        "imag": 1.837602180514843e+16
      },
      {
        "real": 376715264334925.9,
        "imag": -8069973369392711.0
      }
    ],
    [
      {
        "real": -23732326661580.652,
        "imag": 427059208835492.06
      },
      {
        "real": 19106682041.339157,
        "imag": -38850701360326.25
      }
    ]
  ],
  "model_family": "RP",
  "order_N": 2
}