{
  "attrs": {},
  "name": "RP_M3",
  "frequency_range": null,
  "allow_gain": false,
  "nonlinear_spec": null,
  "modulation_spec": null,
  "viz_spec": null,
  "heat_spec": null,
  "type": "PoleResidue",
  "eps_inf": 1.0022850626436695,
  "poles": [
    [
      {
        "real": -1876197313538061.5,
        "imag": -1.9800605260683316e+16
      },
      {
        "real": 2847742387385715.0,
        "imag": 1.1360847472819734e+16
      }
    ],
    [
      {
        "real": -1.2394815661326204e+16,
        "imag": 1.0502582679214224e+16
      },
      {
        "real": -641234731156128.8,
        "imag": -570572199052197.9
      }
    ],
    [
      {
        "real": -43131949663585.58,
        "imag": -505045324429621.5
      },
      {
        "real": -529344589876.1779,
        "imag": 32006864171739.926
      }
    ]
  ]
}