{
  "attrs": {},
  "name": "RP_M2",
  "frequency_range": null,
  "allow_gain": false,
  "nonlinear_spec": null,
  "modulation_spec": null,
  "viz_spec": null,
  "heat_spec": null,
  "type": "PoleResidue",
  "eps_inf": 1.6938232265124018,
  "poles": [
    [
      {
        "real": -264511133766907.3,
        "imag": -1.3256751382403502e+16
      },
      {
        "real": 121481284603172.73,
        "imag": 2990873932100401.5
      }
    ],
    [
      {
        "real": -1602035088005.0718,
        "imag": -1812706985304811.5
      },
      {
        "real": -112611013.38588707,
        "imag": 418145447.5996321
      }
    ]
  ]
}