{
  "attrs": {},
  "name": "RP_M3",
  "frequency_range": null,
  "allow_gain": false,
  "nonlinear_spec": null,
  "modulation_spec": null,
  "viz_spec": null,
  "heat_spec": null,
  "type": "PoleResidue",
  "eps_inf": 1.2991466749333538,
  "poles": [
    [
      {
        "real": -184613035520515.72,
        "imag": 1.8248431725250736e+16
      },
      {
        "real": 133396217008003.1,
        "imag": -7789376136748745.0
      }
    ],
    [
      {
        "real": -2838834114271324.5,
        "imag": 5548557737237012.0
      },
      {
        "real": 983751986185.7723,
        "imag": 2805984219735.453
      }
    ],
    [
      {
        "real": -634870924728.3137,
        "imag": 303976162617834.7
      },
      {
        "real": -4232159893.5468826,
        "imag": -57935666403897.484
      }
    ]
  ],
  "model_family": "RP",
  "order_N": 3
}