{
  "attrs": {},
  "name": "CP_M1",
  "frequency_range": null,
  "allow_gain": false,
  "nonlinear_spec": null,
  "modulation_spec": null,
  "viz_spec": null,
  "heat_spec": null,
  "type": "PoleResidue",
  "eps_inf": 2.2430572611069093,
  "poles": [
    [
      {
        "real": -113665904825187.55,
        "imag": -97657162945189.39
      },
      {
        "real": 3915283765876929.0,
        "imag": 1.1595515136799702e+16
      }
    ]
  ]
}