{
  "attrs": {},
  "name": "SCP_M1",
  "frequency_range": null,
  "allow_gain": false,
  "nonlinear_spec": null,
  "modulation_spec": null,
  "viz_spec": null,
  "heat_spec": null,
  "type": "PoleResidue",
  "eps_inf": 2.2429814375405694,
  "poles": [
    [
      {
        "real": -97680604696296.14,
        "imag": -85622679776929.11
      },
      {
        "real": 3923066858388676.5,
        "imag": 1.247344940909037e+16
      }
    ]
  ]
}