{
  "attrs": {},
  "name": "CP_M3",
  "frequency_range": null,
  "allow_gain": false,
  "nonlinear_spec": null,
  "modulation_spec": null,
  "viz_spec": null,
  "heat_spec": null,
  "type": "PoleResidue",
  "eps_inf": 1.8597459994484913,
  "poles": [
    [
      {
        "real": -202579328427926.1,
        "imag": -85622679776929.1
      },
      {
        "real": 3916383858396943.0,
        "imag": 1.3776584921095056e+16
      }
    ],
    [
      {
        "real": -449013799744855.3,
        "imag": -3551031019831087.0
      },
      {
        "real": 12064095956863.023,
        "imag": 15351452935610.066
      }
    ],
    [
      {
        "real": -1276684601472838.2,
        "imag": -7408469552718732.0
      },
      {
        "real": 542827735349744.4,
        "imag": 700449582511627.2
      }
    ]
  ]
}