{
  "attrs": {},
  "name": "SCP_M3",
  "frequency_range": null,
  "allow_gain": false,
  "nonlinear_spec": null,
  "modulation_spec": null,
  "viz_spec": null,
  "heat_spec": null,
  "type": "PoleResidue",
  "eps_inf": 1.9503290677201666,
  "poles": [
    [
      {
        "real": -132242814010880.58,
        "imag": -85649578637814.61
      },
      {
        "real": 3945230738004125.0,
        "imag": 1.0654716158526086e+16
      }
    ],
    [
      {
        "real": -387522585631852.94,
        "imag": -3775332509739696.0
      },
      {
        "real": 5877554785795.022,
        "imag": 12697927744915.865
      }
    ],
    [
      {
        "real": -1049626465184427.0,
        "imag": -6991821709360100.0
      },
      {
        "real": 369868708556600.6,
        "imag": 438820414146386.94
      }
    ]
  ]
}