{
  "attrs": {},
  "name": "CP_M3",
  "frequency_range": null,
  "allow_gain": false,
  "nonlinear_spec": null,
  "modulation_spec": null,
  "viz_spec": null,
  "heat_spec": null,
  "type": "PoleResidue",
  "eps_inf": 1.8868055310799452,
  "poles": [
    [
      {
        "real": -214462646672844.28,
        "imag": -85622679776929.1
      },
      {
        "real": 3912486724031170.5,
        "imag": 1.4409929029187408e+16
      }
    ],
    [
      {
        "real": -353527931157056.0,
        "imag": -3538942475719948.0
      },
      {
        "real": 10491725539060.906,
        "imag": 12733292051261.236
      }
    ],
    [
      {
        "real": -1277316522490748.0,
        "imag": -7248225214737805.0
      },
      {
        "real": 503855071637985.4,
        "imag": 608832401129600.6
      }
    ]
  ]
}