{
  "attrs": {},
  "name": "CP_M2",
  "frequency_range": null,
  "allow_gain": false,
  "nonlinear_spec": null,
  "modulation_spec": null,
  "viz_spec": null,
  "heat_spec": null,
  "type": "PoleResidue",
  "eps_inf": 1.950891288781185,
  "poles": [
    [
      {
        "real": -147102314299204.28,
        "imag": -85622679776929.1
      },
      {
        "real": 3919565563533380.0,
        "imag": 1.153112743667398e+16
      }
    ],
    [
      {
        "real": -658676805757828.8,
        "imag": -7409073327774688.0
      },
      {
        "real": 174224752930792.5,
        "imag": 575523251590050.8
      }
    ]
  ]
}