{
  "attrs": {},
  "name": "RP_M1",
  "frequency_range": null,
  "allow_gain": false,
  "nonlinear_spec": null,
  "modulation_spec": null,
  "viz_spec": null,
  "heat_spec": null,
  "type": "PoleResidue",
  "eps_inf": 2.22721073012194,
  "poles": [
    [
      {
        "real": -163682426451205.88,
        "imag": -103649372414655.19
      },
      {
        "real": 3890222321423780.0,
        "imag": 1.2342591045270668e+16
      }
    ]
  ]
}