{
  "attrs": {},
  "name": "RP_M3",
  "frequency_range": null,
  "allow_gain": false,
  "nonlinear_spec": null,
  "modulation_spec": null,
  "viz_spec": null,
  "heat_spec": null,
  "type": "PoleResidue",
  "eps_inf": 1.8448959532122118,
  "poles": [
    [
      {
        "real": -287494327562215.6,
        "imag": -1632105238722.8171
      },
      {
        "real": 3875223226845594.5,
        "imag": 9.538673211594995e+17
      }
    ],
    [
      {
        "real": -2084269060368963.2,
        "imag": -6996237416961301.0
      },
      {
        "real": 880824411932934.0,
        "imag": 559115218970341.8
      }
    ],
    [
      {
        "real": -443704299438641.56,
        "imag": -3384117592726061.5
      },
      {
        "real": 11483498193360.15,
        "imag": 24447487442970.453
      }
    ]
  ]
}