{
  "attrs": {},
  "name": "RP_M2",
  "frequency_range": null,
  "allow_gain": false,
  "nonlinear_spec": null,
  "modulation_spec": null,
  "viz_spec": null,
  "heat_spec": null,
  "type": "PoleResidue",
  "eps_inf": 1.9697317451960337,
  "poles": [
    [
      {
        "real": -237022400262452.6,
        "imag": -60954112446310.55
      },
      {
        "real": 3892520717476887.0,
        "imag": 2.243641878051807e+16
      }
    ],
    [
      {
        "real": -1579987212033334.5,
        "imag": -6843741707166165.0
      },
      {
        "real": 435458613717503.4,
        "imag": 401987276888646.2
      }
    ]
  ]
}