{
  "attrs": {},
  "name": "CP_M3",
  "frequency_range": null,
  "allow_gain": false,
  "nonlinear_spec": null,
  "modulation_spec": null,
  "viz_spec": null,
  "heat_spec": null,
  "type": "PoleResidue",
  "eps_inf": 7.27666175480292,
  "poles": [
    [
      {
        "real": -6283185307.179586,
        "imag": -1657664324047034.8
      },
      {
        "real": -64609662.01219315,
        "imag": 177501711013.12195
      }
    ],
    [
      {
        "real": -6283185307.179586,
        "imag": -2133419911711272.0
      },
      {
        "real": 3290220292.662027,
        "imag": 47389700446960.086
      }
    ],
    [
      {
        "real": -6283185307.179586,
        "imag": -3666084769225843.0
      },
      {
        "real": 11456943919.109781,
        "imag": 6970932293905586.0
      }
    ]
  ]
}