{
  "attrs": {},
  "name": "SCP_M2",
  "frequency_range": null,
  "allow_gain": false,
  "nonlinear_spec": null,
  "modulation_spec": null,
  "viz_spec": null,
  "heat_spec": null,
  "type": "PoleResidue",
  "eps_inf": 5.04229684816607,
  "poles": [
    [
      {
        "real": -6283185307.807905,
        "imag": -2137190632021916.8
      },
      {
        "real": 3205745372.4221497,
        "imag": 53758024867966.99
      }
    ],
    [
      {
        "real": -6283185307.807905,
        "imag": -4270711778489244.0
      },
      {
        "real": 20170154249.261765,
        "imag": 1.2687666288618012e+16
      }
    ]
  ]
}