{
  "attrs": {},
  "name": "RP_M2",
  "frequency_range": null,
  "allow_gain": false,
  "nonlinear_spec": null,
  "modulation_spec": null,
  "viz_spec": null,
  "heat_spec": null,
  "type": "PoleResidue",
  "eps_inf": 5.510532088487417,
  "poles": [
    [
      {
        "real": -628.3185307179587,
        "imag": 4138061650964187.0
      },
      {
        "real": -473175758.69683385,
        "imag": -1.1351275949145964e+16
      }
    ],
    [
      {
        "real": -628.3185307179587,
        "imag": 2133041805511598.0
      },
      {
        "real": 6704008.274074206,
        "imag": -50216614097991.28
      }
    ]
  ],
  "model_family": "RP",
  "order_N": 2
}