{
  "attrs": {},
  "name": "RP_M3",
  "frequency_range": null,
  "allow_gain": false,
  "nonlinear_spec": null,
  "modulation_spec": null,
  "viz_spec": null,
  "heat_spec": null,
  "type": "PoleResidue",
  "eps_inf": 5.521403155509256,
  "poles": [
    [
      {
        "real": -628.3185307179587,
        "imag": 4135018103716108.0
      },
      {
        "real": -472332574.7803258,
        "imag": -1.1321118752685364e+16
      }
    ],
    [
      {
        "real": -628.3185307179587,
        "imag": 2132971386778360.8
      },
      {
        "real": 6703240.063759606,
        "imag": -50150465794365.875
      }
    ],
    [
      {
        "real": -628.3185307179587,
        "imag": 1863977473293366.5
      },
      {
        "real": -298.6008776455675,
        "imag": -16170018.540594522
      }
    ]
  ],
  "model_family": "RP",
  "order_N": 3
}