{
  "attrs": {},
  "name": "RP_M3",
  "frequency_range": null,
  "allow_gain": false,
  "nonlinear_spec": null,
  "modulation_spec": null,
  "viz_spec": null,
  "heat_spec": null,
  "type": "PoleResidue",
  "eps_inf": 6.992245890453738,
  "poles": [
    [
      {
        "real": -170.35979422854697,
        "imag": -3748453478301196.0
      },
      {
        "real": -321405737.966792,
        "imag": 7629490862587323.0
      }
    ],
    [
      {
        "real": -253.21766773217038,
        "imag": -1668881108209562.5
      },
      {
        "real": 697107.5026717426,
        "imag": 104830031396.55383
      }
    ],
    [
      {
        "real": -1.8417654032329003,
        "imag": -2134666948598213.2
      },
      {
        "real": 4530789.72221054,
        "imag": 48866396713879.38
      }
    ]
  ]
}