{
  "attrs": {},
  "name": "SCP_M2",
  "frequency_range": null,
  "allow_gain": false,
  "nonlinear_spec": null,
  "modulation_spec": null,
  "viz_spec": null,
  "heat_spec": null,
  "type": "PoleResidue",
  "eps_inf": 6.105388799203608,
  "poles": [
    [
      {
        "real": -6283185307.807905,
        "imag": -2134967617320184.0
      },
      {
        "real": 3129286131.790711,
        "imag": 50343694821415.39
      }
    ],
    [
      {
        "real": -6283185307.807905,
        "imag": -3984820006737922.5
      },
      {
        "real": 17540205994.35147,
        "imag": 9788011156842194.0
      }
    ]
  ],
  "model_family": "SCP",
  "order_N": 2
}