{
  "attrs": {},
  "name": "CP_M2",
  "frequency_range": null,
  "allow_gain": false,
  "nonlinear_spec": null,
  "modulation_spec": null,
  "viz_spec": null,
  "heat_spec": null,
  "type": "PoleResidue",
  "eps_inf": 1.9025553699897362,
  "poles": [
    [
      {
        "real": -236103779986439.66,
        "imag": -5139298432491499.0
      },
      {
        "real": 5204204893984996.0,
        "imag": 5756244682352031.0
      }
    ],
    [
      {
        "real": -608506896221679.9,
        "imag": -6574108595558703.0
      },
      {
        "real": -4772569136294480.0,
        "imag": 2.5731448549998316e+16
      }
    ]
  ]
}