{
  "attrs": {},
  "name": "CP_M2",
  "frequency_range": null,
  "allow_gain": false,
  "nonlinear_spec": null,
  "modulation_spec": null,
  "viz_spec": null,
  "heat_spec": null,
  "type": "PoleResidue",
  "eps_inf": 1.8912050425107982,
  "poles": [
    [
      {
        "real": -234521802576926.75,
        "imag": -5136151326952240.0
      },
      {
        "real": 5213100425837379.0,
        "imag": 5684148867797660.0
      }
    ],
    [
      {
        "real": -613903398615443.0,
        "imag": -6574455850306477.0
      },
      {
        "real": -4785211803719507.0,
        "imag": 2.5877447541169036e+16
      }
    ]
  ],
  "model_family": "CP",
  "order_N": 2
}