{
  "attrs": {},
  "name": "CP_M3",
  "frequency_range": null,
  "allow_gain": false,
  "nonlinear_spec": null,
  "modulation_spec": null,
  "viz_spec": null,
  "heat_spec": null,
  "type": "PoleResidue",
  "eps_inf": 1.6785560826841919,
  "poles": [
    [
      {
        "real": -220513737097108.28,
        "imag": -4642293310210557.0
      },
      {
        "real": 205049375061857.6,
        "imag": 26947416449325.836
      }
    ],
    [
      {
        "real": -1297941231782769.2,
        "imag": -5407290406543064.0
      },
      {
        "real": 1735494836116404.2,
        "imag": 654303195567316.1
      }
    ],
    [
      {
        "real": -2946556340519340.0,
        "imag": -9618299653042148.0
      },
      {
        "real": 1976991408856724.5,
        "imag": 1.2014493907818816e+16
      }
    ]
  ]
}