{
  "attrs": {},
  "name": "CP_M3",
  "frequency_range": null,
  "allow_gain": false,
  "nonlinear_spec": null,
  "modulation_spec": null,
  "viz_spec": null,
  "heat_spec": null,
  "type": "PoleResidue",
  "eps_inf": 1.4331429015687305,
  "poles": [
    [
      {
        "real": -360178858556814.06,
        "imag": -4238597629159538.5
      },
      {
        "real": 468869668393739.6,
        "imag": -52451521947314.28
      }
    ],
    [
      {
        "real": -285858470378016.25,
        "imag": -5589355761468853.0
      },
      {
        "real": 2520620113275577.0,
        "imag": 4743597772836501.0
      }
    ],
    [
      {
        "real": -1027311268429421.4,
        "imag": -7468826979403643.0
      },
      {
        "real": 533660550296609.94,
        "imag": 2.2870848571188028e+16
      }
    ]
  ]
}