{
  "attrs": {},
  "name": "SCP_M3",
  "frequency_range": null,
  "allow_gain": false,
  "nonlinear_spec": null,
  "modulation_spec": null,
  "viz_spec": null,
  "heat_spec": null,
  "type": "PoleResidue",
  "eps_inf": 1.6922876765424175,
  "poles": [
    [
      {
        "real": -556183886504669.9,
        "imag": -4300970320813849.0
      },
      {
        "real": 815478641059411.0,
        "imag": -174877766518813.56
      }
    ],
    [
      {
        "real": -268531248588489.53,
        "imag": -5585022086423777.0
      },
      {
        "real": 2423038314660910.0,
        "imag": 4263311878354415.0
      }
    ],
    [
      {
        "real": -1091307099776081.0,
        "imag": -7434793812079538.0
      },
      {
        "real": -218181744273912.0,
        "imag": 2.2814189474480564e+16
      }
    ]
  ]
}