{
  "attrs": {},
  "name": "SCP_M1",
  "frequency_range": null,
  "allow_gain": false,
  "nonlinear_spec": null,
  "modulation_spec": null,
  "viz_spec": null,
  "heat_spec": null,
  "type": "PoleResidue",
  "eps_inf": 4.023662789608552,
  "poles": [
    [
      {
        "real": -822776385441901.9,
        "imag": -5988600052137420.0
      },
      {
        "real": 4325959356555720.0,
        "imag": 1.6728846982720774e+16
      }
    ]
  ]
}