{
  "attrs": {},
  "name": "CP_M3",
  "frequency_range": null,
  "allow_gain": false,
  "nonlinear_spec": null,
  "modulation_spec": null,
  "viz_spec": null,
  "heat_spec": null,
  "type": "PoleResidue",
  "eps_inf": 0.4545344364476827,
  "poles": [
    [
      {
        "real": -15368751727119.385,
        "imag": -3022503424390821.0
      },
      {
        "real": -156676449483.83765,
        "imag": 89086871012.04384
      }
    ],
    [
      {
        "real": -4581177713111116.0,
        "imag": -1.4157083407382566e+16
      },
      {
        "real": 5.047287107613815e+16,
        "imag": 3.089039466211082e+16
      }
    ],
    [
      {
        "real": -7264532409931062.0,
        "imag": -1.4328590929972236e+16
      },
      {
        "real": -4.573767067141024e+16,
        "imag": -623490630971422.2
      }
    ]
  ]
}