{
  "attrs": {},
  "name": "SCP_M2",
  "frequency_range": null,
  "allow_gain": false,
  "nonlinear_spec": null,
  "modulation_spec": null,
  "viz_spec": null,
  "heat_spec": null,
  "type": "PoleResidue",
  "eps_inf": 0.6770013561101311,
  "poles": [
    [
      {
        "real": -5221335453722958.0,
        "imag": -1.1893978437621526e+16
      },
      {
        "real": 1.450070800918541e+17,
        "imag": -1.8298191777982166e+17
      }
    ],
    [
      {
        "real": -5523461847494410.0,
        "imag": -1.223313965587971e+16
      },
      {
        "real": -1.3837598480150635e+17,
        "imag": 2.0973926566421853e+17
      }
    ]
  ]
}