{
  "attrs": {},
  "name": "SCP_M1",
  "frequency_range": null,
  "allow_gain": false,
  "nonlinear_spec": null,
  "modulation_spec": null,
  "viz_spec": null,
  "heat_spec": null,
  "type": "PoleResidue",
  "eps_inf": 2.511199388576256,
  "poles": [
    [
      {
        "real": -58510759063911.46,
        "imag": -1.0430776241938598e+16
      },
      {
        "real": 80787051963281.9,
        "imag": 7010229377574193.0
      }
    ]
  ]
}