{
  "attrs": {},
  "name": "CP_M2",
  "frequency_range": null,
  "allow_gain": false,
  "nonlinear_spec": null,
  "modulation_spec": null,
  "viz_spec": null,
  "heat_spec": null,
  "type": "PoleResidue",
  "eps_inf": 0.394517914975551,
  "poles": [
    [
      {
        "real": -6295562355102054.0,
        "imag": -1.122738907030719e+16
      },
      {
        "real": -5.7175144233108e+16,
        "imag": 2062199318833473.8
      }
    ],
    [
      {
        "real": -4863650872548374.0,
        "imag": -1.205759085853101e+16
      },
      {
        "real": 6.861079628920408e+16,
        "imag": 2.506108967269507e+16
      }
    ]
  ]
}