{
  "attrs": {},
  "name": "SCP_M2",
  "frequency_range": null,
  "allow_gain": false,
  "nonlinear_spec": null,
  "modulation_spec": null,
  "viz_spec": null,
  "heat_spec": null,
  "type": "PoleResidue",
  "eps_inf": 0.38734026640299024,
  "poles": [
    [
      {
        "real": -6348642330692629.0,
        "imag": -1.1505219747950252e+16
      },
      {
        "real": -6.782541808162826e+16,
        "imag": -2328961130668497.5
      }
    ],
    [
      {
        "real": -4984896272272919.0,
        "imag": -1.2242123017697932e+16
      },
      {
        "real": 7.804567029741368e+16,
        "imag": 3.0749869009450012e+16
      }
    ]
  ]
}