{
  "attrs": {},
  "name": "SCP_M1",
  "frequency_range": null,
  "allow_gain": false,
  "nonlinear_spec": null,
  "modulation_spec": null,
  "viz_spec": null,
  "heat_spec": null,
  "type": "PoleResidue",
  "eps_inf": 2.5082113713016736,
  "poles": [
    [
      {
        "real": -58594196760785.24,
        "imag": -1.043801475833783e+16
      },
      {
        "real": 81074711669441.22,
        "imag": 7030200545376440.0
      }
    ]
  ]
}