{
  "attrs": {},
  "name": "SCP_M3",
  "frequency_range": null,
  "allow_gain": false,
  "nonlinear_spec": null,
  "modulation_spec": null,
  "viz_spec": null,
  "heat_spec": null,
  "type": "PoleResidue",
  "eps_inf": 0.9953125320799961,
  "poles": [
    [
      {
        "real": -1827820711470.6528,
        "imag": -85633880591558.8
      },
      {
        "real": 2.7137300703262924e+16,
        "imag": 4.1066131063187354e+17
      }
    ],
    [
      {
        "real": -1101099399537965.0,
        "imag": -2340964616313377.5
      },
      {
        "real": 1.35655745107419e+16,
        "imag": -6745302362621645.0
      }
    ],
    [
      {
        "real": -3202072812610846.0,
        "imag": -1.0338471832167704e+16
      },
      {
        "real": -3.546317729846315e+16,
        "imag": 2.7608387150232104e+16
      }
    ]
  ]
}