{
  "attrs": {},
  "name": "CP_M3",
  "frequency_range": null,
  "allow_gain": false,
  "nonlinear_spec": null,
  "modulation_spec": null,
  "viz_spec": null,
  "heat_spec": null,
  "type": "PoleResidue",
  "eps_inf": 0.9210828712619222,
  "poles": [
    [
      {
        "real": -309305544040968.44,
        "imag": -769960778054313.8
      },
      {
        "real": 1.2009697060081612e+16,
        "imag": 6.448699851712978e+16
      }
    ],
    [
      {
        "real": -836332663517383.6,
        "imag": -2445533659064477.0
      },
      {
        "real": 1.2064910922648506e+16,
        "imag": 771930687452572.9
      }
    ],
    [
      {
        "real": -1774109671638146.2,
        "imag": -7373444718853431.0
      },
      {
        "real": -1.9361555140098944e+16,
        "imag": 2.629501459169287e+16
      }
    ]
  ]
}