{
  "attrs": {},
  "name": "SCP_M1",
  "frequency_range": null,
  "allow_gain": false,
  "nonlinear_spec": null,
  "modulation_spec": null,
  "viz_spec": null,
  "heat_spec": null,
  "type": "PoleResidue",
  "eps_inf": 6.639286428176637,
  "poles": [
    [
      {
        "real": -65473739584089.29,
        "imag": -115698952933400.6
      },
      {
        "real": 2.81618795739114e+16,
        "imag": 2.0406724271213802e+17
      }
    ]
  ]
}