{
  "attrs": {},
  "name": "CP_M2",
  "frequency_range": null,
  "allow_gain": false,
  "nonlinear_spec": null,
  "modulation_spec": null,
  "viz_spec": null,
  "heat_spec": null,
  "type": "PoleResidue",
  "eps_inf": 3.252087716664817,
  "poles": [
    [
      {
        "real": -221143152543793.53,
        "imag": -386308122548403.1
      },
      {
        "real": 1310005334742177.0,
        "imag": 1.6911367178712448e+17
      }
    ],
    [
      {
        "real": -4464810264408074.0,
        "imag": -3452346070303413.0
      },
      {
        "real": 7945897506828549.0,
        "imag": 1.2692866688906459e+17
      }
    ]
  ]
}