{
  "attrs": {},
  "name": "SCP_M2",
  "frequency_range": null,
  "allow_gain": false,
  "nonlinear_spec": null,
  "modulation_spec": null,
  "viz_spec": null,
  "heat_spec": null,
  "type": "PoleResidue",
  "eps_inf": 0.31351934572959034,
  "poles": [
    [
      {
        "real": -409788928250707.0,
        "imag": -240037146883541.3
      },
      {
        "real": -8956398612804754.0,
        "imag": 3.6236483490426643e+17
      }
    ],
    [
      {
        "real": -2128976616685423.8,
        "imag": -2269684150956745.5
      },
      {
        "real": 5.505847843505646e+16,
        "imag": 2.0668856143089484e+16
      }
    ]
  ]
}