{
  "attrs": {},
  "name": "CP_M3",
  "frequency_range": null,
  "allow_gain": false,
  "nonlinear_spec": null,
  "modulation_spec": null,
  "viz_spec": null,
  "heat_spec": null,
  "type": "PoleResidue",
  "eps_inf": 0.7375063281911236,
  "poles": [
    [
      {
        "real": -604479955433683.0,
        "imag": -588887686666428.1
      },
      {
        "real": 1.0315812936957812e+16,
        "imag": 1.110662047019167e+17
      }
    ],
    [
      {
        "real": -869595987916379.4,
        "imag": -2472330714234428.5
      },
      {
        "real": 1.7526249049010456e+16,
        "imag": -2389307782604860.0
      }
    ],
    [
      {
        "real": -344933930480979.44,
        "imag": -6886589777597278.0
      },
      {
        "real": -9622693298049896.0,
        "imag": 6971705817466547.0
      }
    ]
  ]
}