{
  "attrs": {},
  "name": "RP_M1",
  "frequency_range": null,
  "allow_gain": false,
  "nonlinear_spec": null,
  "modulation_spec": null,
  "viz_spec": null,
  "heat_spec": null,
  "type": "PoleResidue",
  "eps_inf": 2.566635652853018,
  "poles": [
    [
      {
        "real": -650376333647412.1,
        "imag": -1184752026430207.8
      },
      {
        "real": 1.4671402605787852e+16,
        "imag": 2.327851767185958e+16
      }
    ]
  ]
}