{
  "attrs": {},
  "name": "CP_M1",
  "frequency_range": null,
  "allow_gain": false,
  "nonlinear_spec": null,
  "modulation_spec": null,
  "viz_spec": null,
  "heat_spec": null,
  "type": "PoleResidue",
  "eps_inf": 0.5323948771687816,
  "poles": [
    [
      {
        "real": -182898664347254.06,
        "imag": -5975767834339143.0
      },
      {
        "real": 1894940678017402.5,
        "imag": 3.2892373927223104e+16
      }
    ]
  ]
}