{
  "attrs": {},
  "name": "SCP_M3",
  "frequency_range": null,
  "allow_gain": false,
  "nonlinear_spec": null,
  "modulation_spec": null,
  "viz_spec": null,
  "heat_spec": null,
  "type": "PoleResidue",
  "eps_inf": 1.1889801032089466,
  "poles": [
    [
      {
        "real": -1.0980867080110038e+16,
        "imag": -1029855012699814.8
      },
      {
        "real": 8754974242027646.0,
        "imag": -2.5533779925032796e+16
      }
    ],
    [
      {
        "real": -521881319941908.4,
        "imag": -4328602763829086.0
      },
      {
        "real": -144238532396827.2,
        "imag": -167923099822287.47
      }
    ],
    [
      {
        "real": -280654479448391.75,
        "imag": -5725950329684876.0
      },
      {
        "real": 3951127876021101.5,
        "imag": 2.6922519029388868e+16
      }
    ]
  ]
}