{
  "attrs": {},
  "name": "CP_M3",
  "frequency_range": null,
  "allow_gain": false,
  "nonlinear_spec": null,
  "modulation_spec": null,
  "viz_spec": null,
  "heat_spec": null,
  "type": "PoleResidue",
  "eps_inf": 2.4755255717303135,
  "poles": [
    [
      {
        "real": -483381425079327.25,
        "imag": -4472859702577130.0
      },
      {
        "real": -83566113744902.83,
        "imag": -314239406171589.25
      }
    ],
    [
      {
        "real": -229936257791913.44,
        "imag": -5170732131355044.0
      },
      {
        "real": -1885031308489730.8,
        "imag": 279885418405286.47
      }
    ],
    [
      {
        "real": -172261536939259.88,
        "imag": -5709101077872581.0
      },
      {
        "real": 4055962021274021.0,
        "imag": 2.646297539539078e+16
      }
    ]
  ],
  "model_family": "CP",
  "order_N": 3
}