{
  "attrs": {},
  "name": "CP_M1",
  "frequency_range": null,
  "allow_gain": false,
  "nonlinear_spec": null,
  "modulation_spec": null,
  "viz_spec": null,
  "heat_spec": null,
  "type": "PoleResidue",
  "eps_inf": 4.9766485346015745,
  "poles": [
    [
      {
        "real": -29414120744119.008,
        "imag": -789061187773983.6
      },
      {
        "real": 6056564859172682.0,
        "imag": 8.256432255429482e+16
      }
    ]
  ]
}