{
  "attrs": {},
  "name": "SCP_M2",
  "frequency_range": null,
  "allow_gain": false,
  "nonlinear_spec": null,
  "modulation_spec": null,
  "viz_spec": null,
  "heat_spec": null,
  "type": "PoleResidue",
  "eps_inf": 1.2033169147874687,
  "poles": [
    [
      {
        "real": -754048218594.774,
        "imag": -103106295124400.3
      },
      {
        "real": 4865773064998975.0,
        "imag": 7.734178948517998e+17
      }
    ],
    [
      {
        "real": -1281462154194550.2,
        "imag": -3618029624936105.5
      },
      {
        "real": 8968662744185353.0,
        "imag": -1324189409073327.5
      }
    ]
  ]
}