{
  "attrs": {},
  "name": "CP_M2",
  "frequency_range": null,
  "allow_gain": false,
  "nonlinear_spec": null,
  "modulation_spec": null,
  "viz_spec": null,
  "heat_spec": null,
  "type": "PoleResidue",
  "eps_inf": 1.7829732568220036,
  "poles": [
    [
      {
        "real": -19183404572437.285,
        "imag": -759738084007289.6
      },
      {
        "real": -250190616865083.8,
        "imag": 1.0007851412692349e+17
      }
    ],
    [
      {
        "real": -1871115889019790.8,
        "imag": -4649553874093551.0
      },
      {
        "real": 6251697877742377.0,
        "imag": 9859758991466942.0
      }
    ]
  ],
  "model_family": "CP",
  "order_N": 2
}