{
  "attrs": {},
  "name": "SCP_M1",
  "frequency_range": null,
  "allow_gain": false,
  "nonlinear_spec": null,
  "modulation_spec": null,
  "viz_spec": null,
  "heat_spec": null,
  "type": "PoleResidue",
  "eps_inf": 5.215460147314082,
  "poles": [
    [
      {
        "real": -21324176565059.67,
        "imag": -728380452404310.2
      },
      {
        "real": 6254998908027677.0,
        "imag": 9.749360347562085e+16
      }
    ]
  ]
}