{
  "attrs": {},
  "name": "CP_M1",
  "frequency_range": null,
  "allow_gain": false,
  "nonlinear_spec": null,
  "modulation_spec": null,
  "viz_spec": null,
  "heat_spec": null,
  "type": "PoleResidue",
  "eps_inf": 2.705056729640298,
  "poles": [
    [
      {
        "real": -6283185307.179586,
        "imag": -8551193281879862.0
      },
      {
        "real": 8556577127.611381,
        "imag": 6927802627659879.0
      }
    ]
  ]
}