{
  "attrs": {},
  "name": "SCP_M1",
  "frequency_range": null,
  "allow_gain": false,
  "nonlinear_spec": null,
  "modulation_spec": null,
  "viz_spec": null,
  "heat_spec": null,
  "type": "PoleResidue",
  "eps_inf": 2.7121229436588745,
  "poles": [
    [
      {
        "real": -6983011508.009664,
        "imag": -8541125089950454.0
      },
      {
        "real": 9694615050.562397,
        "imag": 6890614747220501.0
      }
    ]
  ]
}