{
  "attrs": {},
  "name": "SCP_M2",
  "frequency_range": null,
  "allow_gain": false,
  "nonlinear_spec": null,
  "modulation_spec": null,
  "viz_spec": null,
  "heat_spec": null,
  "type": "PoleResidue",
  "eps_inf": 2.4937680273772265,
  "poles": [
    [
      {
        "real": -6657992106.900499,
        "imag": -6761343758917792.0
      },
      {
        "real": 4194297236.9515395,
        "imag": 143468661668374.75
      }
    ],
    [
      {
        "real": -6284593721.762367,
        "imag": -9021814156128934.0
      },
      {
        "real": 4482426227.164264,
        "imag": 8054501724212788.0
      }
    ]
  ]
}