{
  "attrs": {},
  "name": "CP_M3",
  "frequency_range": null,
  "allow_gain": false,
  "nonlinear_spec": null,
  "modulation_spec": null,
  "viz_spec": null,
  "heat_spec": null,
  "type": "PoleResidue",
  "eps_inf": 2.7974354076637686,
  "poles": [
    [
      {
        "real": -6283185307.179586,
        "imag": -845002660807368.5
      },
      {
        "real": -387585334.0296477,
        "imag": 20751889426958.78
      }
    ],
    [
      {
        "real": -6283185307.179586,
        "imag": -6681368359429707.0
      },
      {
        "real": 4621744295.010671,
        "imag": 15166512803925.055
      }
    ],
    [
      {
        "real": -6283185307.179586,
        "imag": -8473729815161410.0
      },
      {
        "real": -8478988928.261308,
        "imag": 6508265564367875.0
      }
    ]
  ]
}