{
  "attrs": {},
  "name": "SCP_M1",
  "frequency_range": null,
  "allow_gain": false,
  "nonlinear_spec": null,
  "modulation_spec": null,
  "viz_spec": null,
  "heat_spec": null,
  "type": "PoleResidue",
  "eps_inf": 2.712239116401288,
  "poles": [
    [
      {
        "real": -6421774085.677729,
        "imag": -8540968720020211.0
      },
      {
        "real": 8750477686.770054,
        "imag": 6890014726273011.0
      }
    ]
  ]
}