{
  "attrs": {},
  "name": "SCP_M2",
  "frequency_range": null,
  "allow_gain": false,
  "nonlinear_spec": null,
  "modulation_spec": null,
  "viz_spec": null,
  "heat_spec": null,
  "type": "PoleResidue",
  "eps_inf": 2.487962324826032,
  "poles": [
    [
      {
        "real": -6861705950.074953,
        "imag": -6767975436010195.0
      },
      {
        "real": 4514864944.704965,
        "imag": 148120045414403.84
      }
    ],
    [
      {
        "real": -6394763706.674594,
        "imag": -9036280888321834.0
      },
      {
        "real": 3737907929.5055237,
        "imag": 8087634517475159.0
      }
    ]
  ]
}