{
  "attrs": {},
  "name": "RP_M1",
  "frequency_range": null,
  "allow_gain": false,
  "nonlinear_spec": null,
  "modulation_spec": null,
  "viz_spec": null,
  "heat_spec": null,
  "type": "PoleResidue",
  "eps_inf": 3.2322151244059345,
  "poles": [
    [
      {
        "real": -0.0420652583684711,
        "imag": -7830440679008909.0
      },
      {
        "real": -1704715397.2395132,
        "imag": 4397710445193460.0
      }
    ]
  ]
}