{
  "attrs": {},
  "name": "RP_M2",
  "frequency_range": null,
  "allow_gain": false,
  "nonlinear_spec": null,
  "modulation_spec": null,
  "viz_spec": null,
  "heat_spec": null,
  "type": "PoleResidue",
  "eps_inf": 2.3354829579714798,
  "poles": [
    [
      {
        "real": -628.3185307179587,
        "imag": 9546112098613466.0
      },
      {
        "real": -3029513014.1546702,
        "imag": -8734054248442737.0
      }
    ],
    [
      {
        "real": -628.3185307179587,
        "imag": 7119215944877939.0
      },
      {
        "real": 245975508.8268244,
        "imag": -552617980049148.2
      }
    ]
  ],
  "model_family": "RP",
  "order_N": 2
}