{
  "attrs": {},
  "name": "RP_M1",
  "frequency_range": null,
  "allow_gain": false,
  "nonlinear_spec": null,
  "modulation_spec": null,
  "viz_spec": null,
  "heat_spec": null,
  "type": "PoleResidue",
  "eps_inf": 3.2322167699451843,
  "poles": [
    [
      {
        "real": -0.04203893632202223,
        "imag": -7830435964458526.0
      },
      {
        "real": -1704713241.3899004,
        "imag": 4397701255869792.0
      }
    ]
  ]
}