{
  "attrs": {},
  "name": "SCP_M3",
  "frequency_range": null,
  "allow_gain": false,
  "nonlinear_spec": null,
  "modulation_spec": null,
  "viz_spec": null,
  "heat_spec": null,
  "type": "PoleResidue",
  "eps_inf": 1.535716473629274,
  "poles": [
    [
      {
        "real": -6283185307.807905,
        "imag": -7689522512478612.0
      },
      {
        "real": 26976957315.03186,
        "imag": 2401130303175193.0
      }
    ],
    [
      {
        "real": -6283185307.807905,
        "imag": -1.1266597086037878e+16
      },
      {
        "real": -165396184823.2506,
        "imag": 4179907151419581.0
      }
    ],
    [
      {
        "real": -6283185307.807905,
        "imag": -1.4100414164221714e+16
      },
      {
        "real": 197473136169.8755,
        "imag": 9989577126083730.0
      }
    ]
  ],
  "model_family": "SCP",
  "order_N": 3
}