{
  "attrs": {},
  "name": "SCP_M1",
  "frequency_range": null,
  "allow_gain": false,
  "nonlinear_spec": null,
  "modulation_spec": null,
  "viz_spec": null,
  "heat_spec": null,
  "type": "PoleResidue",
  "eps_inf": 1.184464208953812,
  "poles": [
    [
      {
        "real": -2315984557057245.0,
        "imag": -5250922765625901.0
      },
      {
        "real": 7470488528193409.0,
        "imag": 5.255658297310967e+16
      }
    ]
  ]
}