{
  "attrs": {},
  "name": "SCP_M1",
  "frequency_range": null,
  "allow_gain": false,
  "nonlinear_spec": null,
  "modulation_spec": null,
  "viz_spec": null,
  "heat_spec": null,
  "type": "PoleResidue",
  "eps_inf": 0.3389343672177221,
  "poles": [
    [
      {
        "real": -2973211437349614.5,
        "imag": -5426782638771615.0
      },
      {
        "real": 4543063494955636.0,
        "imag": 7.23274759833368e+16
      }
    ]
  ]
}