{
  "attrs": {},
  "name": "CP_M3",
  "frequency_range": null,
  "allow_gain": false,
  "nonlinear_spec": null,
  "modulation_spec": null,
  "viz_spec": null,
  "heat_spec": null,
  "type": "PoleResidue",
  "eps_inf": 0.3856633881985488,
  "poles": [
    [
      {
        "real": -240188406806740.72,
        "imag": -3515852273767306.0
      },
      {
        "real": -1804966429399756.2,
        "imag": 2852975496250203.5
      }
    ],
    [
      {
        "real": -756850853088299.2,
        "imag": -3605084500229539.5
      },
      {
        "real": 8997728110176309.0,
        "imag": 6672990393413730.0
      }
    ],
    [
      {
        "real": -1507290026345335.5,
        "imag": -6591966925087300.0
      },
      {
        "real": -6681873259822763.0,
        "imag": 3.5719446095308244e+16
      }
    ]
  ]
}