{
  "attrs": {},
  "name": "SCP_M1",
  "frequency_range": null,
  "allow_gain": false,
  "nonlinear_spec": null,
  "modulation_spec": null,
  "viz_spec": null,
  "heat_spec": null,
  "type": "PoleResidue",
  "eps_inf": 0.8483137107433324,
  "poles": [
    [
      {
        "real": -3678017980374061.0,
        "imag": -5148349629289059.0
      },
      {
        "real": 1.6858133797695546e+16,
        "imag": 7.312711591898512e+16
      }
    ]
  ],
  "model_family": "SCP",
  "order_N": 1
}