{
  "attrs": {},
  "name": "CP_M3",
  "frequency_range": null,
  "allow_gain": false,
  "nonlinear_spec": null,
  "modulation_spec": null,
  "viz_spec": null,
  "heat_spec": null,
  "type": "PoleResidue",
  "eps_inf": 0.42108079463379716,
  "poles": [
    [
      {
        "real": -608052467159370.2,
        "imag": -297410019268009.5
      },
      {
        "real": 2.685112590266426e+16,
        "imag": 1.219935910636922e+18
      }
    ],
    [
      {
        "real": -609921691896540.4,
        "imag": -1618637569515450.2
      },
      {
        "real": -3.2555498141658304e+16,
        "imag": 3359870576550170.5
      }
    ],
    [
      {
        "real": -1844751971953947.8,
        "imag": -3173196759730916.0
      },
      {
        "real": 1.275053399306772e+16,
        "imag": -1.772241217434209e+16
      }
    ]
  ]
}