{
  "attrs": {},
  "name": "SCP_M2",
  "frequency_range": null,
  "allow_gain": false,
  "nonlinear_spec": null,
  "modulation_spec": null,
  "viz_spec": null,
  "heat_spec": null,
  "type": "PoleResidue",
  "eps_inf": 1.8530329097517084,
  "poles": [
    [
      {
        "real": -286573705209499.56,
        "imag": -85677329717786.98
      },
      {
        "real": 5.988695827891798e+16,
        "imag": 2.610264740812652e+18
      }
    ],
    [
      {
        "real": -642495345841089.1,
        "imag": -1722935352007138.5
      },
      {
        "real": -5.264433775940529e+16,
        "imag": 3.058425914105061e+16
      }
    ]
  ]
}