{
  "attrs": {},
  "name": "CP_M2",
  "frequency_range": null,
  "allow_gain": false,
  "nonlinear_spec": null,
  "modulation_spec": null,
  "viz_spec": null,
  "heat_spec": null,
  "type": "PoleResidue",
  "eps_inf": 2.560782932581488,
  "poles": [
    [
      {
        "real": -414175582119881.9,
        "imag": -512851894586568.75
      },
      {
        "real": 4.989982762101386e+16,
        "imag": 5.209457750970055e+17
      }
    ],
    [
      {
        "real": -616672228191992.5,
        "imag": -1659078330972897.0
      },
      {
        "real": -4.71770761675247e+16,
        "imag": 1.8731987310319436e+16
      }
    ]
  ]
}