{
  "attrs": {},
  "name": "CP_M3",
  "frequency_range": null,
  "allow_gain": false,
  "nonlinear_spec": null,
  "modulation_spec": null,
  "viz_spec": null,
  "heat_spec": null,
  "type": "PoleResidue",
  "eps_inf": 3.2901723826006357,
  "poles": [
    [
      {
        "real": -414175582119881.9,
        "imag": -512851894586568.75
      },
      {
        "real": 3.890386224674685e+16,
        "imag": 6.567721790254598e+17
      }
    ],
    [
      {
        "real": -616672228191992.5,
        "imag": -1659078330972897.0
      },
      {
        "real": -6.375275511259264e+16,
        "imag": -3.5818143556144916e+16
      }
    ],
    [
      {
        "real": -309421479424068.25,
        "imag": -1708240260967054.0
      },
      {
        "real": 2.8785472750338132e+16,
        "imag": 1.5170833190580852e+16
      }
    ]
  ]
}