{
  "attrs": {},
  "name": "SCP_M3",
  "frequency_range": null,
  "allow_gain": false,
  "nonlinear_spec": null,
  "modulation_spec": null,
  "viz_spec": null,
  "heat_spec": null,
  "type": "PoleResidue",
  "eps_inf": 3.2208341425135814,
  "poles": [
    [
      {
        "real": -381085613088347.2,
        "imag": -1322868535488271.5
      },
      {
        "real": 2.0527582371521341e+18,
        "imag": 1.5918470817847455e+18
      }
    ],
    [
      {
        "real": -39665042466.89095,
        "imag": -1095231350134361.6
      },
      {
        "real": -1.749898265705786e+17,
        "imag": 2.7849300208292403e+17
      }
    ],
    [
      {
        "real": -403583157175137.75,
        "imag": -1312990525038188.0
      },
      {
        "real": -1.872367517303634e+18,
        "imag": -1.5814452456857288e+18
      }
    ]
  ],
  "model_family": "SCP",
  "order_N": 3
}