{
  "attrs": {},
  "name": "CP_M1",
  "frequency_range": null,
  "allow_gain": false,
  "nonlinear_spec": null,
  "modulation_spec": null,
  "viz_spec": null,
  "heat_spec": null,
  "type": "PoleResidue",
  "eps_inf": 5.4484509816298,
  "poles": [
    [
      {
        "real": -44252798864336.01,
        "imag": -880137273654075.9
      },
      {
        "real": 6213600938396569.0,
        "imag": 7.83705998761492e+16
      }
    ]
  ]
}