{
  "attrs": {},
  "name": "SCP_M1",
  "frequency_range": null,
  "allow_gain": false,
  "nonlinear_spec": null,
  "modulation_spec": null,
  "viz_spec": null,
  "heat_spec": null,
  "type": "PoleResidue",
  "eps_inf": 4.716254043440228,
  "poles": [
    [
      {
        "real": -30620092533400.027,
        "imag": -683031689857169.4
      },
      {
        "real": 6759476103897321.0,
        "imag": 9.631890648714731e+16
      }
    ]
  ]
}