{
  "attrs": {},
  "name": "SCP_M3",
  "frequency_range": null,
  "allow_gain": false,
  "nonlinear_spec": null,
  "modulation_spec": null,
  "viz_spec": null,
  "heat_spec": null,
  "type": "PoleResidue",
  "eps_inf": 1.4055574008787641,
  "poles": [
    [
      {
        "real": -73400408228870.8,
        "imag": -97593784358850.94
      },
      {
        "real": -1308026165779011.5,
        "imag": 9.759378435885088e+17
      }
    ],
    [
      {
        "real": -606112266376388.0,
        "imag": -3992544383594470.5
      },
      {
        "real": 1573257518850323.8,
        "imag": 995478110550954.2
      }
    ],
    [
      {
        "real": -2970056008374089.5,
        "imag": -5422545731780044.0
      },
      {
        "real": 8205811235480575.0,
        "imag": 1.487965283097246e+16
      }
    ]
  ]
}