{
  "attrs": {},
  "name": "SCP_M3",
  "frequency_range": null,
  "allow_gain": false,
  "nonlinear_spec": null,
  "modulation_spec": null,
  "viz_spec": null,
  "heat_spec": null,
  "type": "PoleResidue",
  "eps_inf": 1.406079526287329,
  "poles": [
    [
      {
        "real": -73388978389065.52,
        "imag": -97593214305966.52
      },
      {
        "real": -1307022654449350.0,
        "imag": 9.759321430595843e+17
      }
    ],
    [
      {
        "real": -606240130828555.6,
        "imag": -3992591222809382.5
      },
      {
        "real": 1573611392706163.5,
        "imag": 996091269588187.6
      }
    ],
    [
      {
        "real": -2969633324290601.0,
        "imag": -5423013270809824.0
      },
      {
        "real": 8201913018671208.0,
        "imag": 1.4877177293800556e+16
      }
    ]
  ]
}