{
  "attrs": {},
  "name": "SCP_M2",
  "frequency_range": null,
  "allow_gain": false,
  "nonlinear_spec": null,
  "modulation_spec": null,
  "viz_spec": null,
  "heat_spec": null,
  "type": "PoleResidue",
  "eps_inf": 1.0067022221088606,
  "poles": [
    [
      {
        "real": -2298839027831.8906,
        "imag": -162420184438498.6
      },
      {
        "real": 5809027734797773.0,
        "imag": 5.269386422827936e+17
      }
    ],
    [
      {
        "real": -1421158564298513.5,
        "imag": -3610252844187083.0
      },
      {
        "real": 1.1010540254045062e+16,
        "imag": -2417401966965063.0
      }
    ]
  ]
}