{
  "attrs": {},
  "name": "CP_M3",
  "frequency_range": null,
  "allow_gain": false,
  "nonlinear_spec": null,
  "modulation_spec": null,
  "viz_spec": null,
  "heat_spec": null,
  "type": "PoleResidue",
  "eps_inf": 0.9135950120189065,
  "poles": [
    [
      {
        "real": -448305949954908.5,
        "imag": -5190507099179387.0
      },
      {
        "real": 867842548627407.5,
        "imag": 1203509385545054.0
      }
    ],
    [
      {
        "real": -606130898917195.9,
        "imag": -6265601046957309.0
      },
      {
        "real": 1757343462051819.2,
        "imag": 2157308891144354.5
      }
    ],
    [
      {
        "real": -3774464279001363.0,
        "imag": -1.0473795587697598e+16
      },
      {
        "real": 4554667706853656.0,
        "imag": 1.8311903133514784e+16
      }
    ]
  ]
}