{
  "attrs": {},
  "name": "SCP_M2",
  "frequency_range": null,
  "allow_gain": false,
  "nonlinear_spec": null,
  "modulation_spec": null,
  "viz_spec": null,
  "heat_spec": null,
  "type": "PoleResidue",
  "eps_inf": 1.2696098478927005,
  "poles": [
    [
      {
        "real": -219111472560966.03,
        "imag": -514407434095504.44
      },
      {
        "real": 7839027074914260.0,
        "imag": 6.061509542104483e+16
      }
    ],
    [
      {
        "real": -2091948766051137.2,
        "imag": -4340074047818227.0
      },
      {
        "real": 9242737782877700.0,
        "imag": -3488629231210690.5
      }
    ]
  ]
}