{
  "attrs": {},
  "name": "CP_M2",
  "frequency_range": null,
  "allow_gain": false,
  "nonlinear_spec": null,
  "modulation_spec": null,
  "viz_spec": null,
  "heat_spec": null,
  "type": "PoleResidue",
  "eps_inf": 2.3482665141913563,
  "poles": [
    [
      {
        "real": -131951483946511.12,
        "imag": -398762571801237.75
      },
      {
        "real": 2.4833998312098304e+16,
        "imag": 4.020329853178787e+16
      }
    ],
    [
      {
        "real": -2206387150179347.8,
        "imag": -1480441596459421.5
      },
      {
        "real": -8840204264264672.0,
        "imag": -4.2995493279958536e+16
      }
    ]
  ]
}