{
  "attrs": {},
  "name": "SCP_M3",
  "frequency_range": null,
  "allow_gain": false,
  "nonlinear_spec": null,
  "modulation_spec": null,
  "viz_spec": null,
  "heat_spec": null,
  "type": "PoleResidue",
  "eps_inf": 0.3480394475738909,
  "poles": [
    [
      {
        "real": -181571765867202.1,
        "imag": -85627656519279.5
      },
      {
        "real": 2.7697210327868332e+16,
        "imag": 1.9059111259968736e+17
      }
    ],
    [
      {
        "real": -2629983393717858.0,
        "imag": -574731115515935.8
      },
      {
        "real": -2480628928248281.5,
        "imag": -1.7295269819772413e+17
      }
    ],
    [
      {
        "real": -884288528999597.1,
        "imag": -3851035984289483.0
      },
      {
        "real": -249365099241398.7,
        "imag": -1749122784273715.2
      }
    ]
  ]
}