{
  "attrs": {},
  "name": "SCP_M3",
  "frequency_range": null,
  "allow_gain": false,
  "nonlinear_spec": null,
  "modulation_spec": null,
  "viz_spec": null,
  "heat_spec": null,
  "type": "PoleResidue",
  "eps_inf": 0.3363839236050512,
  "poles": [
    [
      {
        "real": -440328137971807.8,
        "imag": -124852210778729.73
      },
      {
        "real": 660420122741190.1,
        "imag": 3.549519655823961e+17
      }
    ],
    [
      {
        "real": -741284506014588.1,
        "imag": -4122596711162347.0
      },
      {
        "real": 759451898586911.1,
        "imag": -839346685654306.1
      }
    ],
    [
      {
        "real": -6644237992115811.0,
        "imag": -5354092901428148.0
      },
      {
        "real": 1.897714729282189e+16,
        "imag": 2.0725910276584492e+16
      }
    ]
  ]
}