{
  "attrs": {},
  "name": "RP_M2",
  "frequency_range": null,
  "allow_gain": false,
  "nonlinear_spec": null,
  "modulation_spec": null,
  "viz_spec": null,
  "heat_spec": null,
  "type": "PoleResidue",
  "eps_inf": 2.263661547838178,
  "poles": [
    [
      {
        "real": -216268855932958.8,
        "imag": -927720768155238.6
      },
      {
        "real": 5845431068220186.0,
        "imag": 2.894752473977621e+16
      }
    ],
    [
      {
        "real": -1098850726338769.1,
        "imag": -4015968569701811.0
      },
      {
        "real": 3232616911803121.5,
        "imag": -1014307711608291.5
      }
    ]
  ]
}