{
  "attrs": {},
  "name": "RP_M2",
  "frequency_range": null,
  "allow_gain": false,
  "nonlinear_spec": null,
  "modulation_spec": null,
  "viz_spec": null,
  "heat_spec": null,
  "type": "PoleResidue",
  "eps_inf": 2.11161014715802,
  "poles": [
    [
      {
        "real": -1729212873580951.5,
        "imag": 4475562972531067.0
      },
      {
        "real": 6755016366978080.0,
        "imag": 728927084107237.1
      }
    ],
    [
      {
        "real": -293144826572243.94,
        "imag": 437473716328747.44
      },
      {
        "real": 6189725807855297.0,
        "imag": -7.959345859765066e+16
      }
    ]
  ],
  "model_family": "RP",
  "order_N": 2
}