{
  "attrs": {},
  "name": "CP_M3",
  "frequency_range": null,
  "allow_gain": false,
  "nonlinear_spec": null,
  "modulation_spec": null,
  "viz_spec": null,
  "heat_spec": null,
  "type": "PoleResidue",
  "eps_inf": 1.9102776336025353,
  "poles": [
    [
      {
        "real": -959486642838757.4,
        "imag": -291148348798841.5
      },
      {
        "real": 4211750649973293.0,
        "imag": 1.4583408009067926e+16
      }
    ],
    [
      {
        "real": -152688425532079.1,
        "imag": -3559087402532674.5
      },
      {
        "real": 28502940123940.746,
        "imag": 59141303027114.734
      }
    ],
    [
      {
        "real": -924296301631967.9,
        "imag": -6819970206917884.0
      },
      {
        "real": -2364975254768704.5,
        "imag": 3125723444334336.5
      }
    ]
  ]
}