{
  "attrs": {},
  "name": "CP_M2",
  "frequency_range": null,
  "allow_gain": false,
  "nonlinear_spec": null,
  "modulation_spec": null,
  "viz_spec": null,
  "heat_spec": null,
  "type": "PoleResidue",
  "eps_inf": 2.0957061367421383,
  "poles": [
    [
      {
        "real": -880841128418466.5,
        "imag": -195529198051060.16
      },
      {
        "real": 4448841402443392.0,
        "imag": 1.7800193589199314e+16
      }
    ],
    [
      {
        "real": -798250639462302.6,
        "imag": -6803268141717070.0
      },
      {
        "real": -2518395170208995.0,
        "imag": 2522358874782359.0
      }
    ]
  ]
}