{
  "attrs": {},
  "name": "SCP_M3",
  "frequency_range": null,
  "allow_gain": false,
  "nonlinear_spec": null,
  "modulation_spec": null,
  "viz_spec": null,
  "heat_spec": null,
  "type": "PoleResidue",
  "eps_inf": 1.8582343353677964,
  "poles": [
    [
      {
        "real": -493659251317309.1,
        "imag": -85622754006695.05
      },
      {
        "real": 2.1320689430247196e+16,
        "imag": -2175932446049166.0
      }
    ],
    [
      {
        "real": -742168559800902.0,
        "imag": -465897586061802.7
      },
      {
        "real": -1.585117059477477e+16,
        "imag": -8619608996424401.0
      }
    ],
    [
      {
        "real": -1349225467079090.0,
        "imag": -7693270358714747.0
      },
      {
        "real": -3642734365812278.5,
        "imag": 3877161096887845.0
      }
    ]
  ]
}