{
  "attrs": {},
  "name": "SCP_M2",
  "frequency_range": null,
  "allow_gain": false,
  "nonlinear_spec": null,
  "modulation_spec": null,
  "viz_spec": null,
  "heat_spec": null,
  "type": "PoleResidue",
  "eps_inf": 0.48642896722574247,
  "poles": [
    [
      {
        "real": -474344175848760.56,
        "imag": -86065864624209.52
      },
      {
        "real": 4084912225682783.5,
        "imag": 2.2173609955618156e+16
      }
    ],
    [
      {
        "real": -4644022400501882.0,
        "imag": -9224111611053828.0
      },
      {
        "real": -4076911715862257.0,
        "imag": 1.761292536754739e+16
      }
    ]
  ]
}