{
  "attrs": {},
  "name": "CP_M1",
  "frequency_range": null,
  "allow_gain": false,
  "nonlinear_spec": null,
  "modulation_spec": null,
  "viz_spec": null,
  "heat_spec": null,
  "type": "PoleResidue",
  "eps_inf": 7.446571223778018,
  "poles": [
    [
      {
        "real": -6283185307.179586,
        "imag": -9857513725202464.0
      },
      {
        "real": -2455270275.04917,
        "imag": 225455850658302.56
      }
    ]
  ]
}