{
  "attrs": {},
  "name": "CP_M2",
  "frequency_range": null,
  "allow_gain": false,
  "nonlinear_spec": null,
  "modulation_spec": null,
  "viz_spec": null,
  "heat_spec": null,
  "type": "PoleResidue",
  "eps_inf": 7.446995091725076,
  "poles": [
    [
      {
        "real": -6283185307.179586,
        "imag": -7625545186462860.0
      },
      {
        "real": 362917677.6906259,
        "imag": -663981322331.182
      }
    ],
    [
      {
        "real": -6283185307.179586,
        "imag": -9808655326667964.0
      },
      {
        "real": -3043736536.8907313,
        "imag": 223134561241027.6
      }
    ]
  ]
}