{
  "attrs": {},
  "name": "SCP_M2",
  "frequency_range": null,
  "allow_gain": false,
  "nonlinear_spec": null,
  "modulation_spec": null,
  "viz_spec": null,
  "heat_spec": null,
  "type": "PoleResidue",
  "eps_inf": 7.446982981483366,
  "poles": [
    [
      {
        "real": -6283185307.807905,
        "imag": -7625545186462860.0
      },
      {
        "real": -94979396.20089766,
        "imag": -696878409317.3195
      }
    ],
    [
      {
        "real": -6283185307.807905,
        "imag": -9808655326667964.0
      },
      {
        "real": -114335575.33748278,
        "imag": 223234814002435.06
      }
    ]
  ]
}