{
  "attrs": {},
  "name": "SCP_M3",
  "frequency_range": null,
  "allow_gain": false,
  "nonlinear_spec": null,
  "modulation_spec": null,
  "viz_spec": null,
  "heat_spec": null,
  "type": "PoleResidue",
  "eps_inf": 7.446618622009559,
  "poles": [
    [
      {
        "real": -68750839563.46188,
        "imag": -3330399925589589.0
      },
      {
        "real": -240979.93584753797,
        "imag": 6557697.870241472
      }
    ],
    [
      {
        "real": -6283185311.465005,
        "imag": -8013127115831451.0
      },
      {
        "real": -164359770.7373528,
        "imag": -113398774725.05544
      }
    ],
    [
      {
        "real": -6310808948.697104,
        "imag": -9851576221934766.0
      },
      {
        "real": -20766100.3561594,
        "imag": 225228275187073.84
      }
    ]
  ]
}