{
  "attrs": {},
  "name": "CP_M3",
  "frequency_range": null,
  "allow_gain": false,
  "nonlinear_spec": null,
  "modulation_spec": null,
  "viz_spec": null,
  "heat_spec": null,
  "type": "PoleResidue",
  "eps_inf": 7.383301237571281,
  "poles": [
    [
      {
        "real": -6283185307.179586,
        "imag": -9712934237608776.0
      },
      {
        "real": -1579665350.3978088,
        "imag": 204378164667011.28
      }
    ],
    [
      {
        "real": -6283185307.179586,
        "imag": -5.02319721357984e+16
      },
      {
        "real": -6205248271.120702,
        "imag": 1286457771081089.8
      }
    ],
    [
      {
        "real": -6283185307.179586,
        "imag": -5.02319721357984e+16
      },
      {
        "real": -15884634574.888378,
        "imag": 394383556345645.2
      }
    ]
  ]
}