{
  "attrs": {},
  "name": "RP_M2",
  "frequency_range": null,
  "allow_gain": false,
  "nonlinear_spec": null,
  "modulation_spec": null,
  "viz_spec": null,
  "heat_spec": null,
  "type": "PoleResidue",
  "eps_inf": 7.446606333751057,
  "poles": [
    [
      {
        "real": -628.3185307179587,
        "imag": 9854880585872280.0
      },
      {
        "real": -2748616509.884461,
        "imag": -225226678129218.0
      }
    ],
    [
      {
        "real": -628.3185307179587,
        "imag": 3112549879619891.5
      },
      {
        "real": -107069.65547432385,
        "imag": -12602433.76719021
      }
    ]
  ],
  "model_family": "RP",
  "order_N": 2
}