{
  "attrs": {},
  "name": "SCP_M2",
  "frequency_range": null,
  "allow_gain": false,
  "nonlinear_spec": null,
  "modulation_spec": null,
  "viz_spec": null,
  "heat_spec": null,
  "type": "PoleResidue",
  "eps_inf": 7.4466754259042345,
  "poles": [
    [
      {
        "real": -6283185307.807905,
        "imag": -8945888428795944.0
      },
      {
        "real": 617122914.9739966,
        "imag": -2611514930828.792
      }
    ],
    [
      {
        "real": -6283185307.807905,
        "imag": -9835467336981296.0
      },
      {
        "real": -1189813541.758395,
        "imag": 227316454910016.72
      }
    ]
  ],
  "model_family": "SCP",
  "order_N": 2
}