{
  "attrs": {},
  "name": "CP_M1",
  "frequency_range": null,
  "allow_gain": false,
  "nonlinear_spec": null,
  "modulation_spec": null,
  "viz_spec": null,
  "heat_spec": null,
  "type": "PoleResidue",
  "eps_inf": 6.153759433388442,
  "poles": [
    [
      {
        "real": -887997605498691.9,
        "imag": -4578337066458044.0
      },
      {
        "real": 2968090825033106.0,
        "imag": 1.964027362965972e+16
      }
    ]
  ]
}