{
  "attrs": {},
  "name": "SCP_M1",
  "frequency_range": null,
  "allow_gain": false,
  "nonlinear_spec": null,
  "modulation_spec": null,
  "viz_spec": null,
  "heat_spec": null,
  "type": "PoleResidue",
  "eps_inf": 5.181403208710932,
  "poles": [
    [
      {
        "real": -925762154735484.8,
        "imag": -4430642785629763.0
      },
      {
        "real": 6095060359567873.0,
        "imag": 1.929904625627078e+16
      }
    ]
  ]
}