{
  "attrs": {},
  "name": "CP_M3",
  "frequency_range": null,
  "allow_gain": false,
  "nonlinear_spec": null,
  "modulation_spec": null,
  "viz_spec": null,
  "heat_spec": null,
  "type": "PoleResidue",
  "eps_inf": 4.4340789066381525,
  "poles": [
    [
      {
        "real": -443156839125374.94,
        "imag": -3693229112015210.5
      },
      {
        "real": -1704546984220356.0,
        "imag": 1943190814752626.8
      }
    ],
    [
      {
        "real": -154697721930838.56,
        "imag": -4306966242724879.0
      },
      {
        "real": 53171383313375.06,
        "imag": 1746289415563059.0
      }
    ],
    [
      {
        "real": -887997605498691.9,
        "imag": -4578337066458044.0
      },
      {
        "real": 8860685557326208.0,
        "imag": 1.6223536258088718e+16
      }
    ]
  ]
}