{
  "attrs": {},
  "name": "RP_M1",
  "frequency_range": null,
  "allow_gain": false,
  "nonlinear_spec": null,
  "modulation_spec": null,
  "viz_spec": null,
  "heat_spec": null,
  "type": "PoleResidue",
  "eps_inf": 9.631742164796089,
  "poles": [
    [
      {
        "real": -546209662416561.1,
        "imag": -4378264216168189.0
      },
      {
        "real": 1393786703575827.8,
        "imag": 1.2727589210085652e+16
      }
    ]
  ]
}