{
  "attrs": {},
  "name": "SCP_M3",
  "frequency_range": null,
  "allow_gain": false,
  "nonlinear_spec": null,
  "modulation_spec": null,
  "viz_spec": null,
  "heat_spec": null,
  "type": "PoleResidue",
  "eps_inf": 6.186791751577109,
  "poles": [
    [
      {
        "real": -280565037442997.3,
        "imag": -4608857971676352.0
      },
      {
        "real": -1304453095539070.0,
        "imag": -1623429882752542.5
      }
    ],
    [
      {
        "real": -785805021178057.6,
        "imag": -4647596465088909.0
      },
      {
        "real": 4831140843020085.0,
        "imag": 2.1728699221628556e+16
      }
    ],
    [
      {
        "real": -168974014952285.3,
        "imag": -4722106589962461.0
      },
      {
        "real": -566254461000919.6,
        "imag": -400588012107937.8
      }
    ]
  ],
  "model_family": "SCP",
  "order_N": 3
}