{
  "attrs": {},
  "name": "SCP_M3",
  "frequency_range": null,
  "allow_gain": false,
  "nonlinear_spec": null,
  "modulation_spec": null,
  "viz_spec": null,
  "heat_spec": null,
  "type": "PoleResidue",
  "eps_inf": 4.626269835020993,
  "poles": [
    [
      {
        "real": -3245225731666.6733,
        "imag": -3580934807790607.0
      },
      {
        "real": 7718778071.739637,
        "imag": 10117872189.497108
      }
    ],
    [
      {
        "real": -3261902681816817.5,
        "imag": -5891919634429769.0
      },
      {
        "real": -79287211637081.95,
        "imag": 26111383855154.336
      }
    ],
    [
      {
        "real": -3303435931762860.0,
        "imag": -5839645925412838.0
      },
      {
        "real": 80471937229759.19,
        "imag": -24756364605324.58
      }
    ]
  ]
}