{
  "attrs": {},
  "name": "CP_M2",
  "frequency_range": null,
  "allow_gain": false,
  "nonlinear_spec": null,
  "modulation_spec": null,
  "viz_spec": null,
  "heat_spec": null,
  "type": "PoleResidue",
  "eps_inf": 0.824651326336554,
  "poles": [
    [
      {
        "real": -202986792470485.84,
        "imag": -572136211819379.6
      },
      {
        "real": 2374430565262346.5,
        "imag": 8.665304494288219e+16
      }
    ],
    [
      {
        "real": -1876871383858630.5,
        "imag": -5624089258832053.0
      },
      {
        "real": 5379507976072401.0,
        "imag": 6674045368570609.0
      }
    ]
  ],
  "model_family": "CP",
  "order_N": 2
}