{
  "attrs": {},
  "name": "CP_M3",
  "frequency_range": null,
  "allow_gain": false,
  "nonlinear_spec": null,
  "modulation_spec": null,
  "viz_spec": null,
  "heat_spec": null,
  "type": "PoleResidue",
  "eps_inf": 0.8942238082668692,
  "poles": [
    [
      {
        "real": -203602920050282.66,
        "imag": -572132329468354.0
      },
      {
        "real": 2228227552312206.0,
        "imag": 8.74186671023235e+16
      }
    ],
    [
      {
        "real": -30570809523588.6,
        "imag": -2111404309085972.2
      },
      {
        "real": 43165915074945.02,
        "imag": 6004639344969.342
      }
    ],
    [
      {
        "real": -1877870223854081.5,
        "imag": -5623373934949002.0
      },
      {
        "real": 5298639656430369.0,
        "imag": 6744894906270810.0
      }
    ]
  ]
}