{
  "attrs": {},
  "name": "RP_M3",
  "frequency_range": null,
  "allow_gain": false,
  "nonlinear_spec": null,
  "modulation_spec": null,
  "viz_spec": null,
  "heat_spec": null,
  "type": "PoleResidue",
  "eps_inf": 3.0553724615689575,
  "poles": [
    [
      {
        "real": -512503257735964.56,
        "imag": 2985685030654944.5
      },
      {
        "real": 207716489377402.9,
        "imag": 1303736572822110.2
      }
    ],
    [
      {
        "real": -102929118818156.64,
        "imag": 2139382950627281.0
      },
      {
        "real": 118558659621847.62,
        "imag": 16767822983441.059
      }
    ],
    [
      {
        "real": -63415471596331.766,
        "imag": 811303729260960.9
      },
      {
        "real": 6500368514746500.0,
        "imag": -4.999268522620495e+16
      }
    ]
  ],
  "model_family": "RP",
  "order_N": 3
}