{
  "attrs": {},
  "name": "RP_M1",
  "frequency_range": null,
  "allow_gain": false,
  "nonlinear_spec": null,
  "modulation_spec": null,
  "viz_spec": null,
  "heat_spec": null,
  "type": "PoleResidue",
  "eps_inf": 4.148615257636176,
  "poles": [
    [
      {
        "real": -255178898624186.6,
        "imag": -790105142041969.9
      },
      {
        "real": 1023615568377146.8,
        "imag": 5.928398236944683e+16
      }
    ]
  ]
}