{
  "attrs": {},
  "name": "RP_M1",
  "frequency_range": null,
  "allow_gain": false,
  "nonlinear_spec": null,
  "modulation_spec": null,
  "viz_spec": null,
  "heat_spec": null,
  "type": "PoleResidue",
  "eps_inf": 4.148250566546731,
  "poles": [
    [
      {
        "real": -255417705206330.72,
        "imag": -790223035779970.0
      },
      {
        "real": 1017771971433856.2,
        "imag": 5.9275940589233096e+16
      }
    ]
  ]
}