{
  "attrs": {},
  "name": "RP_M2",
  "frequency_range": null,
  "allow_gain": false,
  "nonlinear_spec": null,
  "modulation_spec": null,
  "viz_spec": null,
  "heat_spec": null,
  "type": "PoleResidue",
  "eps_inf": 3.781675176908393,
  "poles": [
    [
      {
        "real": -27377642842226.258,
        "imag": 2430511298878750.5
      },
      {
        "real": -62225603791992.5,
        "imag": -448373485967.39636
      }
    ],
    [
      {
        "real": -46632090919617.41,
        "imag": 850916087052477.0
      },
      {
        "real": 5640733637687916.0,
        "imag": -4.919797017713263e+16
      }
    ]
  ],
  "model_family": "RP",
  "order_N": 2
}