{
  "attrs": {},
  "name": "RP_M3",
  "frequency_range": null,
  "allow_gain": false,
  "nonlinear_spec": null,
  "modulation_spec": null,
  "viz_spec": null,
  "heat_spec": null,
  "type": "PoleResidue",
  "eps_inf": 0.7110879361619185,
  "poles": [
    [
      {
        "real": -1925740645643615.8,
        "imag": -5891601131827640.0
      },
      {
        "real": 7024088815197849.0,
        "imag": 4808572823324734.0
      }
    ],
    [
      {
        "real": -85102910942003.03,
        "imag": -610160107518426.5
      },
      {
        "real": 5569049100255438.0,
        "imag": 7.585114233156262e+16
      }
    ],
    [
      {
        "real": -43507469582280.06,
        "imag": -2103742533886680.8
      },
      {
        "real": 13842860478576.99,
        "imag": 1727219935221.386
      }
    ]
  ]
}