{
  "attrs": {},
  "name": "CP_M1",
  "frequency_range": null,
  "allow_gain": false,
  "nonlinear_spec": null,
  "modulation_spec": null,
  "viz_spec": null,
  "heat_spec": null,
  "type": "PoleResidue",
  "eps_inf": 6.089212817654907,
  "poles": [
    [
      {
        "real": -92433784630996.31,
        "imag": -497788287285228.4
      },
      {
        "real": 5772856136303146.0,
        "imag": 1.3988271902920658e+17
      }
    ]
  ]
}