{
  "attrs": {},
  "name": "SCP_M1",
  "frequency_range": null,
  "allow_gain": false,
  "nonlinear_spec": null,
  "modulation_spec": null,
  "viz_spec": null,
  "heat_spec": null,
  "type": "PoleResidue",
  "eps_inf": 6.506149753861608,
  "poles": [
    [
      {
        "real": -9409634210708.516,
        "imag": -485737569149398.4
      },
      {
        "real": 6924732582327261.0,
        "imag": 1.5446620893360067e+17
      }
    ]
  ]
}