{
  "attrs": {},
  "name": "CP_M2",
  "frequency_range": null,
  "allow_gain": false,
  "nonlinear_spec": null,
  "modulation_spec": null,
  "viz_spec": null,
  "heat_spec": null,
  "type": "PoleResidue",
  "eps_inf": 0.575853314447525,
  "poles": [
    [
      {
        "real": -44507816625315.23,
        "imag": -487785846960969.0
      },
      {
        "real": -2803392854621744.0,
        "imag": 1.677513286232952e+17
      }
    ],
    [
      {
        "real": -3319735782552051.0,
        "imag": -4953125701038100.0
      },
      {
        "real": 1.2473959373794848e+16,
        "imag": 2.23505252471369e+16
      }
    ]
  ]
}