{
  "attrs": {},
  "name": "SCP_M2",
  "frequency_range": null,
  "allow_gain": false,
  "nonlinear_spec": null,
  "modulation_spec": null,
  "viz_spec": null,
  "heat_spec": null,
  "type": "PoleResidue",
  "eps_inf": 0.8876987728429341,
  "poles": [
    [
      {
        "real": -484704648228.759,
        "imag": -133746174500406.31
      },
      {
        "real": 5560858085065268.0,
        "imag": 5.5834655651709344e+17
      }
    ],
    [
      {
        "real": -1451983031530034.5,
        "imag": -3797178980198276.0
      },
      {
        "real": 1.02790963722953e+16,
        "imag": -643365863659613.0
      }
    ]
  ]
}