{
  "attrs": {},
  "name": "SCP_M3",
  "frequency_range": null,
  "allow_gain": false,
  "nonlinear_spec": null,
  "modulation_spec": null,
  "viz_spec": null,
  "heat_spec": null,
  "type": "PoleResidue",
  "eps_inf": 2.643430880397329,
  "poles": [
    [
      {
        "real": -60824438728627.15,
        "imag": -90905925617897.95
      },
      {
        "real": -72639034346415.83,
        "imag": 9.090592561143909e+17
      }
    ],
    [
      {
        "real": -2721022579067449.0,
        "imag": -6163761966758064.0
      },
      {
        "real": -832123092629867.6,
        "imag": 1.5897540323646266e+16
      }
    ],
    [
      {
        "real": -550880296752707.0,
        "imag": -4007349908326769.5
      },
      {
        "real": 1359383671170262.0,
        "imag": 622179354103278.9
      }
    ]
  ]
}