{
  "attrs": {},
  "name": "SCP_M3",
  "frequency_range": null,
  "allow_gain": false,
  "nonlinear_spec": null,
  "modulation_spec": null,
  "viz_spec": null,
  "heat_spec": null,
  "type": "PoleResidue",
  "eps_inf": 2.4198189591179498,
  "poles": [
    [
      {
        "real": -63359296033201.77,
        "imag": -85622708537737.23
      },
      {
        "real": -203613256949675.25,
        "imag": 9.670387434574879e+17
      }
    ],
    [
      {
        "real": -2738902915067402.5,
        "imag": -6013138768411927.0
      },
      {
        "real": 636425754120649.5,
        "imag": 1.5899746570853544e+16
      }
    ],
    [
      {
        "real": -540380866329338.2,
        "imag": -4015191524551422.5
      },
      {
        "real": 1285440875686459.5,
        "imag": 633253301763645.1
      }
    ]
  ]
}