{
  "attrs": {},
  "name": "SCP_M1",
  "frequency_range": null,
  "allow_gain": false,
  "nonlinear_spec": null,
  "modulation_spec": null,
  "viz_spec": null,
  "heat_spec": null,
  "type": "PoleResidue",
  "eps_inf": 0.6040763993950218,
  "poles": [
    [
      {
        "real": -1.820203225026554e+16,
        "imag": -310362749193370.5
      },
      {
        "real": 1.212194409716667e+17,
        "imag": 3.1026498360356664e+18
      }
    ]
  ]
}