{
  "attrs": {},
  "name": "SCP_M3",
  "frequency_range": null,
  "allow_gain": false,
  "nonlinear_spec": null,
  "modulation_spec": null,
  "viz_spec": null,
  "heat_spec": null,
  "type": "PoleResidue",
  "eps_inf": 6.325134750374834,
  "poles": [
    [
      {
        "real": -95331184727300.39,
        "imag": -3048186619407733.5
      },
      {
        "real": 287662359533579.1,
        "imag": 938828356767779.2
      }
    ],
    [
      {
        "real": -46704691181772.44,
        "imag": -2835889572380042.0
      },
      {
        "real": 150389015083767.44,
        "imag": 552601815991005.4
      }
    ],
    [
      {
        "real": -570414260189110.8,
        "imag": -4324203864123709.5
      },
      {
        "real": 2476922419177894.5,
        "imag": 1.7506350901795432e+16
      }
    ]
  ]
}