{
  "attrs": {},
  "name": "SCP_M2",
  "frequency_range": null,
  "allow_gain": false,
  "nonlinear_spec": null,
  "modulation_spec": null,
  "viz_spec": null,
  "heat_spec": null,
  "type": "PoleResidue",
  "eps_inf": 7.6555152889076306,
  "poles": [
    [
      {
        "real": -214308391441037.0,
        "imag": -2856706790225086.5
      },
      {
        "real": 1249848822932533.2,
        "imag": 1402076091472371.8
      }
    ],
    [
      {
        "real": -467770390700817.4,
        "imag": -4347512354237994.0
      },
      {
        "real": 635379479027836.9,
        "imag": 1.4779878882414872e+16
      }
    ]
  ]
}