{
  "attrs": {},
  "name": "RP_M2",
  "frequency_range": null,
  "allow_gain": false,
  "nonlinear_spec": null,
  "modulation_spec": null,
  "viz_spec": null,
  "heat_spec": null,
  "type": "PoleResidue",
  "eps_inf": 6.842982481616959,
  "poles": [
    [
      {
        "real": -518677429875386.1,
        "imag": 4334996332587582.0
      },
      {
        "real": 1666260521007750.0,
        "imag": -1.6572712482310944e+16
      }
    ],
    [
      {
        "real": -136190694253992.94,
        "imag": 2901154556188604.5
      },
      {
        "real": 743284395637030.9,
        "imag": -1449044840527947.0
      }
    ]
  ],
  "model_family": "RP",
  "order_N": 2
}