{
  "attrs": {},
  "name": "CP_M1",
  "frequency_range": null,
  "allow_gain": false,
  "nonlinear_spec": null,
  "modulation_spec": null,
  "viz_spec": null,
  "heat_spec": null,
  "type": "PoleResidue",
  "eps_inf": 0.5770320694248442,
  "poles": [
    [
      {
        "real": -169755722388461.47,
        "imag": -1.3737682976908166e+16
      },
      {
        "real": 559936609955305.06,
        "imag": 2.2301487710800064e+16
      }
    ]
  ],
  "model_family": "CP",
  "order_N": 1
}