{
  "attrs": {},
  "name": "CP_M3",
  "frequency_range": null,
  "allow_gain": false,
  "nonlinear_spec": null,
  "modulation_spec": null,
  "viz_spec": null,
  "heat_spec": null,
  "type": "PoleResidue",
  "eps_inf": 0.2768768030120175,
  "poles": [
    [
      {
        "real": -14285142538412.564,
        "imag": -2005171839418848.5
      },
      {
        "real": -973363795264.5964,
        "imag": -29727389738737.957
      }
    ],
    [
      {
        "real": -14284515337546.717,
        "imag": -2005173276833225.8
      },
      {
        "real": 969525386909.9584,
        "imag": 29725024821940.477
      }
    ],
    [
      {
        "real": -11766997360027.068,
        "imag": -1.4284588667842272e+16
      },
      {
        "real": 36338952678034.43,
        "imag": 2.5331287212862736e+16
      }
    ]
  ]
}