{
  "attrs": {},
  "name": "CP_M2",
  "frequency_range": null,
  "allow_gain": false,
  "nonlinear_spec": null,
  "modulation_spec": null,
  "viz_spec": null,
  "heat_spec": null,
  "type": "PoleResidue",
  "eps_inf": 0.2766666707107967,
  "poles": [
    [
      {
        "real": -14285142538412.564,
        "imag": -2005171839418848.5
      },
      {
        "real": -1054629639.8600858,
        "imag": -502745200.1683327
      }
    ],
    [
      {
        "real": -11766997360027.068,
        "imag": -1.4284588667842272e+16
      },
      {
        "real": 39661343515496.01,
        "imag": 2.533268666358495e+16
      }
    ]
  ]
}