{
  "attrs": {},
  "name": "CP_M3",
  "frequency_range": null,
  "allow_gain": false,
  "nonlinear_spec": null,
  "modulation_spec": null,
  "viz_spec": null,
  "heat_spec": null,
  "type": "PoleResidue",
  "eps_inf": 0.9123942293159983,
  "poles": [
    [
      {
        "real": -659090034098932.5,
        "imag": -316571793366286.5
      },
      {
        "real": -2.4175785683653156e+16,
        "imag": 4.9582062150020154e+17
      }
    ],
    [
      {
        "real": -733828982082521.8,
        "imag": -1040162753130941.8
      },
      {
        "real": 4.873782414388927e+16,
        "imag": -6.5836713236326536e+16
      }
    ],
    [
      {
        "real": -988271408126275.9,
        "imag": -1617075269829125.0
      },
      {
        "real": -7008422745350436.0,
        "imag": -58704313997528.11
      }
    ]
  ]
}