{
  "attrs": {},
  "name": "SCP_M2",
  "frequency_range": null,
  "allow_gain": false,
  "nonlinear_spec": null,
  "modulation_spec": null,
  "viz_spec": null,
  "heat_spec": null,
  "type": "PoleResidue",
  "eps_inf": 0.9494611111483774,
  "poles": [
    [
      {
        "real": -400566376370930.3,
        "imag": -88174450001303.31
      },
      {
        "real": -2.048261037878252e+16,
        "imag": 8.817444406994834e+17
      }
    ],
    [
      {
        "real": -1000167474058513.1,
        "imag": -1015666609274218.2
      },
      {
        "real": 3.821638138036932e+16,
        "imag": 2.6881915857966564e+16
      }
    ]
  ]
}