{
  "attrs": {},
  "name": "SCP_M3",
  "frequency_range": null,
  "allow_gain": false,
  "nonlinear_spec": null,
  "modulation_spec": null,
  "viz_spec": null,
  "heat_spec": null,
  "type": "PoleResidue",
  "eps_inf": 1.5357401614034973,
  "poles": [
    [
      {
        "real": -102621463227197.3,
        "imag": -85622774808332.1
      },
      {
        "real": 3.751248695568286e+16,
        "imag": 2.6008758899599664e+17
      }
    ],
    [
      {
        "real": -1905248876115484.8,
        "imag": -407248665481689.6
      },
      {
        "real": -2.2993123525098972e+16,
        "imag": 9.10551561312976e+16
      }
    ],
    [
      {
        "real": -1053001928751363.9,
        "imag": -3533855542380419.0
      },
      {
        "real": 703042005773421.0,
        "imag": -604468102431470.5
      }
    ]
  ]
}