{
  "attrs": {},
  "name": "SCP_M3",
  "frequency_range": null,
  "allow_gain": false,
  "nonlinear_spec": null,
  "modulation_spec": null,
  "viz_spec": null,
  "heat_spec": null,
  "type": "PoleResidue",
  "eps_inf": 1.371919156358333,
  "poles": [
    [
      {
        "real": -680258622476237.5,
        "imag": -90395871500780.27
      },
      {
        "real": -2.975609114214081e+18,
        "imag": 1.5057169357401674e+19
      }
    ],
    [
      {
        "real": -742825053618747.9,
        "imag": -263365463398980.53
      },
      {
        "real": 2.99145616581826e+18,
        "imag": -4.089050851482226e+18
      }
    ],
    [
      {
        "real": -853985774810706.6,
        "imag": -4203391164969196.5
      },
      {
        "real": 322008028159474.4,
        "imag": 193515926142830.53
      }
    ]
  ],
  "model_family": "SCP",
  "order_N": 3
}