{
  "attrs": {},
  "name": "CP_M3",
  "frequency_range": null,
  "allow_gain": false,
  "nonlinear_spec": null,
  "modulation_spec": null,
  "viz_spec": null,
  "heat_spec": null,
  "type": "PoleResidue",
  "eps_inf": 1.5111414748741132,
  "poles": [
    [
      {
        "real": -412257248347655.25,
        "imag": -6141579457692248.0
      },
      {
        "real": 692173245536905.5,
        "imag": 2778805432806496.0
      }
    ],
    [
      {
        "real": -460038246827363.1,
        "imag": -6574226219540192.0
      },
      {
        "real": 3230106102477941.0,
        "imag": 838600525495000.1
      }
    ],
    [
      {
        "real": -3751281276461881.0,
        "imag": -7972969017498432.0
      },
      {
        "real": 2991121811513702.5,
        "imag": 1.037811346921543e+16
      }
    ]
  ]
}