{
  "attrs": {},
  "name": "SCP_M3",
  "frequency_range": null,
  "allow_gain": false,
  "nonlinear_spec": null,
  "modulation_spec": null,
  "viz_spec": null,
  "heat_spec": null,
  "type": "PoleResidue",
  "eps_inf": 1.5028759952431021,
  "poles": [
    [
      {
        "real": -412257248347655.25,
        "imag": -6141579457692248.0
      },
      {
        "real": 730707925739279.8,
        "imag": 2772402440923626.5
      }
    ],
    [
      {
        "real": -460038246827363.1,
        "imag": -6574226219540192.0
      },
      {
        "real": 3159704756778077.0,
        "imag": 795517718565138.0
      }
    ],
    [
      {
        "real": -3751281276461881.0,
        "imag": -7972969017498432.0
      },
      {
        "real": 3123960924394758.5,
        "imag": 1.0439005113317194e+16
      }
    ]
  ]
}