{
  "attrs": {},
  "name": "CP_M2",
  "frequency_range": null,
  "allow_gain": false,
  "nonlinear_spec": null,
  "modulation_spec": null,
  "viz_spec": null,
  "heat_spec": null,
  "type": "PoleResidue",
  "eps_inf": 2.0406470355417805,
  "poles": [
    [
      {
        "real": -729716962785708.4,
        "imag": -6127042936198674.0
      },
      {
        "real": 4654258019388888.0,
        "imag": 1930679321317894.0
      }
    ],
    [
      {
        "real": -2478269804992785.5,
        "imag": -8035809072720476.0
      },
      {
        "real": -2054830711978507.0,
        "imag": 1.0964802798670508e+16
      }
    ]
  ]
}