{
  "attrs": {},
  "name": "SCP_M1",
  "frequency_range": null,
  "allow_gain": false,
  "nonlinear_spec": null,
  "modulation_spec": null,
  "viz_spec": null,
  "heat_spec": null,
  "type": "PoleResidue",
  "eps_inf": 3.968122755488726,
  "poles": [
    [
      {
        "real": -1023453208050789.8,
        "imag": -3973273075081019.5
      },
      {
        "real": 1.3804053451996042e+16,
        "imag": 2.5611241521841692e+16
      }
    ]
  ]
}