{
  "attrs": {},
  "name": "SCP_M1",
  "frequency_range": null,
  "allow_gain": false,
  "nonlinear_spec": null,
  "modulation_spec": null,
  "viz_spec": null,
  "heat_spec": null,
  "type": "PoleResidue",
  "eps_inf": 3.97048513375218,
  "poles": [
    [
      {
        "real": -1023448569264474.2,
        "imag": -3973837434942165.0
      },
      {
        "real": 1.3787146596383232e+16,
        "imag": 2.5618641347470144e+16
      }
    ]
  ]
}