{
  "attrs": {},
  "name": "CP_M3",
  "frequency_range": null,
  "allow_gain": false,
  "nonlinear_spec": null,
  "modulation_spec": null,
  "viz_spec": null,
  "heat_spec": null,
  "type": "PoleResidue",
  "eps_inf": 4.119872617666504,
  "poles": [
    [
      {
        "real": -10246732232599.71,
        "imag": -233915328324780.03
      },
      {
        "real": 2.9985110601392092e+16,
        "imag": 4.170627147498406e+17
      }
    ],
    [
      {
        "real": -166854812949663.16,
        "imag": -511191930239846.8
      },
      {
        "real": -2.596873488494419e+16,
        "imag": 1.4343352007815752e+16
      }
    ],
    [
      {
        "real": -459796704822870.8,
        "imag": -7310412086551632.0
      },
      {
        "real": -1696941775738052.2,
        "imag": 3114967224309282.0
      }
    ]
  ]
}