{
  "attrs": {},
  "name": "SCP_M2",
  "frequency_range": null,
  "allow_gain": false,
  "nonlinear_spec": null,
  "modulation_spec": null,
  "viz_spec": null,
  "heat_spec": null,
  "type": "PoleResidue",
  "eps_inf": 0.3895126634963204,
  "poles": [
    [
      {
        "real": -445193644357.26984,
        "imag": -105475731685555.19
      },
      {
        "real": 5406256591392465.0,
        "imag": 1.045836445108217e+18
      }
    ],
    [
      {
        "real": -6579669712329489.0,
        "imag": -1050084565033410.8
      },
      {
        "real": 3.547774911010551e+16,
        "imag": -1.5971517650381712e+17
      }
    ]
  ]
}