{
  "attrs": {},
  "name": "SCP_M1",
  "frequency_range": null,
  "allow_gain": false,
  "nonlinear_spec": null,
  "modulation_spec": null,
  "viz_spec": null,
  "heat_spec": null,
  "type": "PoleResidue",
  "eps_inf": 6.116936935897159,
  "poles": [
    [
      {
        "real": -6283185307.179588,
        "imag": -85622679776929.8
      },
      {
        "real": 6276535009609970.0,
        "imag": 1.3397876889835e+18
      }
    ]
  ]
}