{
  "attrs": {},
  "name": "SCP_M3",
  "frequency_range": null,
  "allow_gain": false,
  "nonlinear_spec": null,
  "modulation_spec": null,
  "viz_spec": null,
  "heat_spec": null,
  "type": "PoleResidue",
  "eps_inf": 0.35313079587196305,
  "poles": [
    [
      {
        "real": -7211221454545803.0,
        "imag": -454874468937282.94
      },
      {
        "real": 2.2640586045629972e+16,
        "imag": -1.0611482017583058e+17
      }
    ],
    [
      {
        "real": -47140597652488.25,
        "imag": -89754516930161.78
      },
      {
        "real": 1164430164815149.5,
        "imag": 1.2565361076873472e+18
      }
    ],
    [
      {
        "real": -596512646270267.2,
        "imag": -7388668521189052.0
      },
      {
        "real": 569683566760829.4,
        "imag": 3310549736215924.5
      }
    ]
  ]
}