{
  "attrs": {},
  "name": "CP_M3",
  "frequency_range": null,
  "allow_gain": false,
  "nonlinear_spec": null,
  "modulation_spec": null,
  "viz_spec": null,
  "heat_spec": null,
  "type": "PoleResidue",
  "eps_inf": 4.099316143116434,
  "poles": [
    [
      {
        "real": -5191834142401.117,
        "imag": -241252645653720.97
      },
      {
        "real": 2.5593258373942804e+16,
        "imag": 4.042616840996052e+17
      }
    ],
    [
      {
        "real": -187582833773723.78,
        "imag": -530474032277723.9
      },
      {
        "real": -2.1579090903249724e+16,
        "imag": 1.3884065834109028e+16
      }
    ],
    [
      {
        "real": -461929336982109.4,
        "imag": -7317820074967591.0
      },
      {
        "real": -1703645045208794.0,
        "imag": 3149943128948104.5
      }
    ]
  ]
}