{
  "attrs": {},
  "name": "SCP_M3",
  "frequency_range": null,
  "allow_gain": false,
  "nonlinear_spec": null,
  "modulation_spec": null,
  "viz_spec": null,
  "heat_spec": null,
  "type": "PoleResidue",
  "eps_inf": 0.5485998945179704,
  "poles": [
    [
      {
        "real": -46120420419294.76,
        "imag": -106070760294926.98
      },
      {
        "real": 1304642853559574.5,
        "imag": 1.0607025727906266e+18
      }
    ],
    [
      {
        "real": -6420067199907794.0,
        "imag": -491952466561406.2
      },
      {
        "real": 1.9682436194342532e+16,
        "imag": -8.793008417490037e+16
      }
    ],
    [
      {
        "real": -614522167472799.4,
        "imag": -7422393641351038.0
      },
      {
        "real": 612392511435338.6,
        "imag": 3528624336840605.5
      }
    ]
  ]
}