{
  "attrs": {},
  "name": "CP_M1",
  "frequency_range": null,
  "allow_gain": false,
  "nonlinear_spec": null,
  "modulation_spec": null,
  "viz_spec": null,
  "heat_spec": null,
  "type": "PoleResidue",
  "eps_inf": 6.02258282280683,
  "poles": [
    [
      {
        "real": -2006390239475.5825,
        "imag": -253877693040465.2
      },
      {
        "real": 6220816864302793.0,
        "imag": 4.460693503790085e+17
      }
    ]
  ]
}