{
  "attrs": {},
  "name": "SCP_M1",
  "frequency_range": null,
  "allow_gain": false,
  "nonlinear_spec": null,
  "modulation_spec": null,
  "viz_spec": null,
  "heat_spec": null,
  "type": "PoleResidue",
  "eps_inf": 6.116934368572595,
  "poles": [
    [
      {
        "real": -6283185307.179587,
        "imag": -85622679776929.11
      },
      {
        "real": 6276526352989787.0,
        "imag": 1.3397875388533635e+18
      }
    ]
  ]
}