{
  "attrs": {},
  "name": "RP_M1",
  "frequency_range": null,
  "allow_gain": false,
  "nonlinear_spec": null,
  "modulation_spec": null,
  "viz_spec": null,
  "heat_spec": null,
  "type": "PoleResidue",
  "eps_inf": 2.5118829275415995,
  "poles": [
    [
      {
        "real": -69690074226573.13,
        "imag": -812093894935688.6
      },
      {
        "real": 702104283724365.4,
        "imag": 1.0878601238295576e+17
      }
    ]
  ]
}