{
  "attrs": {},
  "name": "RP_M1",
  "frequency_range": null,
  "allow_gain": false,
  "nonlinear_spec": null,
  "modulation_spec": null,
  "viz_spec": null,
  "heat_spec": null,
  "type": "PoleResidue",
  "eps_inf": 2.511879164759839,
  "poles": [
    [
      {
        "real": -69680548867045.664,
        "imag": -812094909901936.0
      },
      {
        "real": 702541663707093.6,
        "imag": 1.087856997042661e+17
      }
    ]
  ]
}