{
  "attrs": {},
  "name": "SCP_M2",
  "frequency_range": null,
  "allow_gain": false,
  "nonlinear_spec": null,
  "modulation_spec": null,
  "viz_spec": null,
  "heat_spec": null,
  "type": "PoleResidue",
  "eps_inf": 0.3122517965092868,
  "poles": [
    [
      {
        "real": -6642573251670303.0,
        "imag": -188963470230282.3
      },
      {
        "real": 3.617153086260525e+16,
        "imag": -9.37281553309593e+17
      }
    ],
    [
      {
        "real": -44138471590.299706,
        "imag": -114318480646498.58
      },
      {
        "real": 5655535785275565.0,
        "imag": 9.643540708709972e+17
      }
    ]
  ]
}