{
  "attrs": {},
  "name": "SCP_M2",
  "frequency_range": null,
  "allow_gain": false,
  "nonlinear_spec": null,
  "modulation_spec": null,
  "viz_spec": null,
  "heat_spec": null,
  "type": "PoleResidue",
  "eps_inf": 2.380337193948186,
  "poles": [
    [
      {
        "real": -526829272458480.3,
        "imag": -4520440171136641.0
      },
      {
        "real": 735044886440436.5,
        "imag": -217043534136468.84
      }
    ],
    [
      {
        "real": -1231205005720256.0,
        "imag": -7370702238900812.0
      },
      {
        "real": 3115557811035638.5,
        "imag": 1.5984919857919606e+16
      }
    ]
  ]
}