{
  "attrs": {},
  "name": "CP_M2",
  "frequency_range": null,
  "allow_gain": false,
  "nonlinear_spec": null,
  "modulation_spec": null,
  "viz_spec": null,
  "heat_spec": null,
  "type": "PoleResidue",
  "eps_inf": 3.4464786279416075,
  "poles": [
    [
      {
        "real": -468205098601172.3,
        "imag": -4531496549987953.0
      },
      {
        "real": 668830925811935.2,
        "imag": -63600169340840.81
      }
    ],
    [
      {
        "real": -857229074114166.1,
        "imag": -7025226238187367.0
      },
      {
        "real": 1020728710253660.1,
        "imag": 1.1616180667787806e+16
      }
    ]
  ]
}