{
  "attrs": {},
  "name": "SCP_M1",
  "frequency_range": null,
  "allow_gain": false,
  "nonlinear_spec": null,
  "modulation_spec": null,
  "viz_spec": null,
  "heat_spec": null,
  "type": "PoleResidue",
  "eps_inf": 1.6863022710441136,
  "poles": [
    [
      {
        "real": -1341421388809009.5,
        "imag": -7149831823549384.0
      },
      {
        "real": 6655908058701374.0,
        "imag": 1.7023024604229248e+16
      }
    ]
  ]
}