{
  "attrs": {},
  "name": "SCP_M2",
  "frequency_range": null,
  "allow_gain": false,
  "nonlinear_spec": null,
  "modulation_spec": null,
  "viz_spec": null,
  "heat_spec": null,
  "type": "PoleResidue",
  "eps_inf": 2.5153361291356098,
  "poles": [
    [
      {
        "real": -358099678238633.75,
        "imag": -4631132004662260.0
      },
      {
        "real": 567649537836222.8,
        "imag": 24246190817764.03
      }
    ],
    [
      {
        "real": -1152200011287104.5,
        "imag": -7229075499614308.0
      },
      {
        "real": 3285164296425497.0,
        "imag": 1.4820909084786416e+16
      }
    ]
  ]
}