{
  "attrs": {},
  "name": "SCP_M3",
  "frequency_range": null,
  "allow_gain": false,
  "nonlinear_spec": null,
  "modulation_spec": null,
  "viz_spec": null,
  "heat_spec": null,
  "type": "PoleResidue",
  "eps_inf": 2.559260009289804,
  "poles": [
    [
      {
        "real": -348348165174238.44,
        "imag": -4781159237594861.0
      },
      {
        "real": 655075576317017.6,
        "imag": 522889828762793.06
      }
    ],
    [
      {
        "real": -244211129660113.62,
        "imag": -5240149636674199.0
      },
      {
        "real": 296464216035101.8,
        "imag": -255103534357043.12
      }
    ],
    [
      {
        "real": -1020861183994345.0,
        "imag": -7386100947635074.0
      },
      {
        "real": 2049907339846575.0,
        "imag": 1.4599693321919882e+16
      }
    ]
  ]
}