{
  "attrs": {},
  "name": "CP_M1",
  "frequency_range": null,
  "allow_gain": false,
  "nonlinear_spec": null,
  "modulation_spec": null,
  "viz_spec": null,
  "heat_spec": null,
  "type": "PoleResidue",
  "eps_inf": 2.6309700805586598,
  "poles": [
    [
      {
        "real": -1064652250755720.4,
        "imag": -6923994497375462.0
      },
      {
        "real": 4386224111846221.5,
        "imag": 1.3659798925712312e+16
      }
    ]
  ]
}