{
  "attrs": {},
  "name": "SCP_M3",
  "frequency_range": null,
  "allow_gain": false,
  "nonlinear_spec": null,
  "modulation_spec": null,
  "viz_spec": null,
  "heat_spec": null,
  "type": "PoleResidue",
  "eps_inf": 2.559021661800352,
  "poles": [
    [
      {
        "real": -348187423464696.75,
        "imag": -4780767352055770.0
      },
      {
        "real": 654090908577333.9,
        "imag": 521052246741425.3
      }
    ],
    [
      {
        "real": -243927240359223.97,
        "imag": -5240842407449132.0
      },
      {
        "real": 296395106487421.75,
        "imag": -253006052468814.6
      }
    ],
    [
      {
        "real": -1020953978237641.8,
        "imag": -7385735545959881.0
      },
      {
        "real": 2053381637512901.5,
        "imag": 1.4599229640809106e+16
      }
    ]
  ]
}