{
  "attrs": {},
  "name": "SCP_M1",
  "frequency_range": null,
  "allow_gain": false,
  "nonlinear_spec": null,
  "modulation_spec": null,
  "viz_spec": null,
  "heat_spec": null,
  "type": "PoleResidue",
  "eps_inf": 2.092441139753123,
  "poles": [
    [
      {
        "real": -1471701038530718.5,
        "imag": -6981284134651304.0
      },
      {
        "real": 7002275391281044.0,
        "imag": 1.5552440954971192e+16
      }
    ]
  ]
}