{
  "attrs": {},
  "name": "CP_M3",
  "frequency_range": null,
  "allow_gain": false,
  "nonlinear_spec": null,
  "modulation_spec": null,
  "viz_spec": null,
  "heat_spec": null,
  "type": "PoleResidue",
  "eps_inf": 3.228437515915624,
  "poles": [
    [
      {
        "real": -305003685007388.06,
        "imag": -4730527257989398.0
      },
      {
        "real": 551903996831392.8,
        "imag": 325034663438467.06
      }
    ],
    [
      {
        "real": -105933281074991.02,
        "imag": -5352144238387689.0
      },
      {
        "real": 159483633871023.56,
        "imag": 21444478145685.812
      }
    ],
    [
      {
        "real": -752005025249358.4,
        "imag": -7141406371423286.0
      },
      {
        "real": 934993035555225.5,
        "imag": 1.1874708285305818e+16
      }
    ]
  ]
}