{
  "attrs": {},
  "name": "CP_M1",
  "frequency_range": null,
  "allow_gain": false,
  "nonlinear_spec": null,
  "modulation_spec": null,
  "viz_spec": null,
  "heat_spec": null,
  "type": "PoleResidue",
  "eps_inf": 2.039272293359456,
  "poles": [
    [
      {
        "real": -1177635241215078.5,
        "imag": -7085299249483909.0
      },
      {
        "real": 5495064406283274.0,
        "imag": 1.5790915192982132e+16
      }
    ]
  ]
}