{
  "attrs": {},
  "name": "SCP_M3",
  "frequency_range": null,
  "allow_gain": false,
  "nonlinear_spec": null,
  "modulation_spec": null,
  "viz_spec": null,
  "heat_spec": null,
  "type": "PoleResidue",
  "eps_inf": 3.2250246535288736,
  "poles": [
    [
      {
        "real": -433448600726605.94,
        "imag": -4551200991971491.0
      },
      {
        "real": 647612820193957.1,
        "imag": -15263601150045.627
      }
    ],
    [
      {
        "real": -126963140029039.38,
        "imag": -5552739331338523.0
      },
      {
        "real": 43276196416824.29,
        "imag": 106068861845609.61
      }
    ],
    [
      {
        "real": -851085610327393.4,
        "imag": -7176877142749517.0
      },
      {
        "real": 1005259340191621.5,
        "imag": 1.2431994932757358e+16
      }
    ]
  ],
  "model_family": "SCP",
  "order_N": 3
}