{
  "attrs": {},
  "name": "SCP_M2",
  "frequency_range": null,
  "allow_gain": false,
  "nonlinear_spec": null,
  "modulation_spec": null,
  "viz_spec": null,
  "heat_spec": null,
  "type": "PoleResidue",
  "eps_inf": 2.5075152389280104,
  "poles": [
    [
      {
        "real": -350038718647565.0,
        "imag": -4601922416567369.0
      },
      {
        "real": 527737216435445.44,
        "imag": -2317545843329.3755
      }
    ],
    [
      {
        "real": -1185791419827364.2,
        "imag": -7186977723970119.0
      },
      {
        "real": 3662199954425200.0,
        "imag": 1.4731014939198526e+16
      }
    ]
  ],
  "model_family": "SCP",
  "order_N": 2
}