{
  "attrs": {},
  "name": "SCP_M2",
  "frequency_range": null,
  "allow_gain": false,
  "nonlinear_spec": null,
  "modulation_spec": null,
  "viz_spec": null,
  "heat_spec": null,
  "type": "PoleResidue",
  "eps_inf": 0.44569017640866065,
  "poles": [
    [
      {
        "real": -741673290982986.4,
        "imag": -4213369718434174.0
      },
      {
        "real": -1286090666735992.8,
        "imag": 1.9096969331263316e+16
      }
    ],
    [
      {
        "real": -2137692017080351.8,
        "imag": -5916646950763054.0
      },
      {
        "real": 1.520853211392239e+16,
        "imag": 1.928911270916331e+16
      }
    ]
  ]
}