{
  "attrs": {},
  "name": "SCP_M1",
  "frequency_range": null,
  "allow_gain": false,
  "nonlinear_spec": null,
  "modulation_spec": null,
  "viz_spec": null,
  "heat_spec": null,
  "type": "PoleResidue",
  "eps_inf": 1.825864310820974,
  "poles": [
    [
      {
        "real": -1151092284549398.5,
        "imag": -3860712764185423.5
      },
      {
        "real": 1.5463580588574862e+16,
        "imag": 2.3371018775243456e+16
      }
    ]
  ]
}