{
  "attrs": {},
  "name": "CP_M3",
  "frequency_range": null,
  "allow_gain": false,
  "nonlinear_spec": null,
  "modulation_spec": null,
  "viz_spec": null,
  "heat_spec": null,
  "type": "PoleResidue",
  "eps_inf": 1.831320794819777,
  "poles": [
    [
      {
        "real": -396604955373656.3,
        "imag": -4041845031089307.5
      },
      {
        "real": -2066665977648834.8,
        "imag": 7889526752594290.0
      }
    ],
    [
      {
        "real": -448921816366576.06,
        "imag": -4654566928515438.0
      },
      {
        "real": -493860880771216.25,
        "imag": 6788442490680669.0
      }
    ],
    [
      {
        "real": -1749871228220239.0,
        "imag": -6415860260588449.0
      },
      {
        "real": 4293512083627566.0,
        "imag": 2.581723868042596e+16
      }
    ]
  ]
}