{
  "attrs": {},
  "name": "SCP_M3",
  "frequency_range": null,
  "allow_gain": false,
  "nonlinear_spec": null,
  "modulation_spec": null,
  "viz_spec": null,
  "heat_spec": null,
  "type": "PoleResidue",
  "eps_inf": 2.0190063972850196,
  "poles": [
    [
      {
        "real": -6396670793615353.0,
        "imag": -874306582777878.8
      },
      {
        "real": -9760995854.597992,
        "imag": 93884311277.67178
      }
    ],
    [
      {
        "real": -6396836979605516.0,
        "imag": -874346571393009.0
      },
      {
        "real": 11423742384.45482,
        "imag": -89320183977.45613
      }
    ],
    [
      {
        "real": -6310675350.269411,
        "imag": -1.1503951898710392e+16
      },
      {
        "real": 19440169097.04695,
        "imag": 1.3755057364004484e+16
      }
    ]
  ]
}