{
  "attrs": {},
  "name": "SCP_M3",
  "frequency_range": null,
  "allow_gain": false,
  "nonlinear_spec": null,
  "modulation_spec": null,
  "viz_spec": null,
  "heat_spec": null,
  "type": "PoleResidue",
  "eps_inf": 1.9445833729172264,
  "poles": [
    [
      {
        "real": -9968374036.952246,
        "imag": -1376507266162485.5
      },
      {
        "real": 10832422.13547823,
        "imag": 361745660516.35504
      }
    ],
    [
      {
        "real": -177994504980.8573,
        "imag": -7152033971779917.0
      },
      {
        "real": 4944150333.262104,
        "imag": 13704319019255.662
      }
    ],
    [
      {
        "real": -6331157174.77611,
        "imag": -1.1671804508736906e+16
      },
      {
        "real": 2190870085.4515257,
        "imag": 1.4367810747024168e+16
      }
    ]
  ]
}