{
  "attrs": {},
  "name": "SCP_M2",
  "frequency_range": null,
  "allow_gain": false,
  "nonlinear_spec": null,
  "modulation_spec": null,
  "viz_spec": null,
  "heat_spec": null,
  "type": "PoleResidue",
  "eps_inf": 2.0616238316544115,
  "poles": [
    [
      {
        "real": -6586419926.007871,
        "imag": -1042879848800036.5
      },
      {
        "real": 167102214.18566716,
        "imag": 2533207969174.8716
      }
    ],
    [
      {
        "real": -6726267940.519071,
        "imag": -1.1442197123587118e+16
      },
      {
        "real": 18817900033.929577,
        "imag": 1.3449021023771914e+16
      }
    ]
  ]
}