{
  "attrs": {},
  "name": "CP_M3",
  "frequency_range": null,
  "allow_gain": false,
  "nonlinear_spec": null,
  "modulation_spec": null,
  "viz_spec": null,
  "heat_spec": null,
  "type": "PoleResidue",
  "eps_inf": 2.314413785564242,
  "poles": [
    [
      {
        "real": -6283185307.179586,
        "imag": -1611636914093213.5
      },
      {
        "real": 24795983.327220466,
        "imag": 810932918769.6647
      }
    ],
    [
      {
        "real": -6283185307.179586,
        "imag": -5341760576362043.0
      },
      {
        "real": 396986.66215221974,
        "imag": 19278174473.603783
      }
    ],
    [
      {
        "real": -6283185307.179586,
        "imag": -1.0983933432459644e+16
      },
      {
        "real": 12550682871.525383,
        "imag": 1.154124810501814e+16
      }
    ]
  ]
}