{
  "attrs": {},
  "name": "CP_M1",
  "frequency_range": null,
  "allow_gain": false,
  "nonlinear_spec": null,
  "modulation_spec": null,
  "viz_spec": null,
  "heat_spec": null,
  "type": "PoleResidue",
  "eps_inf": 1.972585686901847,
  "poles": [
    [
      {
        "real": -6283185307.179586,
        "imag": -1.1586270495424254e+16
      },
      {
        "real": 11821858823.949436,
        "imag": 1.4119530620583088e+16
      }
    ]
  ]
}