{
  "attrs": {},
  "name": "SCP_M1",
  "frequency_range": null,
  "allow_gain": false,
  "nonlinear_spec": null,
  "modulation_spec": null,
  "viz_spec": null,
  "heat_spec": null,
  "type": "PoleResidue",
  "eps_inf": 1.9751414695217882,
  "poles": [
    [
      {
        "real": -6321113237.625756,
        "imag": -1.158185107757998e+16
      },
      {
        "real": 11810454724.916101,
        "imag": 1.4099496478799188e+16
      }
    ]
  ]
}