{
  "attrs": {},
  "name": "CP_M2",
  "frequency_range": null,
  "allow_gain": false,
  "nonlinear_spec": null,
  "modulation_spec": null,
  "viz_spec": null,
  "heat_spec": null,
  "type": "PoleResidue",
  "eps_inf": 1.9187845862314878,
  "poles": [
    [
      {
        "real": -6283185307.179586,
        "imag": -8229495945138270.0
      },
      {
        "real": 6977446860.677227,
        "imag": 78410470057663.84
      }
    ],
    [
      {
        "real": -6283185307.179586,
        "imag": -1.17503745239348e+16
      },
      {
        "real": -2369253894.1495333,
        "imag": 1.4523070238163868e+16
      }
    ]
  ]
}