{
  "attrs": {},
  "name": "SCP_M2",
  "frequency_range": null,
  "allow_gain": false,
  "nonlinear_spec": null,
  "modulation_spec": null,
  "viz_spec": null,
  "heat_spec": null,
  "type": "PoleResidue",
  "eps_inf": 1.9204963883328865,
  "poles": [
    [
      {
        "real": -7545196331.504506,
        "imag": -8172504952583661.0
      },
      {
        "real": 4306728069.657804,
        "imag": 74100578170936.81
      }
    ],
    [
      {
        "real": -6488363615.420668,
        "imag": -1.1746984602720072e+16
      },
      {
        "real": 6066883903.839616,
        "imag": 1.4514436488665044e+16
      }
    ]
  ]
}