{
  "attrs": {},
  "name": "RP_M3",
  "frequency_range": null,
  "allow_gain": false,
  "nonlinear_spec": null,
  "modulation_spec": null,
  "viz_spec": null,
  "heat_spec": null,
  "type": "PoleResidue",
  "eps_inf": 2.0039382245554505,
  "poles": [
    [
      {
        "real": -628.3185307179587,
        "imag": 1.153519451912319e+16
      },
      {
        "real": -1490327164.042792,
        "imag": -1.3881260110211068e+16
      }
    ],
    [
      {
        "real": -16790.602580837087,
        "imag": 3708630826618412.0
      },
      {
        "real": 9620.165100395003,
        "imag": -332160218.7503736
      }
    ],
    [
      {
        "real": -5027.909834451234,
        "imag": 1454941927162328.0
      },
      {
        "real": 34559923.55271476,
        "imag": -352326023853.70953
      }
    ]
  ],
  "model_family": "RP",
  "order_N": 3
}