{
  "attrs": {},
  "name": "RP_M3",
  "frequency_range": null,
  "allow_gain": false,
  "nonlinear_spec": null,
  "modulation_spec": null,
  "viz_spec": null,
  "heat_spec": null,
  "type": "PoleResidue",
  "eps_inf": 2.428212714510112,
  "poles": [
    [
      {
        "real": -6.659563164762453,
        "imag": -1.082187179579694e+16
      },
      {
        "real": -1017427239.5039227,
        "imag": 1.079771009265833e+16
      }
    ],
    [
      {
        "real": -90.68401706878613,
        "imag": 1862773855228779.8
      },
      {
        "real": -6288.550319875757,
        "imag": -98883677.23853223
      }
    ],
    [
      {
        "real": -14.216699374554006,
        "imag": -867998630088659.1
      },
      {
        "real": 60582953.513934776,
        "imag": 17328325008665.012
      }
    ]
  ]
}