{
  "attrs": {},
  "name": "SCP_M3",
  "frequency_range": null,
  "allow_gain": false,
  "nonlinear_spec": null,
  "modulation_spec": null,
  "viz_spec": null,
  "heat_spec": null,
  "type": "PoleResidue",
  "eps_inf": 1.964211566328902,
  "poles": [
    [
      {
        "real": -1359876410597.347,
        "imag": -1436127020602749.2
      },
      {
        "real": 443516881.49775213,
        "imag": 322611734446.57214
      }
    ],
    [
      {
        "real": -6858305327.631042,
        "imag": -6749501719028979.0
      },
      {
        "real": 65912750.54612827,
        "imag": 3527294947836.145
      }
    ],
    [
      {
        "real": -6301465940.664339,
        "imag": -1.1620124983916476e+16
      },
      {
        "real": 19767665263.781063,
        "imag": 1.4206639131944222e+16
      }
    ]
  ],
  "model_family": "SCP",
  "order_N": 3
}