{
  "attrs": {},
  "name": "SCP_M1",
  "frequency_range": null,
  "allow_gain": false,
  "nonlinear_spec": null,
  "modulation_spec": null,
  "viz_spec": null,
  "heat_spec": null,
  "type": "PoleResidue",
  "eps_inf": 1.9788459014391533,
  "poles": [
    [
      {
        "real": -6445379843.462562,
        "imag": -1.1574669189896328e+16
      },
      {
        "real": 15791785547.988646,
        "imag": 1.4069323639977722e+16
      }
    ]
  ],
  "model_family": "SCP",
  "order_N": 1
}