{
  "attrs": {},
  "name": "SCP_M3",
  "frequency_range": null,
  "allow_gain": false,
  "nonlinear_spec": null,
  "modulation_spec": null,
  "viz_spec": null,
  "heat_spec": null,
  "type": "PoleResidue",
  "eps_inf": 7.675981258694878,
  "poles": [
    [
      {
        "real": -6283185307.807905,
        "imag": -1523158177638864.2
      },
      {
        "real": -351128284.73412263,
        "imag": 3112311007166.361
      }
    ],
    [
      {
        "real": -6283185307.807905,
        "imag": -2226719199810589.0
      },
      {
        "real": 3059534167.724622,
        "imag": 38903783466300.61
      }
    ],
    [
      {
        "real": -6283185307.807905,
        "imag": -3619617030242767.5
      },
      {
        "real": 9377395634.505737,
        "imag": 5935911011434767.0
      }
    ]
  ]
}