{
  "attrs": {},
  "name": "CP_M2",
  "frequency_range": null,
  "allow_gain": false,
  "nonlinear_spec": null,
  "modulation_spec": null,
  "viz_spec": null,
  "heat_spec": null,
  "type": "PoleResidue",
  "eps_inf": 7.620918700437949,
  "poles": [
    [
      {
        "real": -6283185307.179586,
        "imag": -2213031354933810.5
      },
      {
        "real": 1916106022.7261117,
        "imag": 29861024157983.113
      }
    ],
    [
      {
        "real": -6283185307.179586,
        "imag": -3577977475017962.5
      },
      {
        "real": 19133711455.420635,
        "imag": 5909780818938168.0
      }
    ]
  ]
}