{
  "attrs": {},
  "name": "SCP_M2",
  "frequency_range": null,
  "allow_gain": false,
  "nonlinear_spec": null,
  "modulation_spec": null,
  "viz_spec": null,
  "heat_spec": null,
  "type": "PoleResidue",
  "eps_inf": 7.621532462814837,
  "poles": [
    [
      {
        "real": -6283185307.807905,
        "imag": -2213031354933810.5
      },
      {
        "real": 2348233811.9505453,
        "imag": 29879298082707.195
      }
    ],
    [
      {
        "real": -6283185307.807905,
        "imag": -3577977475017962.5
      },
      {
        "real": 16009517753.566975,
        "imag": 5908903664181693.0
      }
    ]
  ]
}