{
  "attrs": {},
  "name": "SCP_M1",
  "frequency_range": null,
  "allow_gain": false,
  "nonlinear_spec": null,
  "modulation_spec": null,
  "viz_spec": null,
  "heat_spec": null,
  "type": "PoleResidue",
  "eps_inf": 10.27850138665888,
  "poles": [
    [
      {
        "real": -6283185307.807905,
        "imag": -2663090276599344.0
      },
      {
        "real": 10604007096.727467,
        "imag": 1333160303270309.8
      }
    ]
  ]
}