{
  "attrs": {},
  "name": "RP_M2",
  "frequency_range": null,
  "allow_gain": false,
  "nonlinear_spec": null,
  "modulation_spec": null,
  "viz_spec": null,
  "heat_spec": null,
  "type": "PoleResidue",
  "eps_inf": 7.367372975619452,
  "poles": [
    [
      {
        "real": -20.90480740917923,
        "imag": -3687346796215051.5
      },
      {
        "real": -354625236.7974104,
        "imag": 6530927054171017.0
      }
    ],
    [
      {
        "real": -1.016459662710413,
        "imag": -2232836349929097.2
      },
      {
        "real": 8326338.349221813,
        "imag": 41255826214480.44
      }
    ]
  ]
}