{
  "attrs": {},
  "name": "CP_M2",
  "frequency_range": null,
  "allow_gain": false,
  "nonlinear_spec": null,
  "modulation_spec": null,
  "viz_spec": null,
  "heat_spec": null,
  "type": "PoleResidue",
  "eps_inf": 10.327117592180453,
  "poles": [
    [
      {
        "real": -6283185307.179586,
        "imag": -3201026523453174.0
      },
      {
        "real": -58111728.9107029,
        "imag": 1327804258802.6782
      }
    ],
    [
      {
        "real": -6283185307.179586,
        "imag": -4426219604842742.0
      },
      {
        "real": -121073005.64728422,
        "imag": 15667246043523.16
      }
    ]
  ]
}