{
  "attrs": {},
  "name": "CP_M1",
  "frequency_range": null,
  "allow_gain": false,
  "nonlinear_spec": null,
  "modulation_spec": null,
  "viz_spec": null,
  "heat_spec": null,
  "type": "PoleResidue",
  "eps_inf": 10.304609679117702,
  "poles": [
    [
      {
        "real": -6283185307.179586,
        "imag": -4426219604842742.0
      },
      {
        "real": -52646424.704895854,
        "imag": 5225091344492.601
      }
    ]
  ]
}