{
  "attrs": {},
  "name": "CP_M1",
  "frequency_range": null,
  "allow_gain": false,
  "nonlinear_spec": null,
  "modulation_spec": null,
  "viz_spec": null,
  "heat_spec": null,
  "type": "PoleResidue",
  "eps_inf": 6.18384105403431,
  "poles": [
    [
      {
        "real": -122460724352988.92,
        "imag": -590559277381518.2
      },
      {
        "real": 5499032997890572.0,
        "imag": 1.297626614236455e+17
      }
    ]
  ]
}