{
  "attrs": {},
  "name": "SCP_M1",
  "frequency_range": null,
  "allow_gain": false,
  "nonlinear_spec": null,
  "modulation_spec": null,
  "viz_spec": null,
  "heat_spec": null,
  "type": "PoleResidue",
  "eps_inf": 3.6846051171923415,
  "poles": [
    [
      {
        "real": -66129481825231.99,
        "imag": -748885402243663.9
      },
      {
        "real": 6322164755540588.0,
        "imag": 7.610369385904347e+16
      }
    ]
  ]
}