{
  "attrs": {},
  "name": "CP_M2",
  "frequency_range": null,
  "allow_gain": false,
  "nonlinear_spec": null,
  "modulation_spec": null,
  "viz_spec": null,
  "heat_spec": null,
  "type": "PoleResidue",
  "eps_inf": 2.2721345411069436,
  "poles": [
    [
      {
        "real": -246675631504601.38,
        "imag": -759414061657501.0
      },
      {
        "real": -4896054655428016.0,
        "imag": 1.1391423770610491e+17
      }
    ],
    [
      {
        "real": -1497077043623424.5,
        "imag": -4753061581189570.0
      },
      {
        "real": 5545114894000967.0,
        "imag": 1.1347729112265036e+16
      }
    ]
  ],
  "model_family": "CP",
  "order_N": 2
}