{
  "attrs": {},
  "name": "SCP_M3",
  "frequency_range": null,
  "allow_gain": false,
  "nonlinear_spec": null,
  "modulation_spec": null,
  "viz_spec": null,
  "heat_spec": null,
  "type": "PoleResidue",
  "eps_inf": 2.0754294656437193,
  "poles": [
    [
      {
        "real": -44039913574066.555,
        "imag": -95577882309966.05
      },
      {
        "real": 1769105916421645.8,
        "imag": 9.557788230996603e+17
      }
    ],
    [
      {
        "real": -790513026232527.6,
        "imag": -4007369357643743.0
      },
      {
        "real": 2534221816002365.5,
        "imag": 2315751267058339.5
      }
    ],
    [
      {
        "real": -1529628415125320.5,
        "imag": -5346372140245092.0
      },
      {
        "real": 4894957823926413.0,
        "imag": 4817993008449172.0
      }
    ]
  ]
}