{
  "attrs": {},
  "name": "CP_M1",
  "frequency_range": null,
  "allow_gain": false,
  "nonlinear_spec": null,
  "modulation_spec": null,
  "viz_spec": null,
  "heat_spec": null,
  "type": "PoleResidue",
  "eps_inf": 6.035437408978222,
  "poles": [
    [
      {
        "real": -110162019834484.06,
        "imag": -675098218230713.6
      },
      {
        "real": 5581000333661899.0,
        "imag": 1.1067138016606672e+17
      }
    ]
  ]
}