{
  "attrs": {},
  "name": "SCP_M2",
  "frequency_range": null,
  "allow_gain": false,
  "nonlinear_spec": null,
  "modulation_spec": null,
  "viz_spec": null,
  "heat_spec": null,
  "type": "PoleResidue",
  "eps_inf": 0.6294478487801022,
  "poles": [
    [
      {
        "real": -228303362022377.38,
        "imag": -761420657371973.5
      },
      {
        "real": -6223249247407234.0,
        "imag": 1.0404511860472936e+17
      }
    ],
    [
      {
        "real": -1204703625958553.5,
        "imag": -4056776734375858.5
      },
      {
        "real": 6875175260973384.0,
        "imag": 7661033361051273.0
      }
    ]
  ],
  "model_family": "SCP",
  "order_N": 2
}