{
  "attrs": {},
  "name": "SCP_M2",
  "frequency_range": null,
  "allow_gain": false,
  "nonlinear_spec": null,
  "modulation_spec": null,
  "viz_spec": null,
  "heat_spec": null,
  "type": "PoleResidue",
  "eps_inf": 0.6803270914934186,
  "poles": [
    [
      {
        "real": -80878587579.35553,
        "imag": -126014635207731.23
      },
      {
        "real": 6381795665282042.0,
        "imag": 6.678370852548472e+17
      }
    ],
    [
      {
        "real": -1441354594134060.8,
        "imag": -3607178717790205.5
      },
      {
        "real": 1.1536757759774156e+16,
        "imag": -3058610921380291.0
      }
    ]
  ]
}