{
  "attrs": {},
  "name": "SCP_M1",
  "frequency_range": null,
  "allow_gain": false,
  "nonlinear_spec": null,
  "modulation_spec": null,
  "viz_spec": null,
  "heat_spec": null,
  "type": "PoleResidue",
  "eps_inf": 2.1870296521322192,
  "poles": [
    [
      {
        "real": -996620962530977.1,
        "imag": -7020399197456453.0
      },
      {
        "real": 5752543030467100.0,
        "imag": 1.9506436710444384e+16
      }
    ]
  ]
}