{
  "attrs": {},
  "name": "CP_M3",
  "frequency_range": null,
  "allow_gain": false,
  "nonlinear_spec": null,
  "modulation_spec": null,
  "viz_spec": null,
  "heat_spec": null,
  "type": "PoleResidue",
  "eps_inf": 3.364859247346723,
  "poles": [
    [
      {
        "real": -447272605508467.9,
        "imag": -5569804974440968.0
      },
      {
        "real": 896030969735946.0,
        "imag": 1543459530070838.5
      }
    ],
    [
      {
        "real": -135165242651575.17,
        "imag": -6128544882265419.0
      },
      {
        "real": 328423326530275.25,
        "imag": 431875058073324.94
      }
    ],
    [
      {
        "real": -303194048961431.9,
        "imag": -7297382306485225.0
      },
      {
        "real": -331616022790877.7,
        "imag": 1.3864979736702872e+16
      }
    ]
  ]
}