{
  "attrs": {},
  "name": "SCP_M2",
  "frequency_range": null,
  "allow_gain": false,
  "nonlinear_spec": null,
  "modulation_spec": null,
  "viz_spec": null,
  "heat_spec": null,
  "type": "PoleResidue",
  "eps_inf": 2.331546676723369,
  "poles": [
    [
      {
        "real": -867747361957583.2,
        "imag": -4989840683318475.0
      },
      {
        "real": 1047116498551750.2,
        "imag": -1182148724295895.0
      }
    ],
    [
      {
        "real": -1119843478083419.1,
        "imag": -7291643830520902.0
      },
      {
        "real": 3751687687431772.0,
        "imag": 2.160412281025582e+16
      }
    ]
  ]
}