{
  "attrs": {},
  "name": "CP_M2",
  "frequency_range": null,
  "allow_gain": false,
  "nonlinear_spec": null,
  "modulation_spec": null,
  "viz_spec": null,
  "heat_spec": null,
  "type": "PoleResidue",
  "eps_inf": 3.463623982746241,
  "poles": [
    [
      {
        "real": -5537344038721511.0,
        "imag": -1344619372598684.0
      },
      {
        "real": -6669321650869821.0,
        "imag": 1.7402509789948804e+16
      }
    ],
    [
      {
        "real": -965425494809122.8,
        "imag": -6817254661631892.0
      },
      {
        "real": 6577718765215670.0,
        "imag": 1.7798089884422978e+16
      }
    ]
  ]
}