{
  "attrs": {},
  "name": "CP_M2",
  "frequency_range": null,
  "allow_gain": false,
  "nonlinear_spec": null,
  "modulation_spec": null,
  "viz_spec": null,
  "heat_spec": null,
  "type": "PoleResidue",
  "eps_inf": 3.27813391352454,
  "poles": [
    [
      {
        "real": -447272605508467.9,
        "imag": -5569804974440968.0
      },
      {
        "real": 1273662976767132.2,
        "imag": 1198659388585750.5
      }
    ],
    [
      {
        "real": -303194048961431.9,
        "imag": -7297382306485225.0
      },
      {
        "real": -1018056483186583.0,
        "imag": 1.5166720011812502e+16
      }
    ]
  ]
}