{
  "attrs": {},
  "name": "CP_M3",
  "frequency_range": null,
  "allow_gain": false,
  "nonlinear_spec": null,
  "modulation_spec": null,
  "viz_spec": null,
  "heat_spec": null,
  "type": "PoleResidue",
  "eps_inf": 3.0707726711481373,
  "poles": [
    [
      {
        "real": -447249631593944.8,
        "imag": -5566558828360165.0
      },
      {
        "real": 873289881292438.1,
        "imag": 1288888448435410.2
      }
    ],
    [
      {
        "real": -67001651889324.83,
        "imag": -6233413625394812.0
      },
      {
        "real": -153835790134408.5,
        "imag": 302880555632291.3
      }
    ],
    [
      {
        "real": -301446821538449.0,
        "imag": -7287785421592826.0
      },
      {
        "real": 359499890404399.06,
        "imag": 1.529590551542202e+16
      }
    ]
  ]
}