{
  "attrs": {},
  "name": "SCP_M2",
  "frequency_range": null,
  "allow_gain": false,
  "nonlinear_spec": null,
  "modulation_spec": null,
  "viz_spec": null,
  "heat_spec": null,
  "type": "PoleResidue",
  "eps_inf": 2.161316469875187,
  "poles": [
    [
      {
        "real": -935216109410451.8,
        "imag": -4909504542438009.0
      },
      {
        "real": 749001733041052.0,
        "imag": -1535280002978791.0
      }
    ],
    [
      {
        "real": -1228333425839336.0,
        "imag": -7262793219712477.0
      },
      {
        "real": 5038800321741237.0,
        "imag": 2.261555493442585e+16
      }
    ]
  ],
  "model_family": "SCP",
  "order_N": 2
}