{
  "attrs": {},
  "name": "SCP_M3",
  "frequency_range": null,
  "allow_gain": false,
  "nonlinear_spec": null,
  "modulation_spec": null,
  "viz_spec": null,
  "heat_spec": null,
  "type": "PoleResidue",
  "eps_inf": 3.1368818763437556,
  "poles": [
    [
      {
        "real": -651294504053630.4,
        "imag": -5480488019788574.0
      },
      {
        "real": 1940548975306600.0,
        "imag": 1051439851808501.1
      }
    ],
    [
      {
        "real": -86880385671076.94,
        "imag": -6166071962070973.0
      },
      {
        "real": 144873735217991.47,
        "imag": 244103799481079.0
      }
    ],
    [
      {
        "real": -450837482201069.9,
        "imag": -7536565222076815.0
      },
      {
        "real": -1372237483949074.2,
        "imag": 1.597632517059326e+16
      }
    ]
  ]
}