{
  "attrs": {},
  "name": "SCP_M1",
  "frequency_range": null,
  "allow_gain": false,
  "nonlinear_spec": null,
  "modulation_spec": null,
  "viz_spec": null,
  "heat_spec": null,
  "type": "PoleResidue",
  "eps_inf": 3.561406727508621,
  "poles": [
    [
      {
        "real": -749159376463610.6,
        "imag": -6805563865502068.0
      },
      {
        "real": 3386887316083217.0,
        "imag": 1.4820135303352084e+16
      }
    ]
  ]
}