{
  "attrs": {},
  "name": "SCP_M3",
  "frequency_range": null,
  "allow_gain": false,
  "nonlinear_spec": null,
  "modulation_spec": null,
  "viz_spec": null,
  "heat_spec": null,
  "type": "PoleResidue",
  "eps_inf": 0.29699275995620483,
  "poles": [
    [
      {
        "real": -1762572862668777.8,
        "imag": -240344528088690.66
      },
      {
        "real": -5.960922913630451e+16,
        "imag": 1.5051171503800858e+18
      }
    ],
    [
      {
        "real": -990303264256797.2,
        "imag": -1654712628512097.8
      },
      {
        "real": 4.797022919879133e+16,
        "imag": -5.750486406672914e+16
      }
    ],
    [
      {
        "real": -1490537490316703.0,
        "imag": -3543766378202560.5
      },
      {
        "real": 2.0015825758199028e+16,
        "imag": -1.5010767152116912e+16
      }
    ]
  ]
}