{
  "attrs": {},
  "name": "CP_M3",
  "frequency_range": null,
  "allow_gain": false,
  "nonlinear_spec": null,
  "modulation_spec": null,
  "viz_spec": null,
  "heat_spec": null,
  "type": "PoleResidue",
  "eps_inf": 0.6312292818465213,
  "poles": [
    [
      {
        "real": -88042890866735.88,
        "imag": -1124842776282095.1
      },
      {
        "real": 5867840440501529.0,
        "imag": 1.5144098496536988e+16
      }
    ],
    [
      {
        "real": -1256697580729164.0,
        "imag": -2186612424202809.8
      },
      {
        "real": 2701311589195255.5,
        "imag": 3.7593687923811624e+16
      }
    ],
    [
      {
        "real": -1425232409950728.0,
        "imag": -5756117786177789.0
      },
      {
        "real": -4590880102121906.0,
        "imag": 1.4276036469313632e+16
      }
    ]
  ]
}