{
  "attrs": {},
  "name": "SCP_M3",
  "frequency_range": null,
  "allow_gain": false,
  "nonlinear_spec": null,
  "modulation_spec": null,
  "viz_spec": null,
  "heat_spec": null,
  "type": "PoleResidue",
  "eps_inf": 0.3831005148286033,
  "poles": [
    [
      {
        "real": -1737952712033889.5,
        "imag": -385625758898899.5
      },
      {
        "real": -5.091513577494841e+16,
        "imag": 9.033855028916086e+17
      }
    ],
    [
      {
        "real": -976213708435886.9,
        "imag": -1652589695808709.5
      },
      {
        "real": 4.367993030199058e+16,
        "imag": -5.755111684325413e+16
      }
    ],
    [
      {
        "real": -1437979882507289.0,
        "imag": -3499950603453718.5
      },
      {
        "real": 1.7026751175069992e+16,
        "imag": -1.4605234683840824e+16
      }
    ]
  ]
}