{
  "attrs": {},
  "name": "CP_M2",
  "frequency_range": null,
  "allow_gain": false,
  "nonlinear_spec": null,
  "modulation_spec": null,
  "viz_spec": null,
  "heat_spec": null,
  "type": "PoleResidue",
  "eps_inf": 1.4923546383624777,
  "poles": [
    [
      {
        "real": -521817777626696.56,
        "imag": -493369128386721.3
      },
      {
        "real": 1.025686393775551e+16,
        "imag": 3832359128846609.0
      }
    ],
    [
      {
        "real": -748781710376883.8,
        "imag": -6532085799233449.0
      },
      {
        "real": 427344968755733.0,
        "imag": 8206784787796386.0
      }
    ]
  ],
  "model_family": "CP",
  "order_N": 2
}