{
  "attrs": {},
  "name": "SCP_M3",
  "frequency_range": null,
  "allow_gain": false,
  "nonlinear_spec": null,
  "modulation_spec": null,
  "viz_spec": null,
  "heat_spec": null,
  "type": "PoleResidue",
  "eps_inf": 0.615309033860279,
  "poles": [
    [
      {
        "real": -1728661127784906.2,
        "imag": -94278566380448.47
      },
      {
        "real": 2.8499670035969496e+16,
        "imag": 1.343309515949811e+17
      }
    ],
    [
      {
        "real": -1099114662452999.8,
        "imag": -1266358934990906.2
      },
      {
        "real": -1.4308768172976008e+16,
        "imag": 984780460490705.2
      }
    ],
    [
      {
        "real": -561449805368341.06,
        "imag": -6512147606634403.0
      },
      {
        "real": 913826440819249.2,
        "imag": 6739306565321337.0
      }
    ]
  ]
}