{
  "attrs": {},
  "name": "CP_M1",
  "frequency_range": null,
  "allow_gain": false,
  "nonlinear_spec": null,
  "modulation_spec": null,
  "viz_spec": null,
  "heat_spec": null,
  "type": "PoleResidue",
  "eps_inf": 5.852330905039685,
  "poles": [
    [
      {
        "real": -504241056441213.7,
        "imag": -512178082929304.25
      },
      {
        "real": 1.038772061002372e+16,
        "imag": 1.0860542880305866e+16
      }
    ]
  ]
}