{
  "attrs": {},
  "name": "CP_M3",
  "frequency_range": null,
  "allow_gain": false,
  "nonlinear_spec": null,
  "modulation_spec": null,
  "viz_spec": null,
  "heat_spec": null,
  "type": "PoleResidue",
  "eps_inf": 1.886964540957341,
  "poles": [
    [
      {
        "real": -466386169504048.44,
        "imag": -631813030484002.4
      },
      {
        "real": 8797079494428489.0,
        "imag": 5704638988858530.0
      }
    ],
    [
      {
        "real": -885360647623435.6,
        "imag": -5642089575287833.0
      },
      {
        "real": -1748064261487884.8,
        "imag": -4394084184311477.5
      }
    ],
    [
      {
        "real": -968101922179693.6,
        "imag": -6551462201695695.0
      },
      {
        "real": -996789517839747.2,
        "imag": 1.593460032820537e+16
      }
    ]
  ]
}