{
  "attrs": {},
  "name": "SCP_M1",
  "frequency_range": null,
  "allow_gain": false,
  "nonlinear_spec": null,
  "modulation_spec": null,
  "viz_spec": null,
  "heat_spec": null,
  "type": "PoleResidue",
  "eps_inf": 6.0959195633707015,
  "poles": [
    [
      {
        "real": -97925709566438.6,
        "imag": -94302731788304.28
      },
      {
        "real": 1.119169061515328e+16,
        "imag": 1.6849742548903682e+16
      }
    ]
  ]
}