{
  "attrs": {},
  "name": "SCP_M2",
  "frequency_range": null,
  "allow_gain": false,
  "nonlinear_spec": null,
  "modulation_spec": null,
  "viz_spec": null,
  "heat_spec": null,
  "type": "PoleResidue",
  "eps_inf": 3.0750305828464124,
  "poles": [
    [
      {
        "real": -253741079970438.78,
        "imag": -94278586394907.38
      },
      {
        "real": 1.029317168530704e+16,
        "imag": -110651131696660.77
      }
    ],
    [
      {
        "real": -321205655120559.94,
        "imag": -6596718510969576.0
      },
      {
        "real": -2517101128645967.5,
        "imag": 5317338575455544.0
      }
    ]
  ]
}