{
  "attrs": {},
  "name": "RP_M2",
  "frequency_range": null,
  "allow_gain": false,
  "nonlinear_spec": null,
  "modulation_spec": null,
  "viz_spec": null,
  "heat_spec": null,
  "type": "PoleResidue",
  "eps_inf": 3.013832357222471,
  "poles": [
    [
      {
        "real": -357153581811186.25,
        "imag": 6542732661399491.0
      },
      {
        "real": -1930833464252698.8,
        "imag": -5322681997562565.0
      }
    ],
    [
      {
        "real": -262123285583008.28,
        "imag": 0.0
      },
      {
        "real": 1.0402058929726214e+16,
        "imag": 0.0
      }
    ]
  ],
  "model_family": "RP",
  "order_N": 2
}