{
  "attrs": {},
  "name": "CP_M2",
  "frequency_range": null,
  "allow_gain": false,
  "nonlinear_spec": null,
  "modulation_spec": null,
  "viz_spec": null,
  "heat_spec": null,
  "type": "PoleResidue",
  "eps_inf": 1.887488117467632,
  "poles": [
    [
      {
        "real": -499151879773111.44,
        "imag": -5227664408427717.0
      },
      {
        "real": 36024442759518.03,
        "imag": 48234196082639.125
      }
    ],
    [
      {
        "real": -4899753432941329.0,
        "imag": -1.2089885786408282e+16
      },
      {
        "real": 1115822086257053.2,
        "imag": 1849441079412295.8
      }
    ]
  ]
}