{
  "attrs": {},
  "name": "CP_M3",
  "frequency_range": null,
  "allow_gain": false,
  "nonlinear_spec": null,
  "modulation_spec": null,
  "viz_spec": null,
  "heat_spec": null,
  "type": "PoleResidue",
  "eps_inf": 1.866668595407354,
  "poles": [
    [
      {
        "real": -1277236136604418.8,
        "imag": -4923705394307386.0
      },
      {
        "real": -18352705387412.297,
        "imag": -32568168552981.35
      }
    ],
    [
      {
        "real": -501438179359219.7,
        "imag": -5228008683860539.0
      },
      {
        "real": 36239118268984.46,
        "imag": 58379287176446.49
      }
    ],
    [
      {
        "real": -6242261484522805.0,
        "imag": -1.2055533888662066e+16
      },
      {
        "real": 1564306583062264.5,
        "imag": 1988759296065450.5
      }
    ]
  ],
  "model_family": "CP",
  "order_N": 3
}