{
  "attrs": {},
  "name": "SCP_M2",
  "frequency_range": null,
  "allow_gain": false,
  "nonlinear_spec": null,
  "modulation_spec": null,
  "viz_spec": null,
  "heat_spec": null,
  "type": "PoleResidue",
  "eps_inf": 1.8078456740835107,
  "poles": [
    [
      {
        "real": -497568663611197.4,
        "imag": -5197722570102556.0
      },
      {
        "real": 41257617337414.984,
        "imag": 45201103743967.19
      }
    ],
    [
      {
        "real": -5338872578522988.0,
        "imag": -1.7061096312814968e+16
      },
      {
        "real": 985129394798923.2,
        "imag": 3593996488337862.0
      }
    ]
  ]
}