{
  "attrs": {},
  "name": "RP_M2",
  "frequency_range": null,
  "allow_gain": false,
  "nonlinear_spec": null,
  "modulation_spec": null,
  "viz_spec": null,
  "heat_spec": null,
  "type": "PoleResidue",
  "eps_inf": 2.168056801008639,
  "poles": [
    [
      {
        "real": -595246694330085.2,
        "imag": 5154724013136940.0
      },
      {
        "real": 74975420771640.95,
        "imag": -40053891366791.65
      }
    ],
    [
      {
        "real": -4549005264765684.0,
        "imag": 0.6278163296415538
      },
      {
        "real": 257289844028070.1,
        "imag": 1.3397389992881257e+29
      }
    ]
  ],
  "model_family": "RP",
  "order_N": 2
}