{
  "attrs": {},
  "name": "CP_M3",
  "frequency_range": null,
  "allow_gain": false,
  "nonlinear_spec": null,
  "modulation_spec": null,
  "viz_spec": null,
  "heat_spec": null,
  "type": "PoleResidue",
  "eps_inf": 0.7421229399648892,
  "poles": [
    [
      {
        "real": -1843033214341624.0,
        "imag": -2119647044330947.0
      },
      {
        "real": -4879388354622570.0,
        "imag": -5542583759015417.0
      }
    ],
    [
      {
        "real": -1101896659360500.2,
        "imag": -2373140287042632.5
      },
      {
        "real": -1358548337934160.8,
        "imag": -1261963845468001.2
      }
    ],
    [
      {
        "real": -1735230566335153.2,
        "imag": -5447490705393487.0
      },
      {
        "real": 7726472799772051.0,
        "imag": 5.749800384538209e+16
      }
    ]
  ]
}