{
  "attrs": {},
  "name": "SCP_M3",
  "frequency_range": null,
  "allow_gain": false,
  "nonlinear_spec": null,
  "modulation_spec": null,
  "viz_spec": null,
  "heat_spec": null,
  "type": "PoleResidue",
  "eps_inf": 0.9168904985908364,
  "poles": [
    [
      {
        "real": -1875575254181406.0,
        "imag": -2011515691311364.8
      },
      {
        "real": -2543794532556666.5,
        "imag": -8108447367766675.0
      }
    ],
    [
      {
        "real": -1036340529659588.6,
        "imag": -2175446393481645.0
      },
      {
        "real": -2543433733521666.0,
        "imag": 38987708368185.625
      }
    ],
    [
      {
        "real": -1713921332748461.8,
        "imag": -5483570086663441.0
      },
      {
        "real": 5889695086387153.0,
        "imag": 5.6824533033462024e+16
      }
    ]
  ]
}