{
  "attrs": {},
  "name": "RP_M3",
  "frequency_range": null,
  "allow_gain": false,
  "nonlinear_spec": null,
  "modulation_spec": null,
  "viz_spec": null,
  "heat_spec": null,
  "type": "PoleResidue",
  "eps_inf": 0.8645658939728094,
  "poles": [
    [
      {
        "real": -1989992518988700.5,
        "imag": -2016183189504852.8
      },
      {
        "real": -6037094971351615.0,
        "imag": -4310979626587242.0
      }
    ],
    [
      {
        "real": -1107599834482738.2,
        "imag": -2382237376760668.5
      },
      {
        "real": -1250507791702725.8,
        "imag": -1792799564926011.5
      }
    ],
    [
      {
        "real": -1732601671165477.2,
        "imag": -5448504417324555.0
      },
      {
        "real": 7889025384898732.0,
        "imag": 5.782347060275788e+16
      }
    ]
  ]
}