{
  "attrs": {},
  "name": "SCP_M2",
  "frequency_range": null,
  "allow_gain": false,
  "nonlinear_spec": null,
  "modulation_spec": null,
  "viz_spec": null,
  "heat_spec": null,
  "type": "PoleResidue",
  "eps_inf": 0.8387675924843612,
  "poles": [
    [
      {
        "real": -1457671052198568.2,
        "imag": -2487609107773956.0
      },
      {
        "real": -2659458436630140.0,
        "imag": -7318082521979312.0
      }
    ],
    [
      {
        "real": -1681721721924890.2,
        "imag": -5501915287447609.0
      },
      {
        "real": 4811155750982431.0,
        "imag": 5.459369888405749e+16
      }
    ]
  ],
  "model_family": "SCP",
  "order_N": 2
}