{
  "attrs": {},
  "name": "SCP_M3",
  "frequency_range": null,
  "allow_gain": false,
  "nonlinear_spec": null,
  "modulation_spec": null,
  "viz_spec": null,
  "heat_spec": null,
  "type": "PoleResidue",
  "eps_inf": 0.4004325618878422,
  "poles": [
    [
      {
        "real": -1861711083121504.0,
        "imag": -2099871515076754.5
      },
      {
        "real": -2507937215032662.5,
        "imag": -7198844782442849.0
      }
    ],
    [
      {
        "real": -1119063805020909.0,
        "imag": -2407008913791532.0
      },
      {
        "real": -2939508103305464.0,
        "imag": 402822866405106.2
      }
    ],
    [
      {
        "real": -1725873942234152.0,
        "imag": -5447878587510166.0
      },
      {
        "real": 1.3704645117504812e+16,
        "imag": 5.300650835336032e+16
      }
    ]
  ]
}