{
  "attrs": {},
  "name": "SCP_M2",
  "frequency_range": null,
  "allow_gain": false,
  "nonlinear_spec": null,
  "modulation_spec": null,
  "viz_spec": null,
  "heat_spec": null,
  "type": "PoleResidue",
  "eps_inf": 1.794042262883216,
  "poles": [
    [
      {
        "real": -4179248393154250.5,
        "imag": -85647064108459.9
      },
      {
        "real": 485057454473597.2,
        "imag": -1834616513190422.8
      }
    ],
    [
      {
        "real": -807445200037458.2,
        "imag": -1.571141095847377e+16
      },
      {
        "real": 1939388108202544.8,
        "imag": 7740904888615796.0
      }
    ]
  ]
}