{
  "attrs": {},
  "name": "RP_M2",
  "frequency_range": null,
  "allow_gain": false,
  "nonlinear_spec": null,
  "modulation_spec": null,
  "viz_spec": null,
  "heat_spec": null,
  "type": "PoleResidue",
  "eps_inf": 2.986724224080466,
  "poles": [
    [
      {
        "real": -429424865590948.75,
        "imag": 304235122774996.3
      },
      {
        "real": -2503955105286286.0,
        "imag": 1364775249098345.2
      }
    ],
    [
      {
        "real": -274947672979272.9,
        "imag": 0.10463605494476591
      },
      {
        "real": 2640838716320113.5,
        "imag": 0.0
      }
    ]
  ],
  "model_family": "RP",
  "order_N": 2
}