{
  "attrs": {},
  "name": "SCP_M2",
  "frequency_range": null,
  "allow_gain": false,
  "nonlinear_spec": null,
  "modulation_spec": null,
  "viz_spec": null,
  "heat_spec": null,
  "type": "PoleResidue",
  "eps_inf": 1.34063376185458,
  "poles": [
    [
      {
        "real": -4078225106674941.5,
        "imag": -85631712412027.4
      },
      {
        "real": 411487116921979.94,
        "imag": -589050655880414.8
      }
    ],
    [
      {
        "real": -1334544520448299.5,
        "imag": -1.864472632093402e+16
      },
      {
        "real": 3255713334628397.5,
        "imag": 1.3520873639848514e+16
      }
    ]
  ]
}