{
  "attrs": {},
  "name": "CP_M1",
  "frequency_range": null,
  "allow_gain": false,
  "nonlinear_spec": null,
  "modulation_spec": null,
  "viz_spec": null,
  "heat_spec": null,
  "type": "PoleResidue",
  "eps_inf": 4.941574722607433,
  "poles": [
    [
      {
        "real": -195933918013276.56,
        "imag": -85622679776929.1
      },
      {
        "real": 5967679187177508.0,
        "imag": 3.5559232042386412e+16
      }
    ]
  ]
}