{
  "attrs": {},
  "name": "CP_M1",
  "frequency_range": null,
  "allow_gain": false,
  "nonlinear_spec": null,
  "modulation_spec": null,
  "viz_spec": null,
  "heat_spec": null,
  "type": "PoleResidue",
  "eps_inf": 4.941405433204338,
  "poles": [
    [
      {
        "real": -196140308624076.28,
        "imag": -85622679776929.1
      },
      {
        "real": 5967471750179289.0,
        "imag": 3.556799393504069e+16
      }
    ]
  ]
}