{
  "attrs": {},
  "name": "SCP_M2",
  "frequency_range": null,
  "allow_gain": false,
  "nonlinear_spec": null,
  "modulation_spec": null,
  "viz_spec": null,
  "heat_spec": null,
  "type": "PoleResidue",
  "eps_inf": 0.8061112094412938,
  "poles": [
    [
      {
        "real": -138587769843647.4,
        "imag": -85622679785464.19
      },
      {
        "real": 5154228374860814.0,
        "imag": 5893993228320356.0
      }
    ],
    [
      {
        "real": -644848190861729.2,
        "imag": -7526090020839842.0
      },
      {
        "real": -4072899143050949.0,
        "imag": 1.1355667180992472e+16
      }
    ]
  ],
  "model_family": "SCP",
  "order_N": 2
}