{
  "attrs": {},
  "name": "CP_M1",
  "frequency_range": null,
  "allow_gain": false,
  "nonlinear_spec": null,
  "modulation_spec": null,
  "viz_spec": null,
  "heat_spec": null,
  "type": "PoleResidue",
  "eps_inf": 1.2669965804073822,
  "poles": [
    [
      {
        "real": -6283185307.179586,
        "imag": -1.0637853824547892e+16
      },
      {
        "real": 12347087382.009293,
        "imag": 1.2835438509395362e+16
      }
    ]
  ]
}