{
  "attrs": {},
  "name": "SCP_M1",
  "frequency_range": null,
  "allow_gain": false,
  "nonlinear_spec": null,
  "modulation_spec": null,
  "viz_spec": null,
  "heat_spec": null,
  "type": "PoleResidue",
  "eps_inf": 1.2986625141602057,
  "poles": [
    [
      {
        "real": -6283185307.807905,
        "imag": -1.0637853824547892e+16
      },
      {
        "real": 12164618197.797817,
        "imag": 1.2684974822039954e+16
      }
    ]
  ]
}