{
  "attrs": {},
  "name": "CP_M1",
  "frequency_range": null,
  "allow_gain": false,
  "nonlinear_spec": null,
  "modulation_spec": null,
  "viz_spec": null,
  "heat_spec": null,
  "type": "PoleResidue",
  "eps_inf": 1.2705312452164312,
  "poles": [
    [
      {
        "real": -6283185307.179586,
        "imag": -1.0636197444020818e+16
      },
      {
        "real": 12326622472.911785,
        "imag": 1.2815612773181074e+16
      }
    ]
  ],
  "model_family": "CP",
  "order_N": 1
}