{
  "attrs": {},
  "name": "SCP_M1",
  "frequency_range": null,
  "allow_gain": false,
  "nonlinear_spec": null,
  "modulation_spec": null,
  "viz_spec": null,
  "heat_spec": null,
  "type": "PoleResidue",
  "eps_inf": 1.298680955907924,
  "poles": [
    [
      {
        "real": -6283185307.807905,
        "imag": -1.0637826470347144e+16
      },
      {
        "real": 12164518035.29593,
        "imag": 1.2684843862574888e+16
      }
    ]
  ]
}