{
  "attrs": {},
  "name": "CP_M2",
  "frequency_range": null,
  "allow_gain": false,
  "nonlinear_spec": null,
  "modulation_spec": null,
  "viz_spec": null,
  "heat_spec": null,
  "type": "PoleResidue",
  "eps_inf": 3.373560828910873,
  "poles": [
    [
      {
        "real": -541934631387523.7,
        "imag": -4196073180944138.0
      },
      {
        "real": 1626095734730417.5,
        "imag": 1.3916130331383988e+16
      }
    ],
    [
      {
        "real": -1561913946793518.5,
        "imag": -6635925072875733.0
      },
      {
        "real": -353810830486879.7,
        "imag": 1.911860072561476e+16
      }
    ]
  ],
  "model_family": "CP",
  "order_N": 2
}