{
  "attrs": {},
  "name": "SCP_M3",
  "frequency_range": null,
  "allow_gain": false,
  "nonlinear_spec": null,
  "modulation_spec": null,
  "viz_spec": null,
  "heat_spec": null,
  "type": "PoleResidue",
  "eps_inf": 0.5910821007252035,
  "poles": [
    [
      {
        "real": -186541947421723.84,
        "imag": -3048583593101142.5
      },
      {
        "real": -58507391481977.625,
        "imag": 1226414942247935.8
      }
    ],
    [
      {
        "real": -613340618773004.4,
        "imag": -4204807690186894.5
      },
      {
        "real": 3914850748421008.0,
        "imag": 1.6365198880244992e+16
      }
    ],
    [
      {
        "real": -1362097120439557.2,
        "imag": -6619501627954886.0
      },
      {
        "real": 6998075930773331.0,
        "imag": 1.602836987860728e+16
      }
    ]
  ]
}