{
  "attrs": {},
  "name": "SCP_M1",
  "frequency_range": null,
  "allow_gain": false,
  "nonlinear_spec": null,
  "modulation_spec": null,
  "viz_spec": null,
  "heat_spec": null,
  "type": "PoleResidue",
  "eps_inf": 4.709218797616253,
  "poles": [
    [
      {
        "real": -960911788787516.4,
        "imag": -4074783073603253.5
      },
      {
        "real": 1.0107723022430958e+16,
        "imag": 2.0702224578166716e+16
      }
    ]
  ]
}