{
  "attrs": {},
  "name": "CP_M3",
  "frequency_range": null,
  "allow_gain": false,
  "nonlinear_spec": null,
  "modulation_spec": null,
  "viz_spec": null,
  "heat_spec": null,
  "type": "PoleResidue",
  "eps_inf": 3.972737329661055,
  "poles": [
    [
      {
        "real": -140206800042295.84,
        "imag": -3054759889442974.0
      },
      {
        "real": -88084909002741.1,
        "imag": 1049126136197827.6
      }
    ],
    [
      {
        "real": -585163349421649.5,
        "imag": -4142774525347239.5
      },
      {
        "real": 5044848691289661.0,
        "imag": 1.4794984516739358e+16
      }
    ],
    [
      {
        "real": -628147414721413.4,
        "imag": -6910831268296355.0
      },
      {
        "real": -4887743781411825.0,
        "imag": 9922555481972174.0
      }
    ]
  ]
}