{
  "attrs": {},
  "name": "CP_M2",
  "frequency_range": null,
  "allow_gain": false,
  "nonlinear_spec": null,
  "modulation_spec": null,
  "viz_spec": null,
  "heat_spec": null,
  "type": "PoleResidue",
  "eps_inf": 0.9866686198495351,
  "poles": [
    [
      {
        "real": -3304079789836487.5,
        "imag": -4772301986945911.0
      },
      {
        "real": 1.6546588452736898e+16,
        "imag": 4482646172119691.5
      }
    ],
    [
      {
        "real": -801134673378530.1,
        "imag": -5924534085562202.0
      },
      {
        "real": -1318483202685412.0,
        "imag": 4989006278657307.0
      }
    ]
  ]
}