{
  "attrs": {},
  "name": "CP_M2",
  "frequency_range": null,
  "allow_gain": false,
  "nonlinear_spec": null,
  "modulation_spec": null,
  "viz_spec": null,
  "heat_spec": null,
  "type": "PoleResidue",
  "eps_inf": 0.9591844890121971,
  "poles": [
    [
      {
        "real": -3314713874077741.0,
        "imag": -4780812688525563.0
      },
      {
        "real": 1.6714461580514802e+16,
        "imag": 4493374671362705.5
      }
    ],
    [
      {
        "real": -801556345227585.5,
        "imag": -5925863839800311.0
      },
      {
        "real": -1338029613461930.8,
        "imag": 4982626376482885.0
      }
    ]
  ],
  "model_family": "CP",
  "order_N": 2
}