{
  "attrs": {},
  "name": "SCP_M3",
  "frequency_range": null,
  "allow_gain": false,
  "nonlinear_spec": null,
  "modulation_spec": null,
  "viz_spec": null,
  "heat_spec": null,
  "type": "PoleResidue",
  "eps_inf": 2.402004502385934,
  "poles": [
    [
      {
        "real": -285407518887789.8,
        "imag": -2298725635307290.5
      },
      {
        "real": 226429003183812.6,
        "imag": -225637960326490.03
      }
    ],
    [
      {
        "real": -447544399265114.25,
        "imag": -4636005032290789.0
      },
      {
        "real": 780175344495752.6,
        "imag": -755958352373959.8
      }
    ],
    [
      {
        "real": -1735874541668512.5,
        "imag": -5847199854017341.0
      },
      {
        "real": 1473877892089017.2,
        "imag": 1.6368495599674896e+16
      }
    ]
  ]
}