{
  "attrs": {},
  "name": "SCP_M1",
  "frequency_range": null,
  "allow_gain": false,
  "nonlinear_spec": null,
  "modulation_spec": null,
  "viz_spec": null,
  "heat_spec": null,
  "type": "PoleResidue",
  "eps_inf": 3.0177990347054435,
  "poles": [
    [
      {
        "real": -1305816652796741.0,
        "imag": -5777304295314454.0
      },
      {
        "real": 2138360272133849.0,
        "imag": 1.2883131082127258e+16
      }
    ]
  ]
}