{
  "attrs": {},
  "name": "RP_M1",
  "frequency_range": null,
  "allow_gain": false,
  "nonlinear_spec": null,
  "modulation_spec": null,
  "viz_spec": null,
  "heat_spec": null,
  "type": "PoleResidue",
  "eps_inf": 3.2519066024283796,
  "poles": [
    [
      {
        "real": -1225468393123103.2,
        "imag": 5724165865999560.0
      },
      {
        "real": 1875964420063280.0,
        "imag": -1.2134576974807844e+16
      }
    ]
  ],
  "model_family": "RP",
  "order_N": 1
}