{
  "attrs": {},
  "name": "RP_M3",
  "frequency_range": null,
  "allow_gain": false,
  "nonlinear_spec": null,
  "modulation_spec": null,
  "viz_spec": null,
  "heat_spec": null,
  "type": "PoleResidue",
  "eps_inf": 2.426226349245045,
  "poles": [
    [
      {
        "real": -1700812140601320.5,
        "imag": -5862183820436258.0
      },
      {
        "real": 1409769214956850.5,
        "imag": 1.6064100920055434e+16
      }
    ],
    [
      {
        "real": -304835230850395.25,
        "imag": -2321633520602789.0
      },
      {
        "real": 261042358451894.06,
        "imag": -224125102008493.5
      }
    ],
    [
      {
        "real": -420703672827050.8,
        "imag": -4638257270781965.0
      },
      {
        "real": 727498537293465.1,
        "imag": -672887750069100.6
      }
    ]
  ]
}