{
  "attrs": {},
  "name": "SCP_M3",
  "frequency_range": null,
  "allow_gain": false,
  "nonlinear_spec": null,
  "modulation_spec": null,
  "viz_spec": null,
  "heat_spec": null,
  "type": "PoleResidue",
  "eps_inf": 1.4713989095901414,
  "poles": [
    [
      {
        "real": -734757880200500.8,
        "imag": -85622679901811.31
      },
      {
        "real": 1270744932445922.2,
        "imag": 7.297650081203242e+16
      }
    ],
    [
      {
        "real": -1298228147239230.2,
        "imag": -4001295979620632.0
      },
      {
        "real": 5235265626008246.0,
        "imag": 1908768390868302.8
      }
    ],
    [
      {
        "real": -477839625721318.4,
        "imag": -2929577274990139.5
      },
      {
        "real": 180542414518428.22,
        "imag": 360298895004264.94
      }
    ]
  ]
}