{
  "attrs": {},
  "name": "SCP_M2",
  "frequency_range": null,
  "allow_gain": false,
  "nonlinear_spec": null,
  "modulation_spec": null,
  "viz_spec": null,
  "heat_spec": null,
  "type": "PoleResidue",
  "eps_inf": 1.7764127314605855,
  "poles": [
    [
      {
        "real": -635494547653897.6,
        "imag": -647410895756872.6
      },
      {
        "real": 13117835139483.604,
        "imag": 1.0315493987559234e+16
      }
    ],
    [
      {
        "real": -1676860354142998.0,
        "imag": -4283009272596996.5
      },
      {
        "real": 4732885369021538.0,
        "imag": 5168562436288918.0
      }
    ]
  ]
}