{
  "attrs": {},
  "name": "RP_M3",
  "frequency_range": null,
  "allow_gain": false,
  "nonlinear_spec": null,
  "modulation_spec": null,
  "viz_spec": null,
  "heat_spec": null,
  "type": "PoleResidue",
  "eps_inf": 1.2774281530839005,
  "poles": [
    [
      {
        "real": -1056617768093302.4,
        "imag": 4052263251986339.5
      },
      {
        "real": 3371821919301120.0,
        "imag": -701364042478037.1
      }
    ],
    [
      {
        "real": -695126462237787.8,
        "imag": 2505492319228424.0
      },
      {
        "real": 769759656583482.2,
        "imag": 644300835326577.8
      }
    ],
    [
      {
        "real": -23056458661136.516,
        "imag": 0.7413867176220988
      },
      {
        "real": 3889547413101251.0,
        "imag": -1.8714581744136337e+29
      }
    ]
  ],
  "model_family": "RP",
  "order_N": 3
}