{
  "attrs": {},
  "name": "SCP_M3",
  "frequency_range": null,
  "allow_gain": false,
  "nonlinear_spec": null,
  "modulation_spec": null,
  "viz_spec": null,
  "heat_spec": null,
  "type": "PoleResidue",
  "eps_inf": 1.4713962839564196,
  "poles": [
    [
      {
        "real": -734745300876100.1,
        "imag": -85622679947617.98
      },
      {
        "real": 1270847266106928.0,
        "imag": 7.297440371703118e+16
      }
    ],
    [
      {
        "real": -1298228013029953.2,
        "imag": -4001309987060160.5
      },
      {
        "real": 5235118065912410.0,
        "imag": 1908728637538293.5
      }
    ],
    [
      {
        "real": -477865543707982.0,
        "imag": -2929532637807976.5
      },
      {
        "real": 180619615371899.38,
        "imag": 360271830593887.5
      }
    ]
  ]
}