{
  "attrs": {},
  "name": "CP_M3",
  "frequency_range": null,
  "allow_gain": false,
  "nonlinear_spec": null,
  "modulation_spec": null,
  "viz_spec": null,
  "heat_spec": null,
  "type": "PoleResidue",
  "eps_inf": 2.3006590538861134,
  "poles": [
    [
      {
        "real": -180300423908148.9,
        "imag": -3095085210809385.0
      },
      {
        "real": 681807336256137.2,
        "imag": 934716080294226.2
      }
    ],
    [
      {
        "real": -1180208027175485.0,
        "imag": -3353205727505630.5
      },
      {
        "real": 1.0837120723950696e+16,
        "imag": 1.0339611041875288e+16
      }
    ],
    [
      {
        "real": -760163449099457.4,
        "imag": -6424643260054265.0
      },
      {
        "real": -9776933340900622.0,
        "imag": 1.3936141486064258e+16
      }
    ]
  ],
  "model_family": "CP",
  "order_N": 3
}