{
  "attrs": {},
  "name": "CP_M2",
  "frequency_range": null,
  "allow_gain": false,
  "nonlinear_spec": null,
  "modulation_spec": null,
  "viz_spec": null,
  "heat_spec": null,
  "type": "PoleResidue",
  "eps_inf": 0.47156453996935016,
  "poles": [
    [
      {
        "real": -1048982669130530.5,
        "imag": -3300179096487093.0
      },
      {
        "real": 1.1685150492408698e+16,
        "imag": 1.1918538189337698e+16
      }
    ],
    [
      {
        "real": -877814468267077.9,
        "imag": -6311176214428646.0
      },
      {
        "real": -5254837285130120.0,
        "imag": 1.644155388201588e+16
      }
    ]
  ]
}