{
  "attrs": {},
  "name": "CP_M1",
  "frequency_range": null,
  "allow_gain": false,
  "nonlinear_spec": null,
  "modulation_spec": null,
  "viz_spec": null,
  "heat_spec": null,
  "type": "PoleResidue",
  "eps_inf": 0.6154811883636335,
  "poles": [
    [
      {
        "real": -1584769898010120.5,
        "imag": -3680787617045164.0
      },
      {
        "real": 2.2152960335467692e+16,
        "imag": 2.2888571210362132e+16
      }
    ]
  ]
}