{
  "attrs": {},
  "name": "CP_M1",
  "frequency_range": null,
  "allow_gain": false,
  "nonlinear_spec": null,
  "modulation_spec": null,
  "viz_spec": null,
  "heat_spec": null,
  "type": "PoleResidue",
  "eps_inf": 5.675619486816671,
  "poles": [
    [
      {
        "real": -23123948455585.5,
        "imag": -455524453383776.25
      },
      {
        "real": 1006258413650330.6,
        "imag": 2.1528092174705683e+17
      }
    ]
  ]
}