{
  "attrs": {},
  "name": "CP_M3",
  "frequency_range": null,
  "allow_gain": false,
  "nonlinear_spec": null,
  "modulation_spec": null,
  "viz_spec": null,
  "heat_spec": null,
  "type": "PoleResidue",
  "eps_inf": 2.338385199541407,
  "poles": [
    [
      {
        "real": -542524140024325.06,
        "imag": -270803450085650.62
      },
      {
        "real": 3.7285745497030944e+17,
        "imag": 1.7015083825490227e+17
      }
    ],
    [
      {
        "real": -180959643221115.2,
        "imag": -328972838186390.7
      },
      {
        "real": -3.715660418730491e+17,
        "imag": 5.4127860801947546e+17
      }
    ],
    [
      {
        "real": -448207797361393.7,
        "imag": -6444156519764450.0
      },
      {
        "real": 1347775440903067.0,
        "imag": 1795228053556093.5
      }
    ]
  ]
}