{
  "attrs": {},
  "name": "CP_M2",
  "frequency_range": null,
  "allow_gain": false,
  "nonlinear_spec": null,
  "modulation_spec": null,
  "viz_spec": null,
  "heat_spec": null,
  "type": "PoleResidue",
  "eps_inf": 1.8666803087594355,
  "poles": [
    [
      {
        "real": -17655050935207.91,
        "imag": -793219969678759.2
      },
      {
        "real": 878225433273081.2,
        "imag": 9.814668428148067e+16
      }
    ],
    [
      {
        "real": -313168955469328.5,
        "imag": -6400657813453148.0
      },
      {
        "real": 818568291207501.5,
        "imag": 1653568479121107.5
      }
    ]
  ]
}