{
  "attrs": {},
  "name": "CP_M2",
  "frequency_range": null,
  "allow_gain": false,
  "nonlinear_spec": null,
  "modulation_spec": null,
  "viz_spec": null,
  "heat_spec": null,
  "type": "PoleResidue",
  "eps_inf": 2.1577551812723867,
  "poles": [
    [
      {
        "real": -4733060200365.416,
        "imag": -373647098083038.6
      },
      {
        "real": 1758382285744708.0,
        "imag": 2.327911444711462e+17
      }
    ],
    [
      {
        "real": -567152559768059.2,
        "imag": -6380392776379363.0
      },
      {
        "real": 1840462772765740.2,
        "imag": 1563800477736809.2
      }
    ]
  ],
  "model_family": "CP",
  "order_N": 2
}