{
  "attrs": {},
  "name": "CP_M1",
  "frequency_range": null,
  "allow_gain": false,
  "nonlinear_spec": null,
  "modulation_spec": null,
  "viz_spec": null,
  "heat_spec": null,
  "type": "PoleResidue",
  "eps_inf": 5.522984526450431,
  "poles": [
    [
      {
        "real": -32756113529214.266,
        "imag": -568821358010489.1
      },
      {
        "real": 924950875590005.1,
        "imag": 1.6764286052323674e+17
      }
    ]
  ]
}