{
  "attrs": {},
  "name": "SCP_M2",
  "frequency_range": null,
  "allow_gain": false,
  "nonlinear_spec": null,
  "modulation_spec": null,
  "viz_spec": null,
  "heat_spec": null,
  "type": "PoleResidue",
  "eps_inf": 2.486013459765679,
  "poles": [
    [
      {
        "real": -6283203786.142076,
        "imag": -95072173071418.0
      },
      {
        "real": 1234840029981322.0,
        "imag": 9.507215306220526e+17
      }
    ],
    [
      {
        "real": -410273407814844.1,
        "imag": -6467604667584024.0
      },
      {
        "real": 1162648561342116.2,
        "imag": 1842281354084540.5
      }
    ]
  ]
}