{
  "attrs": {},
  "name": "SCP_M2",
  "frequency_range": null,
  "allow_gain": false,
  "nonlinear_spec": null,
  "modulation_spec": null,
  "viz_spec": null,
  "heat_spec": null,
  "type": "PoleResidue",
  "eps_inf": 2.4989371523898383,
  "poles": [
    [
      {
        "real": -6283187465.188783,
        "imag": -85950807768490.45
      },
      {
        "real": 1243206839524603.0,
        "imag": 1.0522589289554831e+18
      }
    ],
    [
      {
        "real": -411345405972993.4,
        "imag": -6464467578038759.0
      },
      {
        "real": 1165609189112641.2,
        "imag": 1825594046197623.8
      }
    ]
  ],
  "model_family": "SCP",
  "order_N": 2
}