{
  "attrs": {},
  "name": "SCP_M1",
  "frequency_range": null,
  "allow_gain": false,
  "nonlinear_spec": null,
  "modulation_spec": null,
  "viz_spec": null,
  "heat_spec": null,
  "type": "PoleResidue",
  "eps_inf": 5.931860600758378,
  "poles": [
    [
      {
        "real": -6283185312.618256,
        "imag": -85622679776929.16
      },
      {
        "real": 1203579235460619.2,
        "imag": 1.1990491672493286e+18
      }
    ]
  ]
}