{
  "attrs": {},
  "name": "SCP_M3",
  "frequency_range": null,
  "allow_gain": false,
  "nonlinear_spec": null,
  "modulation_spec": null,
  "viz_spec": null,
  "heat_spec": null,
  "type": "PoleResidue",
  "eps_inf": 1.7533871745953462,
  "poles": [
    [
      {
        "real": -22772936034000.984,
        "imag": -94800793303587.19
      },
      {
        "real": 281668725811845.06,
        "imag": 9.480079330358683e+17
      }
    ],
    [
      {
        "real": -315395543801675.56,
        "imag": -6268902093318767.0
      },
      {
        "real": 528380248983469.9,
        "imag": 625609243873760.6
      }
    ],
    [
      {
        "real": -106384749459432.52,
        "imag": -7615942718145017.0
      },
      {
        "real": -707493945467311.1,
        "imag": 3487045961597363.5
      }
    ]
  ]
}