{
  "attrs": {},
  "name": "CP_M2",
  "frequency_range": null,
  "allow_gain": false,
  "nonlinear_spec": null,
  "modulation_spec": null,
  "viz_spec": null,
  "heat_spec": null,
  "type": "PoleResidue",
  "eps_inf": 1.9910612703635255,
  "poles": [
    [
      {
        "real": -234252599621340.78,
        "imag": -5138398697884894.0
      },
      {
        "real": 5308040347715138.0,
        "imag": 5363969409974098.0
      }
    ],
    [
      {
        "real": -627734412819698.9,
        "imag": -6599038219038767.0
      },
      {
        "real": -5297414712564986.0,
        "imag": 2.6541536470539676e+16
      }
    ]
  ]
}