{
  "attrs": {},
  "name": "SCP_M2",
  "frequency_range": null,
  "allow_gain": false,
  "nonlinear_spec": null,
  "modulation_spec": null,
  "viz_spec": null,
  "heat_spec": null,
  "type": "PoleResidue",
  "eps_inf": 0.41173765498546416,
  "poles": [
    [
      {
        "real": -588915551088142.5,
        "imag": -5599894960106679.0
      },
      {
        "real": -602945550794194.9,
        "imag": 1.8166015016285028e+16
      }
    ],
    [
      {
        "real": -551935173145760.8,
        "imag": -6426797210822325.0
      },
      {
        "real": 8699563177057590.0,
        "imag": 1.6821257250467886e+16
      }
    ]
  ]
}