{
  "attrs": {},
  "name": "CP_M3",
  "frequency_range": null,
  "allow_gain": false,
  "nonlinear_spec": null,
  "modulation_spec": null,
  "viz_spec": null,
  "heat_spec": null,
  "type": "PoleResidue",
  "eps_inf": 2.5496604836775982,
  "poles": [
    [
      {
        "real": -168903425323190.12,
        "imag": -5117784615535312.0
      },
      {
        "real": 2185663597529693.5,
        "imag": 3214651189122313.5
      }
    ],
    [
      {
        "real": -546182897161098.1,
        "imag": -5399699422677099.0
      },
      {
        "real": 5679806933283292.0,
        "imag": 5613603338745332.0
      }
    ],
    [
      {
        "real": -528845960516369.7,
        "imag": -6665474497355920.0
      },
      {
        "real": -7659049589530120.0,
        "imag": 1.9960905027413176e+16
      }
    ]
  ]
}