{
  "attrs": {},
  "name": "SCP_M1",
  "frequency_range": null,
  "allow_gain": false,
  "nonlinear_spec": null,
  "modulation_spec": null,
  "viz_spec": null,
  "heat_spec": null,
  "type": "PoleResidue",
  "eps_inf": 16.850829177610127,
  "poles": [
    [
      {
        "real": -1043392301114855.6,
        "imag": -3089398963685820.0
      },
      {
        "real": 263495981563.0094,
        "imag": 233743514027.44678
      }
    ]
  ]
}