{
  "attrs": {},
  "name": "CP_M1",
  "frequency_range": null,
  "allow_gain": false,
  "nonlinear_spec": null,
  "modulation_spec": null,
  "viz_spec": null,
  "heat_spec": null,
  "type": "PoleResidue",
  "eps_inf": 5.042359677343067,
  "poles": [
    [
      {
        "real": -1239857319136157.5,
        "imag": -4114034464951158.0
      },
      {
        "real": 1.3379988229372894e+16,
        "imag": 2.1466323271145788e+16
      }
    ]
  ]
}