{
  "attrs": {},
  "name": "CP_M3",
  "frequency_range": null,
  "allow_gain": false,
  "nonlinear_spec": null,
  "modulation_spec": null,
  "viz_spec": null,
  "heat_spec": null,
  "type": "PoleResidue",
  "eps_inf": 2.81841706640745,
  "poles": [
    [
      {
        "real": -171768773400268.06,
        "imag": -3255151553974298.5
      },
      {
        "real": 114165740182388.3,
        "imag": 1007084155837058.2
      }
    ],
    [
      {
        "real": -1239857319136157.5,
        "imag": -4114034464951158.0
      },
      {
        "real": 1.2480496841441898e+16,
        "imag": 1.8728938134878932e+16
      }
    ],
    [
      {
        "real": -593621767715501.4,
        "imag": -7209136364127287.0
      },
      {
        "real": -3738053393446921.5,
        "imag": 8381119701635956.0
      }
    ]
  ]
}