{
  "attrs": {},
  "name": "CP_M3",
  "frequency_range": null,
  "allow_gain": false,
  "nonlinear_spec": null,
  "modulation_spec": null,
  "viz_spec": null,
  "heat_spec": null,
  "type": "PoleResidue",
  "eps_inf": 2.8908223870627126,
  "poles": [
    [
      {
        "real": -171074026249135.72,
        "imag": -3255183321704848.0
      },
      {
        "real": 106128211163463.5,
        "imag": 1002729445120667.4
      }
    ],
    [
      {
        "real": -1234214314551950.5,
        "imag": -4107012104417613.0
      },
      {
        "real": 1.2462719694807192e+16,
        "imag": 1.853499312321989e+16
      }
    ],
    [
      {
        "real": -594171630412041.2,
        "imag": -7233251298897973.0
      },
      {
        "real": -4071392214212747.5,
        "imag": 8440608102597995.0
      }
    ]
  ]
}