{
  "attrs": {},
  "name": "CP_M2",
  "frequency_range": null,
  "allow_gain": false,
  "nonlinear_spec": null,
  "modulation_spec": null,
  "viz_spec": null,
  "heat_spec": null,
  "type": "PoleResidue",
  "eps_inf": 3.3537375352809113,
  "poles": [
    [
      {
        "real": -1239857319136157.5,
        "imag": -4114034464951158.0
      },
      {
        "real": 1.0901351272882078e+16,
        "imag": 2.0482778473375204e+16
      }
    ],
    [
      {
        "real": -593621767715501.4,
        "imag": -7209136364127287.0
      },
      {
        "real": -3713117844770920.5,
        "imag": 8647666738560435.0
      }
    ]
  ]
}