{
  "attrs": {},
  "name": "SCP_M3",
  "frequency_range": null,
  "allow_gain": false,
  "nonlinear_spec": null,
  "modulation_spec": null,
  "viz_spec": null,
  "heat_spec": null,
  "type": "PoleResidue",
  "eps_inf": 1.169505712222416,
  "poles": [
    [
      {
        "real": -1170880990590196.5,
        "imag": -451541261954245.75
      },
      {
        "real": -4766832030391491.0,
        "imag": 1.82085903323723e+16
      }
    ],
    [
      {
        "real": -2551515935913752.0,
        "imag": -85622690592164.6
      },
      {
        "real": 1.1459695659614426e+16,
        "imag": -941484233710730.5
      }
    ],
    [
      {
        "real": -1636616427875236.0,
        "imag": -6147338908990928.0
      },
      {
        "real": 383291873518768.44,
        "imag": 823146232800902.9
      }
    ]
  ]
}