{
  "attrs": {},
  "name": "SCP_M2",
  "frequency_range": null,
  "allow_gain": false,
  "nonlinear_spec": null,
  "modulation_spec": null,
  "viz_spec": null,
  "heat_spec": null,
  "type": "PoleResidue",
  "eps_inf": 1.7869420332062589,
  "poles": [
    [
      {
        "real": -3847721463744282.0,
        "imag": -8952662560794493.0
      },
      {
        "real": 247881708257.36224,
        "imag": 297367597646.2521
      }
    ],
    [
      {
        "real": -3847721462399646.0,
        "imag": -8952662563141078.0
      },
      {
        "real": 247881810316.76782,
        "imag": 297366923670.62146
      }
    ]
  ]
}