{
  "attrs": {},
  "name": "SCP_M1",
  "frequency_range": null,
  "allow_gain": false,
  "nonlinear_spec": null,
  "modulation_spec": null,
  "viz_spec": null,
  "heat_spec": null,
  "type": "PoleResidue",
  "eps_inf": 1.713205575717536,
  "poles": [
    [
      {
        "real": -6393673932.677577,
        "imag": -6742862534482020.0
      },
      {
        "real": -894109653.5616852,
        "imag": 171578785582501.16
      }
    ]
  ]
}