{
  "attrs": {},
  "name": "CP_M1",
  "frequency_range": null,
  "allow_gain": false,
  "nonlinear_spec": null,
  "modulation_spec": null,
  "viz_spec": null,
  "heat_spec": null,
  "type": "PoleResidue",
  "eps_inf": 1.7176470641840693,
  "poles": [
    [
      {
        "real": -6283185307.179586,
        "imag": -6695250945404813.0
      },
      {
        "real": -906568160.7316989,
        "imag": 157686718104619.25
      }
    ]
  ]
}