{
  "attrs": {},
  "name": "CP_M1",
  "frequency_range": null,
  "allow_gain": false,
  "nonlinear_spec": null,
  "modulation_spec": null,
  "viz_spec": null,
  "heat_spec": null,
  "type": "PoleResidue",
  "eps_inf": 1.7175651360828967,
  "poles": [
    [
      {
        "real": -6283185307.179586,
        "imag": -6696097047296689.0
      },
      {
        "real": -906456166.3726203,
        "imag": 157929967493303.5
      }
    ]
  ]
}