{
  "attrs": {},
  "name": "RP_M3",
  "frequency_range": null,
  "allow_gain": false,
  "nonlinear_spec": null,
  "modulation_spec": null,
  "viz_spec": null,
  "heat_spec": null,
  "type": "PoleResidue",
  "eps_inf": 1.7798757659253899,
  "poles": [
    [
      {
        "real": -628.3185307179587,
        "imag": 6325982578995228.0
      },
      {
        "real": 50959802815.316185,
        "imag": -22473095478802.76
      }
    ],
    [
      {
        "real": -628.3185307179587,
        "imag": 1.4221796673567786
      },
      {
        "real": 5195801004805.9,
        "imag": -3.212450798044907e+28
      }
    ],
    [
      {
        "real": -1.1916109091031846e+16,
        "imag": 1.1161264346667124
      },
      {
        "real": 87578616759885.89,
        "imag": 3.1343712542479307e+29
      }
    ]
  ],
  "model_family": "RP",
  "order_N": 3
}