{
  "attrs": {},
  "name": "CP_M1",
  "frequency_range": null,
  "allow_gain": false,
  "nonlinear_spec": null,
  "modulation_spec": null,
  "viz_spec": null,
  "heat_spec": null,
  "type": "PoleResidue",
  "eps_inf": 5.800599684024545,
  "poles": [
    [
      {
        "real": -37249222725174.625,
        "imag": -883670524930014.6
      },
      {
        "real": 5692448190820399.0,
        "imag": 7.787679325020086e+16
      }
    ]
  ]
}