{
  "attrs": {},
  "name": "CP_M2",
  "frequency_range": null,
  "allow_gain": false,
  "nonlinear_spec": null,
  "modulation_spec": null,
  "viz_spec": null,
  "heat_spec": null,
  "type": "PoleResidue",
  "eps_inf": 0.28831837245779074,
  "poles": [
    [
      {
        "real": -89335577323596.52,
        "imag": -728163131230456.1
      },
      {
        "real": -4776193110839309.0,
        "imag": 1.1866812271658947e+17
      }
    ],
    [
      {
        "real": -2670189972340158.0,
        "imag": -4776411995402222.0
      },
      {
        "real": 1.2785333032206472e+16,
        "imag": 1.9054321474263828e+16
      }
    ]
  ]
}