{
  "attrs": {},
  "name": "SCP_M1",
  "frequency_range": null,
  "allow_gain": false,
  "nonlinear_spec": null,
  "modulation_spec": null,
  "viz_spec": null,
  "heat_spec": null,
  "type": "PoleResidue",
  "eps_inf": 6.759978076059586,
  "poles": [
    [
      {
        "real": -16019316934820.994,
        "imag": -523285152840703.8
      },
      {
        "real": 6436662707150094.0,
        "imag": 1.5064159758684384e+17
      }
    ]
  ]
}