{
  "attrs": {},
  "name": "SCP_M2",
  "frequency_range": null,
  "allow_gain": false,
  "nonlinear_spec": null,
  "modulation_spec": null,
  "viz_spec": null,
  "heat_spec": null,
  "type": "PoleResidue",
  "eps_inf": 1.0573938042554856,
  "poles": [
    [
      {
        "real": -6283185307.192794,
        "imag": -92681757110319.25
      },
      {
        "real": 4969893116284924.0,
        "imag": 9.26817571103127e+17
      }
    ],
    [
      {
        "real": -1374130728662061.2,
        "imag": -3715069247090041.5
      },
      {
        "real": 1.102730179419486e+16,
        "imag": -1435788730933423.8
      }
    ]
  ]
}