{
  "attrs": {},
  "name": "SCP_M1",
  "frequency_range": null,
  "allow_gain": false,
  "nonlinear_spec": null,
  "modulation_spec": null,
  "viz_spec": null,
  "heat_spec": null,
  "type": "PoleResidue",
  "eps_inf": 0.5327661200662557,
  "poles": [
    [
      {
        "real": -1949314275050459.2,
        "imag": -4889831271402962.0
      },
      {
        "real": 2.001909544269372e+16,
        "imag": 2.364775295291967e+16
      }
    ]
  ]
}