{
  "attrs": {},
  "name": "CP_M3",
  "frequency_range": null,
  "allow_gain": false,
  "nonlinear_spec": null,
  "modulation_spec": null,
  "viz_spec": null,
  "heat_spec": null,
  "type": "PoleResidue",
  "eps_inf": 2.990730880059393,
  "poles": [
    [
      {
        "real": -456145334476734.1,
        "imag": -4449519976922504.0
      },
      {
        "real": 4727693855676399.0,
        "imag": 4155496054104947.0
      }
    ],
    [
      {
        "real": -2083578606714418.5,
        "imag": -4899321083850274.0
      },
      {
        "real": 1155628768976314.8,
        "imag": 9490440098311946.0
      }
    ],
    [
      {
        "real": -427854481545568.5,
        "imag": -7306982617866506.0
      },
      {
        "real": -5003984572564455.0,
        "imag": 1.2578662668279358e+16
      }
    ]
  ],
  "model_family": "CP",
  "order_N": 3
}