{
  "attrs": {},
  "name": "SCP_M1",
  "frequency_range": null,
  "allow_gain": false,
  "nonlinear_spec": null,
  "modulation_spec": null,
  "viz_spec": null,
  "heat_spec": null,
  "type": "PoleResidue",
  "eps_inf": 3.624238467398777,
  "poles": [
    [
      {
        "real": -1074994588075795.2,
        "imag": -4038166708663472.5
      },
      {
        "real": 1.1602512928695054e+16,
        "imag": 2.2971808625632644e+16
      }
    ]
  ]
}