{
  "attrs": {},
  "name": "CP_M1",
  "frequency_range": null,
  "allow_gain": false,
  "nonlinear_spec": null,
  "modulation_spec": null,
  "viz_spec": null,
  "heat_spec": null,
  "type": "PoleResidue",
  "eps_inf": 4.724347117822076,
  "poles": [
    [
      {
        "real": -921789886745626.9,
        "imag": -4077638871816156.0
      },
      {
        "real": 9240533507809576.0,
        "imag": 2.1630597097829148e+16
      }
    ]
  ]
}