{
  "attrs": {},
  "name": "SCP_M1",
  "frequency_range": null,
  "allow_gain": false,
  "nonlinear_spec": null,
  "modulation_spec": null,
  "viz_spec": null,
  "heat_spec": null,
  "type": "PoleResidue",
  "eps_inf": 3.624499437699839,
  "poles": [
    [
      {
        "real": -1074970814489391.4,
        "imag": -4038184781234688.5
      },
      {
        "real": 1.160180689088185e+16,
        "imag": 2.2971642291088252e+16
      }
    ]
  ]
}