{
  "attrs": {},
  "name": "RP_M1",
  "frequency_range": null,
  "allow_gain": false,
  "nonlinear_spec": null,
  "modulation_spec": null,
  "viz_spec": null,
  "heat_spec": null,
  "type": "PoleResidue",
  "eps_inf": 3.3992526730175925,
  "poles": [
    [
      {
        "real": -977717134198995.0,
        "imag": -4057162282494897.0
      },
      {
        "real": 1.0947527896632434e+16,
        "imag": 2.3390397495934264e+16
      }
    ]
  ]
}