{
  "attrs": {},
  "name": "SCP_M3",
  "frequency_range": null,
  "allow_gain": false,
  "nonlinear_spec": null,
  "modulation_spec": null,
  "viz_spec": null,
  "heat_spec": null,
  "type": "PoleResidue",
  "eps_inf": 1.3210316374812283,
  "poles": [
    [
      {
        "real": -1090318539903.189,
        "imag": -599928736096303.0
      },
      {
        "real": -1819158135310276.0,
        "imag": 1.5393030829702e+17
      }
    ],
    [
      {
        "real": -711129096909380.8,
        "imag": -1722811682562910.8
      },
      {
        "real": 7978329072191908.0,
        "imag": 6256031652676.339
      }
    ],
    [
      {
        "real": -1381536992015046.2,
        "imag": -3623566992087497.5
      },
      {
        "real": 1.1436557427727252e+16,
        "imag": -3780063301645234.5
      }
    ]
  ]
}