{
  "attrs": {},
  "name": "CP_M2",
  "frequency_range": null,
  "allow_gain": false,
  "nonlinear_spec": null,
  "modulation_spec": null,
  "viz_spec": null,
  "heat_spec": null,
  "type": "PoleResidue",
  "eps_inf": 2.8438224952421636,
  "poles": [
    [
      {
        "real": -128120941323325.67,
        "imag": -1152413233920943.8
      },
      {
        "real": -2194719814765496.5,
        "imag": 6.701554849243647e+16
      }
    ],
    [
      {
        "real": -1648851596472381.0,
        "imag": -4861721613219292.0
      },
      {
        "real": 4994540538666327.0,
        "imag": 1.1597203398387904e+16
      }
    ]
  ]
}