{
  "attrs": {},
  "name": "SCP_M1",
  "frequency_range": null,
  "allow_gain": false,
  "nonlinear_spec": null,
  "modulation_spec": null,
  "viz_spec": null,
  "heat_spec": null,
  "type": "PoleResidue",
  "eps_inf": 5.97871708685123,
  "poles": [
    [
      {
        "real": -68973084390731.87,
        "imag": -1108208146405541.4
      },
      {
        "real": 5874054048864379.0,
        "imag": 6.005309030580979e+16
      }
    ]
  ]
}