{
  "attrs": {},
  "name": "CP_M2",
  "frequency_range": null,
  "allow_gain": false,
  "nonlinear_spec": null,
  "modulation_spec": null,
  "viz_spec": null,
  "heat_spec": null,
  "type": "PoleResidue",
  "eps_inf": 1.3435432250421553,
  "poles": [
    [
      {
        "real": -140008978511698.5,
        "imag": -584837100850380.4
      },
      {
        "real": -7640234190701925.0,
        "imag": 1.724644911470173e+17
      }
    ],
    [
      {
        "real": -2777799870105578.0,
        "imag": -4251618965241959.5
      },
      {
        "real": 1.8848172645766428e+16,
        "imag": 1.8965637066635424e+16
      }
    ]
  ],
  "model_family": "CP",
  "order_N": 2
}