{
  "attrs": {},
  "name": "SCP_M3",
  "frequency_range": null,
  "allow_gain": false,
  "nonlinear_spec": null,
  "modulation_spec": null,
  "viz_spec": null,
  "heat_spec": null,
  "type": "PoleResidue",
  "eps_inf": 1.737064009317842,
  "poles": [
    [
      {
        "real": -654294100904.0427,
        "imag": -773262659570131.2
      },
      {
        "real": -6547938021428931.0,
        "imag": 1.1417901346226454e+17
      }
    ],
    [
      {
        "real": -4504749431552786.0,
        "imag": -2214064812094324.0
      },
      {
        "real": 1.6178068356656276e+16,
        "imag": 8.170820196557904e+16
      }
    ],
    [
      {
        "real": -908726686421746.4,
        "imag": -3195167691119057.5
      },
      {
        "real": -988907162031067.1,
        "imag": -5872401621233604.0
      }
    ]
  ],
  "model_family": "SCP",
  "order_N": 3
}