{
  "attrs": {},
  "name": "CP_M3",
  "frequency_range": null,
  "allow_gain": false,
  "nonlinear_spec": null,
  "modulation_spec": null,
  "viz_spec": null,
  "heat_spec": null,
  "type": "PoleResidue",
  "eps_inf": 0.9089056746146428,
  "poles": [
    [
      {
        "real": -504182292952437.3,
        "imag": -4970850798979216.0
      },
      {
        "real": 115035841185304.33,
        "imag": -40665731968520.055
      }
    ],
    [
      {
        "real": -535942591553675.75,
        "imag": -5576289027343307.0
      },
      {
        "real": -193877543904884.03,
        "imag": 189001398001933.66
      }
    ],
    [
      {
        "real": -3585135375683239.5,
        "imag": -1.0049312666443576e+16
      },
      {
        "real": 5519897893588647.0,
        "imag": 9528112386907672.0
      }
    ]
  ]
}