{
  "attrs": {},
  "name": "SCP_M2",
  "frequency_range": null,
  "allow_gain": false,
  "nonlinear_spec": null,
  "modulation_spec": null,
  "viz_spec": null,
  "heat_spec": null,
  "type": "PoleResidue",
  "eps_inf": 1.0690908286948673,
  "poles": [
    [
      {
        "real": -434748262290379.5,
        "imag": -5351103561605501.0
      },
      {
        "real": 43574444932509.31,
        "imag": 237295091623837.7
      }
    ],
    [
      {
        "real": -2588396252750921.5,
        "imag": -1.1090721321884716e+16
      },
      {
        "real": 2177842091495985.2,
        "imag": 1.0214656076056138e+16
      }
    ]
  ]
}