{
  "attrs": {},
  "name": "RP_M3",
  "frequency_range": null,
  "allow_gain": false,
  "nonlinear_spec": null,
  "modulation_spec": null,
  "viz_spec": null,
  "heat_spec": null,
  "type": "PoleResidue",
  "eps_inf": 1.0173756862980015,
  "poles": [
    [
      {
        "real": -3025937562955405.5,
        "imag": 1.0406215631383352e+16
      },
      {
        "real": 3842485540864741.0,
        "imag": -9569493888142718.0
      }
    ],
    [
      {
        "real": -496183939235048.4,
        "imag": 5456179627993800.0
      },
      {
        "real": -72193950860795.8,
        "imag": -255965090295449.56
      }
    ],
    [
      {
        "real": -411218174149654.94,
        "imag": 4850295530906406.0
      },
      {
        "real": 35497998722397.51,
        "imag": 35325238813362.87
      }
    ]
  ],
  "model_family": "RP",
  "order_N": 3
}