{
  "attrs": {},
  "name": "CP_M3",
  "frequency_range": null,
  "allow_gain": false,
  "nonlinear_spec": null,
  "modulation_spec": null,
  "viz_spec": null,
  "heat_spec": null,
  "type": "PoleResidue",
  "eps_inf": 1.4252062885642747,
  "poles": [
    [
      {
        "real": -477381271044360.8,
        "imag": -525015542032502.5
      },
      {
        "real": -1.9262617980022787e+17,
        "imag": 8.398641610545416e+17
      }
    ],
    [
      {
        "real": -606350617314840.2,
        "imag": -761188276948002.8
      },
      {
        "real": 1.893504839787254e+17,
        "imag": -4.057112786910659e+17
      }
    ],
    [
      {
        "real": -1669994461449902.5,
        "imag": -5234011418473203.0
      },
      {
        "real": 9681159182408554.0,
        "imag": 5827495593974852.0
      }
    ]
  ]
}