{
  "attrs": {},
  "name": "CP_M2",
  "frequency_range": null,
  "allow_gain": false,
  "nonlinear_spec": null,
  "modulation_spec": null,
  "viz_spec": null,
  "heat_spec": null,
  "type": "PoleResidue",
  "eps_inf": 1.6389783577042614,
  "poles": [
    [
      {
        "real": -68417471372073.44,
        "imag": -519057508175945.1
      },
      {
        "real": 362717447481549.7,
        "imag": 1.7328091670066294e+17
      }
    ],
    [
      {
        "real": -1405947270172981.2,
        "imag": -5525044050360788.0
      },
      {
        "real": 5758487370430842.0,
        "imag": 5829661879364212.0
      }
    ]
  ]
}