{
  "attrs": {},
  "name": "CP_M3",
  "frequency_range": null,
  "allow_gain": false,
  "nonlinear_spec": null,
  "modulation_spec": null,
  "viz_spec": null,
  "heat_spec": null,
  "type": "PoleResidue",
  "eps_inf": 2.156723518148088,
  "poles": [
    [
      {
        "real": -27927481886258.32,
        "imag": -451268129174913.8
      },
      {
        "real": 2645664708318087.5,
        "imag": 1.9630993639778403e+17
      }
    ],
    [
      {
        "real": -663942568290030.5,
        "imag": -4706177422694696.0
      },
      {
        "real": 1289109237449937.8,
        "imag": 808918008820577.4
      }
    ],
    [
      {
        "real": -930309116839296.9,
        "imag": -5679675224979873.0
      },
      {
        "real": 2998948681062099.5,
        "imag": 2228880739825578.2
      }
    ]
  ]
}