{
  "attrs": {},
  "name": "SCP_M3",
  "frequency_range": null,
  "allow_gain": false,
  "nonlinear_spec": null,
  "modulation_spec": null,
  "viz_spec": null,
  "heat_spec": null,
  "type": "PoleResidue",
  "eps_inf": 2.420953433373985,
  "poles": [
    [
      {
        "real": -63626753892965.57,
        "imag": -97543500143728.62
      },
      {
        "real": 862706169007587.9,
        "imag": 9.754350014372768e+17
      }
    ],
    [
      {
        "real": -1354531378112786.2,
        "imag": -5808585566177920.0
      },
      {
        "real": 3476665955291692.0,
        "imag": 5356645309957886.0
      }
    ],
    [
      {
        "real": -557810187416922.2,
        "imag": -4624442995142880.0
      },
      {
        "real": 715483473837055.0,
        "imag": 75983589490605.31
      }
    ]
  ]
}