{
  "attrs": {},
  "name": "SCP_M1",
  "frequency_range": null,
  "allow_gain": false,
  "nonlinear_spec": null,
  "modulation_spec": null,
  "viz_spec": null,
  "heat_spec": null,
  "type": "PoleResidue",
  "eps_inf": 7.610000889471296,
  "poles": [
    [
      {
        "real": -6283220190.028198,
        "imag": -85623493153118.77
      },
      {
        "real": 4721363780416834.0,
        "imag": 1.182875110226471e+18
      }
    ]
  ]
}