{
  "attrs": {},
  "name": "SCP_M2",
  "frequency_range": null,
  "allow_gain": false,
  "nonlinear_spec": null,
  "modulation_spec": null,
  "viz_spec": null,
  "heat_spec": null,
  "type": "PoleResidue",
  "eps_inf": 0.696745727275505,
  "poles": [
    [
      {
        "real": -13903629553509.72,
        "imag": -477688934303844.3
      },
      {
        "real": 3949051269751666.0,
        "imag": 1.780510142885622e+17
      }
    ],
    [
      {
        "real": -1490781124323254.2,
        "imag": -4903667556377258.0
      },
      {
        "real": 8859915974260580.0,
        "imag": 671937780177564.2
      }
    ]
  ]
}