{
  "attrs": {},
  "name": "CP_M3",
  "frequency_range": null,
  "allow_gain": false,
  "nonlinear_spec": null,
  "modulation_spec": null,
  "viz_spec": null,
  "heat_spec": null,
  "type": "PoleResidue",
  "eps_inf": 2.1820296078657426,
  "poles": [
    [
      {
        "real": -949111693218770.0,
        "imag": -5525030913432240.0
      },
      {
        "real": -139194340006910.77,
        "imag": -413894893293575.3
      }
    ],
    [
      {
        "real": -1019716468138107.0,
        "imag": -6865811275069770.0
      },
      {
        "real": 2012473640643505.5,
        "imag": 3496797227434530.0
      }
    ],
    [
      {
        "real": -3.8932948716175304e+16,
        "imag": -1.2724602890269968e+16
      },
      {
        "real": -8756265228768790.0,
        "imag": 6.701895889562933e+16
      }
    ]
  ]
}