{
  "attrs": {},
  "name": "SCP_M2",
  "frequency_range": null,
  "allow_gain": false,
  "nonlinear_spec": null,
  "modulation_spec": null,
  "viz_spec": null,
  "heat_spec": null,
  "type": "PoleResidue",
  "eps_inf": 2.5689216686277803,
  "poles": [
    [
      {
        "real": -750214518625778.9,
        "imag": -85722866741775.33
      },
      {
        "real": -716664103823949.8,
        "imag": 6.960145508914777e+16
      }
    ],
    [
      {
        "real": -1912973495826900.5,
        "imag": -5054273961759803.0
      },
      {
        "real": 3448461548045490.5,
        "imag": 8399727268305005.0
      }
    ]
  ]
}