{
  "attrs": {},
  "name": "CP_M2",
  "frequency_range": null,
  "allow_gain": false,
  "nonlinear_spec": null,
  "modulation_spec": null,
  "viz_spec": null,
  "heat_spec": null,
  "type": "PoleResidue",
  "eps_inf": 1.8623184215868618,
  "poles": [
    [
      {
        "real": -311970457020646.4,
        "imag": -633031078318325.1
      },
      {
        "real": 2.2762113209098492e+16,
        "imag": 5.0358505801606584e+16
      }
    ],
    [
      {
        "real": -784499255494620.0,
        "imag": -2127134374706421.8
      },
      {
        "real": 1.043901365095431e+16,
        "imag": -8663596346026248.0
      }
    ]
  ]
}