{
  "attrs": {},
  "name": "SCP_M2",
  "frequency_range": null,
  "allow_gain": false,
  "nonlinear_spec": null,
  "modulation_spec": null,
  "viz_spec": null,
  "heat_spec": null,
  "type": "PoleResidue",
  "eps_inf": 0.9840009254966935,
  "poles": [
    [
      {
        "real": -112285339593153.16,
        "imag": -85630018230540.1
      },
      {
        "real": 2.8877675611767036e+16,
        "imag": 2.7252221259396022e+17
      }
    ],
    [
      {
        "real": -1067302878809609.2,
        "imag": -1858922072773983.0
      },
      {
        "real": 1.1075578866898086e+16,
        "imag": -1.6181107992238176e+16
      }
    ]
  ]
}