{
  "attrs": {},
  "name": "CP_M2",
  "frequency_range": null,
  "allow_gain": false,
  "nonlinear_spec": null,
  "modulation_spec": null,
  "viz_spec": null,
  "heat_spec": null,
  "type": "PoleResidue",
  "eps_inf": 1.8683221930990563,
  "poles": [
    [
      {
        "real": -310577699328625.06,
        "imag": -630361430136395.2
      },
      {
        "real": 2.2801769983502748e+16,
        "imag": 5.042983020863014e+16
      }
    ],
    [
      {
        "real": -784239993560641.1,
        "imag": -2127850720165940.8
      },
      {
        "real": 1.0412782788281418e+16,
        "imag": -8635718895951247.0
      }
    ]
  ]
}