{
  "attrs": {},
  "name": "SCP_M2",
  "frequency_range": null,
  "allow_gain": false,
  "nonlinear_spec": null,
  "modulation_spec": null,
  "viz_spec": null,
  "heat_spec": null,
  "type": "PoleResidue",
  "eps_inf": 0.9988042859913494,
  "poles": [
    [
      {
        "real": -108376319036851.28,
        "imag": -85629251784714.28
      },
      {
        "real": 2.8989578820467116e+16,
        "imag": 2.6930038157780445e+17
      }
    ],
    [
      {
        "real": -1060232472202544.9,
        "imag": -1861620758005300.8
      },
      {
        "real": 1.0903762530386322e+16,
        "imag": -1.6053677605770808e+16
      }
    ]
  ],
  "model_family": "SCP",
  "order_N": 2
}