{
  "attrs": {},
  "name": "SCP_M2",
  "frequency_range": null,
  "allow_gain": false,
  "nonlinear_spec": null,
  "modulation_spec": null,
  "viz_spec": null,
  "heat_spec": null,
  "type": "PoleResidue",
  "eps_inf": 0.3097694452249949,
  "poles": [
    [
      {
        "real": -183701767958627.0,
        "imag": -85629101660218.08
      },
      {
        "real": 2.570120055934405e+16,
        "imag": 3.531813150692515e+17
      }
    ],
    [
      {
        "real": -1254864112261266.0,
        "imag": -1720274718194188.8
      },
      {
        "real": 1.6306660165879192e+16,
        "imag": -2.1401323457378964e+16
      }
    ]
  ]
}