{
  "attrs": {},
  "name": "SCP_M2",
  "frequency_range": null,
  "allow_gain": false,
  "nonlinear_spec": null,
  "modulation_spec": null,
  "viz_spec": null,
  "heat_spec": null,
  "type": "PoleResidue",
  "eps_inf": 0.9581522847269482,
  "poles": [
    [
      {
        "real": -3920910986663588.5,
        "imag": -85737927364004.98
      },
      {
        "real": 358339508111542.9,
        "imag": 321749991972307.9
      }
    ],
    [
      {
        "real": -1777291476179022.5,
        "imag": -2.10897038536171e+16
      },
      {
        "real": 4786555702026580.0,
        "imag": 2.0253530206431704e+16
      }
    ]
  ]
}