{
  "attrs": {},
  "name": "SCP_M2",
  "frequency_range": null,
  "allow_gain": false,
  "nonlinear_spec": null,
  "modulation_spec": null,
  "viz_spec": null,
  "heat_spec": null,
  "type": "PoleResidue",
  "eps_inf": 1.3934301867035215,
  "poles": [
    [
      {
        "real": -4097336326142691.0,
        "imag": -85697001131428.94
      },
      {
        "real": 352390875758401.2,
        "imag": 1026420856544712.4
      }
    ],
    [
      {
        "real": -621698216238100.8,
        "imag": -1.889662902681298e+16
      },
      {
        "real": 1850124759699846.2,
        "imag": 1.4248595870604334e+16
      }
    ]
  ]
}