{
  "attrs": {},
  "name": "SCP_M3",
  "frequency_range": null,
  "allow_gain": false,
  "nonlinear_spec": null,
  "modulation_spec": null,
  "viz_spec": null,
  "heat_spec": null,
  "type": "PoleResidue",
  "eps_inf": 5.562552557650314,
  "poles": [
    [
      {
        "real": -6283832224.607625,
        "imag": -1153175097738418.0
      },
      {
        "real": -94359266.73431547,
        "imag": 11352341083761.355
      }
    ],
    [
      {
        "real": -15511966259.91519,
        "imag": -4667080731080513.0
      },
      {
        "real": 5608554.885708526,
        "imag": 8085224305.190831
      }
    ],
    [
      {
        "real": -6410021177.47532,
        "imag": -1.4953541815831968e+16
      },
      {
        "real": 9189938676.400867,
        "imag": 1.823686391352536e+16
      }
    ]
  ]
}