{
  "attrs": {},
  "name": "CP_M2",
  "frequency_range": null,
  "allow_gain": false,
  "nonlinear_spec": null,
  "modulation_spec": null,
  "viz_spec": null,
  "heat_spec": null,
  "type": "PoleResidue",
  "eps_inf": 6.813269592133268,
  "poles": [
    [
      {
        "real": -6283185307.179586,
        "imag": -4671059445762847.0
      },
      {
        "real": -13635683.944193963,
        "imag": 48396374184.33193
      }
    ],
    [
      {
        "real": -6283185307.179586,
        "imag": -1.0909185140085984e+16
      },
      {
        "real": 4707345936.526781,
        "imag": 6472674917453352.0
      }
    ]
  ],
  "model_family": "CP",
  "order_N": 2
}