{
  "attrs": {},
  "name": "CP_M3",
  "frequency_range": null,
  "allow_gain": false,
  "nonlinear_spec": null,
  "modulation_spec": null,
  "viz_spec": null,
  "heat_spec": null,
  "type": "PoleResidue",
  "eps_inf": 5.567639915302795,
  "poles": [
    [
      {
        "real": -6283185307.179586,
        "imag": -1447166712314273.2
      },
      {
        "real": 184747214.1913595,
        "imag": 5151107561175.65
      }
    ],
    [
      {
        "real": -6283185307.179586,
        "imag": -4667032645919405.0
      },
      {
        "real": -10130123.32498991,
        "imag": 8882694063.683767
      }
    ],
    [
      {
        "real": -6283185307.179586,
        "imag": -1.4888866213830542e+16
      },
      {
        "real": 6905989748.123365,
        "imag": 1.8104503717947204e+16
      }
    ]
  ]
}