{
  "attrs": {},
  "name": "CP_M1",
  "frequency_range": null,
  "allow_gain": false,
  "nonlinear_spec": null,
  "modulation_spec": null,
  "viz_spec": null,
  "heat_spec": null,
  "type": "PoleResidue",
  "eps_inf": 3.5238163082867193,
  "poles": [
    [
      {
        "real": -6283185307.179586,
        "imag": -1.939425360424603e+16
      },
      {
        "real": 18438869144.92389,
        "imag": 4.330891755403029e+16
      }
    ]
  ]
}