{
  "attrs": {},
  "name": "SCP_M3",
  "frequency_range": null,
  "allow_gain": false,
  "nonlinear_spec": null,
  "modulation_spec": null,
  "viz_spec": null,
  "heat_spec": null,
  "type": "PoleResidue",
  "eps_inf": 5.960657472075173,
  "poles": [
    [
      {
        "real": -29758651740.481712,
        "imag": -4270225653900393.0
      },
      {
        "real": 35015848.147126645,
        "imag": 28450677549.215767
      }
    ],
    [
      {
        "real": -39671046630.1351,
        "imag": -4671139341930416.0
      },
      {
        "real": -42857073.888389066,
        "imag": 27454068402.035614
      }
    ],
    [
      {
        "real": -13457113595.66833,
        "imag": -1.3623564704501946e+16
      },
      {
        "real": 23081914859.088863,
        "imag": 1.385501059247237e+16
      }
    ]
  ],
  "model_family": "SCP",
  "order_N": 3
}