{
  "attrs": {},
  "name": "CP_M3",
  "frequency_range": null,
  "allow_gain": false,
  "nonlinear_spec": null,
  "modulation_spec": null,
  "viz_spec": null,
  "heat_spec": null,
  "type": "PoleResidue",
  "eps_inf": 0.49577397308325283,
  "poles": [
    [
      {
        "real": -312510017358539.8,
        "imag": -373954525928716.9
      },
      {
        "real": 1.479932233679816e+16,
        "imag": 8.033039587674629e+16
      }
    ],
    [
      {
        "real": -1004115441585557.0,
        "imag": -2333771921726263.0
      },
      {
        "real": 1683809115101017.0,
        "imag": 2372664399124173.5
      }
    ],
    [
      {
        "real": -1516507832228782.8,
        "imag": -4057926007996672.0
      },
      {
        "real": -4269499993906485.0,
        "imag": 2697271250569521.5
      }
    ]
  ]
}