{
  "attrs": {},
  "name": "SCP_M2",
  "frequency_range": null,
  "allow_gain": false,
  "nonlinear_spec": null,
  "modulation_spec": null,
  "viz_spec": null,
  "heat_spec": null,
  "type": "PoleResidue",
  "eps_inf": 0.6640169550207269,
  "poles": [
    [
      {
        "real": -62243924304232.055,
        "imag": -85622679776929.27
      },
      {
        "real": 2.0727807133696068e+16,
        "imag": 2.06359088298206e+17
      }
    ],
    [
      {
        "real": -1720053652642704.5,
        "imag": -4056879889727163.5
      },
      {
        "real": -7223852277842717.0,
        "imag": 2421392643384878.5
      }
    ]
  ]
}