{
  "attrs": {},
  "name": "CP_M2",
  "frequency_range": null,
  "allow_gain": false,
  "nonlinear_spec": null,
  "modulation_spec": null,
  "viz_spec": null,
  "heat_spec": null,
  "type": "PoleResidue",
  "eps_inf": 0.27618336162237594,
  "poles": [
    [
      {
        "real": -265780002664758.88,
        "imag": -274838036468242.72
      },
      {
        "real": 1.8182839869524492e+16,
        "imag": 8.772873468370704e+16
      }
    ],
    [
      {
        "real": -1436827697290304.5,
        "imag": -3904540282030016.5
      },
      {
        "real": -5085587670895779.0,
        "imag": 3524708056304778.5
      }
    ]
  ]
}