{
  "attrs": {},
  "name": "SCP_M2",
  "frequency_range": null,
  "allow_gain": false,
  "nonlinear_spec": null,
  "modulation_spec": null,
  "viz_spec": null,
  "heat_spec": null,
  "type": "PoleResidue",
  "eps_inf": 0.664027987463221,
  "poles": [
    [
      {
        "real": -62242816732060.414,
        "imag": -85622679776929.11
      },
      {
        "real": 2.0727816425350736e+16,
        "imag": 2.063585995421907e+17
      }
    ],
    [
      {
        "real": -1720067874101585.0,
        "imag": -4056873957052767.5
      },
      {
        "real": -7223906877082858.0,
        "imag": 2421418115841939.0
      }
    ]
  ]
}