{
  "attrs": {},
  "name": "SCP_M2",
  "frequency_range": null,
  "allow_gain": false,
  "nonlinear_spec": null,
  "modulation_spec": null,
  "viz_spec": null,
  "heat_spec": null,
  "type": "PoleResidue",
  "eps_inf": 0.6638843299300345,
  "poles": [
    [
      {
        "real": -62044647292988.805,
        "imag": -85622679776946.48
      },
      {
        "real": 2.0730760095500576e+16,
        "imag": 2.0626681252153933e+17
      }
    ],
    [
      {
        "real": -1719979370502037.5,
        "imag": -4057467835082656.0
      },
      {
        "real": -7223922506037172.0,
        "imag": 2416719268147429.5
      }
    ]
  ],
  "model_family": "SCP",
  "order_N": 2
}