{
  "attrs": {},
  "name": "SCP_M2",
  "frequency_range": null,
  "allow_gain": false,
  "nonlinear_spec": null,
  "modulation_spec": null,
  "viz_spec": null,
  "heat_spec": null,
  "type": "PoleResidue",
  "eps_inf": 1.1915159518317018,
  "poles": [
    [
      {
        "real": -1035608424292959.4,
        "imag": -4671399047580583.0
      },
      {
        "real": 1320793568694988.5,
        "imag": -118635256626863.55
      }
    ],
    [
      {
        "real": -3042196367002088.5,
        "imag": -7534341414870401.0
      },
      {
        "real": 7053802050916730.0,
        "imag": 1.2420964466717482e+16
      }
    ]
  ]
}