{
  "attrs": {},
  "name": "SCP_M3",
  "frequency_range": null,
  "allow_gain": false,
  "nonlinear_spec": null,
  "modulation_spec": null,
  "viz_spec": null,
  "heat_spec": null,
  "type": "PoleResidue",
  "eps_inf": 0.9387419219774906,
  "poles": [
    [
      {
        "real": -346352478346345.6,
        "imag": -3921411733033198.0
      },
      {
        "real": 71376303469615.97,
        "imag": 110321759125333.81
      }
    ],
    [
      {
        "real": -611279148565979.4,
        "imag": -4698191220642376.0
      },
      {
        "real": 859074704638903.1,
        "imag": -33613600395902.7
      }
    ],
    [
      {
        "real": -2875235760152287.0,
        "imag": -7899582987913569.0
      },
      {
        "real": 7500386657648457.0,
        "imag": 1.3839852696373368e+16
      }
    ]
  ]
}