{
  "attrs": {},
  "name": "CP_M1",
  "frequency_range": null,
  "allow_gain": false,
  "nonlinear_spec": null,
  "modulation_spec": null,
  "viz_spec": null,
  "heat_spec": null,
  "type": "PoleResidue",
  "eps_inf": 0.9101965043116659,
  "poles": [
    [
      {
        "real": -2332361941837752.5,
        "imag": -7027879380594967.0
      },
      {
        "real": 8950353735589486.0,
        "imag": 1.1792103604215028e+16
      }
    ]
  ],
  "model_family": "CP",
  "order_N": 1
}