{
  "attrs": {},
  "name": "CP_M3",
  "frequency_range": null,
  "allow_gain": false,
  "nonlinear_spec": null,
  "modulation_spec": null,
  "viz_spec": null,
  "heat_spec": null,
  "type": "PoleResidue",
  "eps_inf": 1.0737996753034649,
  "poles": [
    [
      {
        "real": -906523877209859.4,
        "imag": -4108328185765156.0
      },
      {
        "real": 1565709605999152.5,
        "imag": -205517274332133.7
      }
    ],
    [
      {
        "real": -472228490873218.2,
        "imag": -4280117001601083.0
      },
      {
        "real": -368560332205782.9,
        "imag": -443599488743372.1
      }
    ],
    [
      {
        "real": -3344311507666989.0,
        "imag": -7911647223278076.0
      },
      {
        "real": 6802279289356088.0,
        "imag": 1.5083447977818302e+16
      }
    ]
  ]
}