{
  "attrs": {},
  "name": "SCP_M2",
  "frequency_range": null,
  "allow_gain": false,
  "nonlinear_spec": null,
  "modulation_spec": null,
  "viz_spec": null,
  "heat_spec": null,
  "type": "PoleResidue",
  "eps_inf": 2.8503507351371065,
  "poles": [
    [
      {
        "real": -2317832639803720.0,
        "imag": -1102264619624942.1
      },
      {
        "real": -2807143320598003.0,
        "imag": 3414689994039286.0
      }
    ],
    [
      {
        "real": -2063985407316178.5,
        "imag": -6635666570074065.0
      },
      {
        "real": 3591460953530735.0,
        "imag": 1.0432738860438796e+16
      }
    ]
  ],
  "model_family": "SCP",
  "order_N": 2
}