{
  "attrs": {},
  "name": "SCP_M3",
  "frequency_range": null,
  "allow_gain": false,
  "nonlinear_spec": null,
  "modulation_spec": null,
  "viz_spec": null,
  "heat_spec": null,
  "type": "PoleResidue",
  "eps_inf": 0.263853457269497,
  "poles": [
    [
      {
        "real": -856364544101212.9,
        "imag": -4777324444943479.0
      },
      {
        "real": 1905918276348734.2,
        "imag": 569185074836980.1
      }
    ],
    [
      {
        "real": -301105597165790.75,
        "imag": -5955400231814174.0
      },
      {
        "real": 62794897461092.25,
        "imag": 433188042484006.06
      }
    ],
    [
      {
        "real": -4187694799250519.5,
        "imag": -9224554273595908.0
      },
      {
        "real": 1.0064971283046994e+16,
        "imag": 1.9350455714940508e+16
      }
    ]
  ]
}