{
  "attrs": {},
  "name": "CP_M3",
  "frequency_range": null,
  "allow_gain": false,
  "nonlinear_spec": null,
  "modulation_spec": null,
  "viz_spec": null,
  "heat_spec": null,
  "type": "PoleResidue",
  "eps_inf": 1.1157887721244377,
  "poles": [
    [
      {
        "real": -964435044811839.6,
        "imag": -4930890904809171.0
      },
      {
        "real": 2435741164904360.0,
        "imag": 1207842438255228.5
      }
    ],
    [
      {
        "real": -307619432338162.2,
        "imag": -5906607701286295.0
      },
      {
        "real": 209707512366918.22,
        "imag": 334908674126184.75
      }
    ],
    [
      {
        "real": -3009582191745548.5,
        "imag": -1.0959879622966434e+16
      },
      {
        "real": -1398326528623983.5,
        "imag": 1.916510919698487e+16
      }
    ]
  ]
}