{
  "attrs": {},
  "name": "CP_M1",
  "frequency_range": null,
  "allow_gain": false,
  "nonlinear_spec": null,
  "modulation_spec": null,
  "viz_spec": null,
  "heat_spec": null,
  "type": "PoleResidue",
  "eps_inf": 0.5350047804608549,
  "poles": [
    [
      {
        "real": -2254911186580808.0,
        "imag": -6770231668230037.0
      },
      {
        "real": 1.0062145310630546e+16,
        "imag": 1.3319934536022778e+16
      }
    ]
  ]
}