{
  "attrs": {},
  "name": "SCP_M2",
  "frequency_range": null,
  "allow_gain": false,
  "nonlinear_spec": null,
  "modulation_spec": null,
  "viz_spec": null,
  "heat_spec": null,
  "type": "PoleResidue",
  "eps_inf": 1.1058998765654702,
  "poles": [
    [
      {
        "real": -1376538991192169.5,
        "imag": -4529705598665565.0
      },
      {
        "real": 3262267917539031.5,
        "imag": -3407243383883642.0
      }
    ],
    [
      {
        "real": -3484474628811555.0,
        "imag": -4821055015550197.0
      },
      {
        "real": 1.003813621472334e+16,
        "imag": 1.0965467464769958e+16
      }
    ]
  ]
}