{
  "attrs": {},
  "name": "SCP_M3",
  "frequency_range": null,
  "allow_gain": false,
  "nonlinear_spec": null,
  "modulation_spec": null,
  "viz_spec": null,
  "heat_spec": null,
  "type": "PoleResidue",
  "eps_inf": 0.356902788869599,
  "poles": [
    [
      {
        "real": -856340606946721.0,
        "imag": -4780125861731392.0
      },
      {
        "real": 1906497631391146.5,
        "imag": 585265608778705.5
      }
    ],
    [
      {
        "real": -302103729368955.75,
        "imag": -5955352508547030.0
      },
      {
        "real": 63944356801649.28,
        "imag": 436485123614528.3
      }
    ],
    [
      {
        "real": -4044096397413667.5,
        "imag": -9287589437985824.0
      },
      {
        "real": 9052583977430010.0,
        "imag": 1.926211617794601e+16
      }
    ]
  ]
}