{
  "attrs": {},
  "name": "SCP_M3",
  "frequency_range": null,
  "allow_gain": false,
  "nonlinear_spec": null,
  "modulation_spec": null,
  "viz_spec": null,
  "heat_spec": null,
  "type": "PoleResidue",
  "eps_inf": 2.022267532018567,
  "poles": [
    [
      {
        "real": -32367063840330.05,
        "imag": -257624373146695.47
      },
      {
        "real": 3901858509299538.0,
        "imag": 3.225326191500666e+17
      }
    ],
    [
      {
        "real": -1119667506602634.0,
        "imag": -3303032967237606.5
      },
      {
        "real": 7529583666639722.0,
        "imag": 4044410670060866.5
      }
    ],
    [
      {
        "real": -1273929853779822.5,
        "imag": -4488404920836978.5
      },
      {
        "real": 3964718846729311.5,
        "imag": -497773048538723.75
      }
    ]
  ]
}