{
  "attrs": {},
  "name": "CP_M1",
  "frequency_range": null,
  "allow_gain": false,
  "nonlinear_spec": null,
  "modulation_spec": null,
  "viz_spec": null,
  "heat_spec": null,
  "type": "PoleResidue",
  "eps_inf": 5.438334056935008,
  "poles": [
    [
      {
        "real": -27599434910827.375,
        "imag": -586640351847788.0
      },
      {
        "real": 9343569223056790.0,
        "imag": 1.0727810576710502e+17
      }
    ]
  ]
}