{
  "attrs": {},
  "name": "CP_M2",
  "frequency_range": null,
  "allow_gain": false,
  "nonlinear_spec": null,
  "modulation_spec": null,
  "viz_spec": null,
  "heat_spec": null,
  "type": "PoleResidue",
  "eps_inf": 0.5239410271312327,
  "poles": [
    [
      {
        "real": -98861344825303.72,
        "imag": -666390109821989.4
      },
      {
        "real": -2861433117112146.0,
        "imag": 1.2460776590184771e+17
      }
    ],
    [
      {
        "real": -2254796127892525.5,
        "imag": -3159351270066217.5
      },
      {
        "real": 2.0361803638179228e+16,
        "imag": 8321782115950119.0
      }
    ]
  ]
}