{
  "attrs": {},
  "name": "SCP_M3",
  "frequency_range": null,
  "allow_gain": false,
  "nonlinear_spec": null,
  "modulation_spec": null,
  "viz_spec": null,
  "heat_spec": null,
  "type": "PoleResidue",
  "eps_inf": 2.0222473593876797,
  "poles": [
    [
      {
        "real": -32364114932852.3,
        "imag": -257608805990259.56
      },
      {
        "real": 3902260501466428.0,
        "imag": 3.225510642600059e+17
      }
    ],
    [
      {
        "real": -1273804339947150.5,
        "imag": -4488491728339907.0
      },
      {
        "real": 3963213863924546.5,
        "imag": -497617669190921.9
      }
    ],
    [
      {
        "real": -1119725489499110.8,
        "imag": -3302965343015303.0
      },
      {
        "real": 7531039516629193.0,
        "imag": 4043329230620343.5
      }
    ]
  ]
}