{
  "attrs": {},
  "name": "SCP_M1",
  "frequency_range": null,
  "allow_gain": false,
  "nonlinear_spec": null,
  "modulation_spec": null,
  "viz_spec": null,
  "heat_spec": null,
  "type": "PoleResidue",
  "eps_inf": 5.373921482246101,
  "poles": [
    [
      {
        "real": -70280052804367.125,
        "imag": -610771917396697.5
      },
      {
        "real": 8656933637498934.0,
        "imag": 1.0183340138707533e+17
      }
    ]
  ]
}