{
  "attrs": {},
  "name": "CP_M3",
  "frequency_range": null,
  "allow_gain": false,
  "nonlinear_spec": null,
  "modulation_spec": null,
  "viz_spec": null,
  "heat_spec": null,
  "type": "PoleResidue",
  "eps_inf": 1.0412647597557363,
  "poles": [
    [
      {
        "real": -27599434910827.375,
        "imag": -586640351847788.0
      },
      {
        "real": 3468885222944616.0,
        "imag": 1.310480708715096e+17
      }
    ],
    [
      {
        "real": -1191801340135331.8,
        "imag": -2511262272174417.0
      },
      {
        "real": 897118914935377.4,
        "imag": -6132346523488206.0
      }
    ],
    [
      {
        "real": -2492642730705434.5,
        "imag": -3176508125034184.5
      },
      {
        "real": 1.2732083021334196e+16,
        "imag": 1.260301864109032e+16
      }
    ]
  ]
}