{
  "attrs": {},
  "name": "CP_M3",
  "frequency_range": null,
  "allow_gain": false,
  "nonlinear_spec": null,
  "modulation_spec": null,
  "viz_spec": null,
  "heat_spec": null,
  "type": "PoleResidue",
  "eps_inf": 0.3420969054652857,
  "poles": [
    [
      {
        "real": -122477560344755.5,
        "imag": -517448343562475.2
      },
      {
        "real": -1.291669484707419e+16,
        "imag": 1.822249863310776e+17
      }
    ],
    [
      {
        "real": -2057535670515008.2,
        "imag": -560232968265281.94
      },
      {
        "real": 2.772982088789294e+16,
        "imag": 6055513836881948.0
      }
    ],
    [
      {
        "real": -1245244649345113.8,
        "imag": -3091972726911094.0
      },
      {
        "real": 7036273330152811.0,
        "imag": -2583047376004110.0
      }
    ]
  ]
}