{
  "attrs": {},
  "name": "CP_M2",
  "frequency_range": null,
  "allow_gain": false,
  "nonlinear_spec": null,
  "modulation_spec": null,
  "viz_spec": null,
  "heat_spec": null,
  "type": "PoleResidue",
  "eps_inf": 1.157215632928873,
  "poles": [
    [
      {
        "real": -31658598073415.707,
        "imag": -690351543893662.2
      },
      {
        "real": 3246489067812455.0,
        "imag": 1.0879534489370374e+17
      }
    ],
    [
      {
        "real": -1637048280226279.0,
        "imag": -3295406256613567.0
      },
      {
        "real": 1.3303453643464244e+16,
        "imag": 2590041148390030.5
      }
    ]
  ],
  "model_family": "CP",
  "order_N": 2
}