{
  "attrs": {},
  "name": "RP_M2",
  "frequency_range": null,
  "allow_gain": false,
  "nonlinear_spec": null,
  "modulation_spec": null,
  "viz_spec": null,
  "heat_spec": null,
  "type": "PoleResidue",
  "eps_inf": 0.7836994068076565,
  "poles": [
    [
      {
        "real": -1378092893959176.0,
        "imag": 2804974776759707.5
      },
      {
        "real": 1.261938753648617e+16,
        "imag": 4928561746975120.0
      }
    ],
    [
      {
        "real": -36725627824307.625,
        "imag": 493551025018893.75
      },
      {
        "real": 6062836284612731.0,
        "imag": -1.5195615505263747e+17
      }
    ]
  ],
  "model_family": "RP",
  "order_N": 2
}