{
  "attrs": {},
  "name": "CP_M2",
  "frequency_range": null,
  "allow_gain": false,
  "nonlinear_spec": null,
  "modulation_spec": null,
  "viz_spec": null,
  "heat_spec": null,
  "type": "PoleResidue",
  "eps_inf": 1.0957241979112566,
  "poles": [
    [
      {
        "real": -1659643026188450.0,
        "imag": -2189341937480188.8
      },
      {
        "real": -8342085013238156.0,
        "imag": -5622832225427650.0
      }
    ],
    [
      {
        "real": -1705361388278701.2,
        "imag": -5466307881487455.0
      },
      {
        "real": 8308591889350769.0,
        "imag": 5.775597748587843e+16
      }
    ]
  ]
}