{
  "attrs": {},
  "name": "SCP_M3",
  "frequency_range": null,
  "allow_gain": false,
  "nonlinear_spec": null,
  "modulation_spec": null,
  "viz_spec": null,
  "heat_spec": null,
  "type": "PoleResidue",
  "eps_inf": 0.9530780493300316,
  "poles": [
    [
      {
        "real": -967504621204842.4,
        "imag": -1901021320785481.8
      },
      {
        "real": 590847325815945.4,
        "imag": 2110698568511342.2
      }
    ],
    [
      {
        "real": -1629227915188254.2,
        "imag": -2121807301545833.8
      },
      {
        "real": -7177107884428670.0,
        "imag": -9737834642774460.0
      }
    ],
    [
      {
        "real": -1700763148552578.0,
        "imag": -5499978431806328.0
      },
      {
        "real": 6795266977237161.0,
        "imag": 5.731244535743167e+16
      }
    ]
  ]
}