{
  "attrs": {},
  "name": "CP_M2",
  "frequency_range": null,
  "allow_gain": false,
  "nonlinear_spec": null,
  "modulation_spec": null,
  "viz_spec": null,
  "heat_spec": null,
  "type": "PoleResidue",
  "eps_inf": 1.081594907117952,
  "poles": [
    [
      {
        "real": -1653661904447501.5,
        "imag": -2190237534071882.8
      },
      {
        "real": -8276107838918144.0,
        "imag": -5613924757517632.0
      }
    ],
    [
      {
        "real": -1705410736683008.8,
        "imag": -5466275243527250.0
      },
      {
        "real": 8326255899973161.0,
        "imag": 5.770854643128792e+16
      }
    ]
  ]
}