{
  "attrs": {},
  "name": "CP_M3",
  "frequency_range": null,
  "allow_gain": false,
  "nonlinear_spec": null,
  "modulation_spec": null,
  "viz_spec": null,
  "heat_spec": null,
  "type": "PoleResidue",
  "eps_inf": 0.4274793203790091,
  "poles": [
    [
      {
        "real": -1.0574364638666758e+16,
        "imag": -728678554907684.9
      },
      {
        "real": 1.1199930582341374e+16,
        "imag": -3.574058820437261e+17
      }
    ],
    [
      {
        "real": -1378662401138759.0,
        "imag": -2416484262365558.5
      },
      {
        "real": -3641244182392502.0,
        "imag": -4690526182425169.0
      }
    ],
    [
      {
        "real": -1700951767535173.8,
        "imag": -5490484928123304.0
      },
      {
        "real": 7996548885598833.0,
        "imag": 5.864504896376219e+16
      }
    ]
  ]
}