{
  "attrs": {},
  "name": "CP_M3",
  "frequency_range": null,
  "allow_gain": false,
  "nonlinear_spec": null,
  "modulation_spec": null,
  "viz_spec": null,
  "heat_spec": null,
  "type": "PoleResidue",
  "eps_inf": 0.4350853424103765,
  "poles": [
    [
      {
        "real": -1.0556423586704294e+16,
        "imag": -715435926946854.0
      },
      {
        "real": 1.103552883382831e+16,
        "imag": -3.611388864485461e+17
      }
    ],
    [
      {
        "real": -1378591971650403.2,
        "imag": -2416931006122523.0
      },
      {
        "real": -3637810985356761.0,
        "imag": -4691935823386947.0
      }
    ],
    [
      {
        "real": -1700895639352929.5,
        "imag": -5490464666948568.0
      },
      {
        "real": 7996566863850577.0,
        "imag": 5.863740623646477e+16
      }
    ]
  ]
}