{
  "attrs": {},
  "name": "SCP_M3",
  "frequency_range": null,
  "allow_gain": false,
  "nonlinear_spec": null,
  "modulation_spec": null,
  "viz_spec": null,
  "heat_spec": null,
  "type": "PoleResidue",
  "eps_inf": 0.9522166260243892,
  "poles": [
    [
      {
        "real": -966265303680925.9,
        "imag": -1905538751680163.5
      },
      {
        "real": 538167565520010.56,
        "imag": 2108869046797736.2
      }
    ],
    [
      {
        "real": -1632382667528532.2,
        "imag": -2122159968510072.8
      },
      {
        "real": -7113685764394321.0,
        "imag": -9748587150045046.0
      }
    ],
    [
      {
        "real": -1700662048065322.8,
        "imag": -5499984923641620.0
      },
      {
        "real": 6793293313590108.0,
        "imag": 5.730575359977302e+16
      }
    ]
  ]
}