{
  "attrs": {},
  "name": "CP_M2",
  "frequency_range": null,
  "allow_gain": false,
  "nonlinear_spec": null,
  "modulation_spec": null,
  "viz_spec": null,
  "heat_spec": null,
  "type": "PoleResidue",
  "eps_inf": 1.0679062230272252,
  "poles": [
    [
      {
        "real": -1647950274816776.5,
        "imag": -2189409772590592.5
      },
      {
        "real": -8228392031375744.0,
        "imag": -5590875909727016.0
      }
    ],
    [
      {
        "real": -1705636503118400.0,
        "imag": -5466222040658657.0
      },
      {
        "real": 8351237584923411.0,
        "imag": 5.767497546615405e+16
      }
    ]
  ],
  "model_family": "CP",
  "order_N": 2
}