{
  "attrs": {},
  "name": "SCP_M2",
  "frequency_range": null,
  "allow_gain": false,
  "nonlinear_spec": null,
  "modulation_spec": null,
  "viz_spec": null,
  "heat_spec": null,
  "type": "PoleResidue",
  "eps_inf": 0.5810200412796763,
  "poles": [
    [
      {
        "real": -1434179035024604.0,
        "imag": -2699648336407714.0
      },
      {
        "real": -1309639489276888.8,
        "imag": -7388165442205747.0
      }
    ],
    [
      {
        "real": -1624432946471342.2,
        "imag": -5518322059251012.0
      },
      {
        "real": 5512353231770165.0,
        "imag": 5.2146276346001144e+16
      }
    ]
  ]
}