{
  "attrs": {},
  "name": "RP_M2",
  "frequency_range": null,
  "allow_gain": false,
  "nonlinear_spec": null,
  "modulation_spec": null,
  "viz_spec": null,
  "heat_spec": null,
  "type": "PoleResidue",
  "eps_inf": 0.7139976548318078,
  "poles": [
    [
      {
        "real": -1644495714670736.2,
        "imag": 5515226144526468.0
      },
      {
        "real": 5576603717583579.0,
        "imag": -5.350389475606547e+16
      }
    ],
    [
      {
        "real": -1492201038893144.2,
        "imag": 2630786578416232.0
      },
      {
        "real": -2427571254576514.5,
        "imag": 7654526101785507.0
      }
    ]
  ],
  "model_family": "RP",
  "order_N": 2
}