{
  "attrs": {},
  "name": "SCP_M3",
  "frequency_range": null,
  "allow_gain": false,
  "nonlinear_spec": null,
  "modulation_spec": null,
  "viz_spec": null,
  "heat_spec": null,
  "type": "PoleResidue",
  "eps_inf": 0.9498628213531792,
  "poles": [
    [
      {
        "real": -973218850570649.1,
        "imag": -1906559296920624.0
      },
      {
        "real": 514534412432631.25,
        "imag": 2207833965718281.0
      }
    ],
    [
      {
        "real": -1634653181397662.2,
        "imag": -2118671236220021.2
      },
      {
        "real": -7038014013435339.0,
        "imag": -9891727818364490.0
      }
    ],
    [
      {
        "real": -1699664985521216.8,
        "imag": -5500271291461122.0
      },
      {
        "real": 6774108101570996.0,
        "imag": 5.72523717048074e+16
      }
    ]
  ],
  "model_family": "SCP",
  "order_N": 3
}