{
  "attrs": {},
  "name": "CP_M3",
  "frequency_range": null,
  "allow_gain": false,
  "nonlinear_spec": null,
  "modulation_spec": null,
  "viz_spec": null,
  "heat_spec": null,
  "type": "PoleResidue",
  "eps_inf": 2.9669947555285336,
  "poles": [
    [
      {
        "real": -248271360639651.16,
        "imag": -5086374551921049.0
      },
      {
        "real": -584159009605086.0,
        "imag": 8822824622798651.0
      }
    ],
    [
      {
        "real": -321201871710403.1,
        "imag": -5252083021379188.0
      },
      {
        "real": 7847352724529564.0,
        "imag": -1213510064689775.8
      }
    ],
    [
      {
        "real": -537674981650156.56,
        "imag": -6502654481313894.0
      },
      {
        "real": -6909530449257589.0,
        "imag": 2.06972133267316e+16
      }
    ]
  ]
}