{
  "attrs": {},
  "name": "SCP_M3",
  "frequency_range": null,
  "allow_gain": false,
  "nonlinear_spec": null,
  "modulation_spec": null,
  "viz_spec": null,
  "heat_spec": null,
  "type": "PoleResidue",
  "eps_inf": 3.231135885848562,
  "poles": [
    [
      {
        "real": -299917943598119.56,
        "imag": -5109638312138889.0
      },
      {
        "real": 1882565077149225.2,
        "imag": 7447750317339720.0
      }
    ],
    [
      {
        "real": -687448912068388.0,
        "imag": -5632596291018783.0
      },
      {
        "real": 9576914039811362.0,
        "imag": 5722672153094653.0
      }
    ],
    [
      {
        "real": -420426855120641.94,
        "imag": -6648086503677202.0
      },
      {
        "real": -1.0925217175512804e+16,
        "imag": 1.3333184099323894e+16
      }
    ]
  ]
}