{
  "attrs": {},
  "name": "RP_M3",
  "frequency_range": null,
  "allow_gain": false,
  "nonlinear_spec": null,
  "modulation_spec": null,
  "viz_spec": null,
  "heat_spec": null,
  "type": "PoleResidue",
  "eps_inf": 3.1323199309596728,
  "poles": [
    [
      {
        "real": -532605559299337.06,
        "imag": -6502869657063374.0
      },
      {
        "real": -7116341356609662.0,
        "imag": 2.030472041606469e+16
      }
    ],
    [
      {
        "real": -247649130734718.84,
        "imag": -5066928256486898.0
      },
      {
        "real": 1074249922383209.6,
        "imag": 7253689645761056.0
      }
    ],
    [
      {
        "real": -350310576265271.94,
        "imag": -5297360408747892.0
      },
      {
        "real": 6205377335611349.0,
        "imag": 451422857230041.06
      }
    ]
  ]
}