{
  "attrs": {},
  "name": "SCP_M3",
  "frequency_range": null,
  "allow_gain": false,
  "nonlinear_spec": null,
  "modulation_spec": null,
  "viz_spec": null,
  "heat_spec": null,
  "type": "PoleResidue",
  "eps_inf": 3.727735904831208,
  "poles": [
    [
      {
        "real": -752205125373019.1,
        "imag": -5501150256350384.0
      },
      {
        "real": 2.6534995245063988e+16,
        "imag": 9674718459200160.0
      }
    ],
    [
      {
        "real": -1420809030621544.8,
        "imag": -6261415765463787.0
      },
      {
        "real": -2.714427704134279e+16,
        "imag": 2.266690830578144e+16
      }
    ],
    [
      {
        "real": -393265025142382.4,
        "imag": -6543413047784557.0
      },
      {
        "real": 3359802932128368.5,
        "imag": -2124404974648420.2
      }
    ]
  ],
  "model_family": "SCP",
  "order_N": 3
}