{
  "attrs": {},
  "name": "CP_M3",
  "frequency_range": null,
  "allow_gain": false,
  "nonlinear_spec": null,
  "modulation_spec": null,
  "viz_spec": null,
  "heat_spec": null,
  "type": "PoleResidue",
  "eps_inf": 1.0304277947429095,
  "poles": [
    [
      {
        "real": -95739337408253.47,
        "imag": -676664827791173.1
      },
      {
        "real": -1455093830105058.8,
        "imag": 1.2375596435643957e+17
      }
    ],
    [
      {
        "real": -812127037795870.8,
        "imag": -3367718797719364.0
      },
      {
        "real": -997434898984500.6,
        "imag": -2239662210832509.0
      }
    ],
    [
      {
        "real": -2916963160494156.0,
        "imag": -4242614057818534.0
      },
      {
        "real": 1.532124560276792e+16,
        "imag": 2.148310870720522e+16
      }
    ]
  ],
  "model_family": "CP",
  "order_N": 3
}