{
  "attrs": {},
  "name": "CP_M1",
  "frequency_range": null,
  "allow_gain": false,
  "nonlinear_spec": null,
  "modulation_spec": null,
  "viz_spec": null,
  "heat_spec": null,
  "type": "PoleResidue",
  "eps_inf": 7.330769563780204,
  "poles": [
    [
      {
        "real": -34344554275182.918,
        "imag": -753928782304220.4
      },
      {
        "real": 7646328998044341.0,
        "imag": 9.732589102998474e+16
      }
    ]
  ]
}