{
  "attrs": {},
  "name": "CP_M2",
  "frequency_range": null,
  "allow_gain": false,
  "nonlinear_spec": null,
  "modulation_spec": null,
  "viz_spec": null,
  "heat_spec": null,
  "type": "PoleResidue",
  "eps_inf": 0.5482529595259685,
  "poles": [
    [
      {
        "real": -131326750979382.89,
        "imag": -730369761630145.4
      },
      {
        "real": -3336203548526474.0,
        "imag": 1.1459043355684331e+17
      }
    ],
    [
      {
        "real": -3169468010374872.0,
        "imag": -5525980936398340.0
      },
      {
        "real": 9949909608312684.0,
        "imag": 2.7835493207814108e+16
      }
    ]
  ]
}