{
  "attrs": {},
  "name": "CP_M3",
  "frequency_range": null,
  "allow_gain": false,
  "nonlinear_spec": null,
  "modulation_spec": null,
  "viz_spec": null,
  "heat_spec": null,
  "type": "PoleResidue",
  "eps_inf": 1.0726498066516241,
  "poles": [
    [
      {
        "real": -74677915593454.25,
        "imag": -568825357720147.8
      },
      {
        "real": -3830448038412651.0,
        "imag": 1.5538187223179728e+17
      }
    ],
    [
      {
        "real": -8103035552952226.0,
        "imag": -1663053202961303.0
      },
      {
        "real": 4030799970961564.5,
        "imag": 2.8036026256069264e+17
      }
    ],
    [
      {
        "real": -714259152858326.8,
        "imag": -3399673404088377.5
      },
      {
        "real": 67579859248159.414,
        "imag": -2747216952489583.5
      }
    ]
  ]
}