{
  "attrs": {},
  "name": "SCP_M3",
  "frequency_range": null,
  "allow_gain": false,
  "nonlinear_spec": null,
  "modulation_spec": null,
  "viz_spec": null,
  "heat_spec": null,
  "type": "PoleResidue",
  "eps_inf": 3.161726387073095,
  "poles": [
    [
      {
        "real": -34377187872.21484,
        "imag": -135545955376986.06
      },
      {
        "real": 4672410877306325.0,
        "imag": 6.401888274232543e+17
      }
    ],
    [
      {
        "real": -675395401579108.8,
        "imag": -4011240064852018.5
      },
      {
        "real": 2301155856632349.0,
        "imag": 467535959726919.1
      }
    ],
    [
      {
        "real": -2476534308020760.0,
        "imag": -6454078285697535.0
      },
      {
        "real": 476110426861756.8,
        "imag": 1.2291301130321564e+16
      }
    ]
  ]
}