{
  "attrs": {},
  "name": "SCP_M2",
  "frequency_range": null,
  "allow_gain": false,
  "nonlinear_spec": null,
  "modulation_spec": null,
  "viz_spec": null,
  "heat_spec": null,
  "type": "PoleResidue",
  "eps_inf": 2.0405761480467093,
  "poles": [
    [
      {
        "real": -6283185307.179587,
        "imag": -91343613167568.83
      },
      {
        "real": 7306145083670929.0,
        "imag": 9.134361316704776e+17
      }
    ],
    [
      {
        "real": -1513225615034129.5,
        "imag": -3967451308098703.0
      },
      {
        "real": 1.1141692309995132e+16,
        "imag": 164335048659428.56
      }
    ]
  ]
}