{
  "attrs": {},
  "name": "SCP_M1",
  "frequency_range": null,
  "allow_gain": false,
  "nonlinear_spec": null,
  "modulation_spec": null,
  "viz_spec": null,
  "heat_spec": null,
  "type": "PoleResidue",
  "eps_inf": 7.700935982825387,
  "poles": [
    [
      {
        "real": -16236764141608.613,
        "imag": -513153480552500.0
      },
      {
        "real": 8275921311151421.0,
        "imag": 1.5892667409456483e+17
      }
    ]
  ]
}