{
  "attrs": {},
  "name": "CP_M1",
  "frequency_range": null,
  "allow_gain": false,
  "nonlinear_spec": null,
  "modulation_spec": null,
  "viz_spec": null,
  "heat_spec": null,
  "type": "PoleResidue",
  "eps_inf": 7.975846494998394,
  "poles": [
    [
      {
        "real": -16236764141607.994,
        "imag": -513153480552500.0
      },
      {
        "real": 8267077888041312.0,
        "imag": 1.5555896049793286e+17
      }
    ]
  ]
}