{
  "attrs": {},
  "name": "RP_M3",
  "frequency_range": null,
  "allow_gain": false,
  "nonlinear_spec": null,
  "modulation_spec": null,
  "viz_spec": null,
  "heat_spec": null,
  "type": "PoleResidue",
  "eps_inf": 0.6312983303467711,
  "poles": [
    [
      {
        "real": -367666939247661.94,
        "imag": 3708395928417345.5
      },
      {
        "real": 210019692180535.53,
        "imag": 1198199014425140.2
      }
    ],
    [
      {
        "real": -1943698084996969.0,
        "imag": 3350592654326313.5
      },
      {
        "real": 1.5606791158698766e+16,
        "imag": -1901271960701947.0
      }
    ],
    [
      {
        "real": -68318511987909.93,
        "imag": 482802970707169.6
      },
      {
        "real": 2468827566783016.5,
        "imag": -1.692290614366775e+17
      }
    ]
  ],
  "model_family": "RP",
  "order_N": 3
}