{
  "attrs": {},
  "name": "CP_M1",
  "frequency_range": null,
  "allow_gain": false,
  "nonlinear_spec": null,
  "modulation_spec": null,
  "viz_spec": null,
  "heat_spec": null,
  "type": "PoleResidue",
  "eps_inf": 5.672265421770804,
  "poles": [
    [
      {
        "real": -89310230928983.72,
        "imag": -869347936180136.8
      },
      {
        "real": 6489810995149491.0,
        "imag": 3.350869687154465e+16
      }
    ]
  ]
}