{
  "attrs": {},
  "name": "SCP_M1",
  "frequency_range": null,
  "allow_gain": false,
  "nonlinear_spec": null,
  "modulation_spec": null,
  "viz_spec": null,
  "heat_spec": null,
  "type": "PoleResidue",
  "eps_inf": 6.482302171286132,
  "poles": [
    [
      {
        "real": -274926986155521.44,
        "imag": -472515027776426.8
      },
      {
        "real": 5263480627573197.0,
        "imag": 7.876040211344811e+16
      }
    ]
  ]
}