{
  "attrs": {},
  "name": "CP_M1",
  "frequency_range": null,
  "allow_gain": false,
  "nonlinear_spec": null,
  "modulation_spec": null,
  "viz_spec": null,
  "heat_spec": null,
  "type": "PoleResidue",
  "eps_inf": 4.290311857059662,
  "poles": [
    [
      {
        "real": -1167842509366508.8,
        "imag": -4374257646092584.0
      },
      {
        "real": 4439375929591229.0,
        "imag": 1.1155077530232124e+16
      }
    ]
  ]
}