{
  "attrs": {},
  "name": "CP_M2",
  "frequency_range": null,
  "allow_gain": false,
  "nonlinear_spec": null,
  "modulation_spec": null,
  "viz_spec": null,
  "heat_spec": null,
  "type": "PoleResidue",
  "eps_inf": 2.556577373676493,
  "poles": [
    [
      {
        "real": -855583789943079.9,
        "imag": -4356935874100518.0
      },
      {
        "real": 1280994586813424.0,
        "imag": 1.0158569969536178e+16
      }
    ],
    [
      {
        "real": -901287538686770.9,
        "imag": -6509768993900799.0
      },
      {
        "real": 2993145455804954.0,
        "imag": 6114331087076506.0
      }
    ]
  ]
}