{
  "attrs": {},
  "name": "SCP_M2",
  "frequency_range": null,
  "allow_gain": false,
  "nonlinear_spec": null,
  "modulation_spec": null,
  "viz_spec": null,
  "heat_spec": null,
  "type": "PoleResidue",
  "eps_inf": 2.2018863287694157,
  "poles": [
    [
      {
        "real": -686980793542431.5,
        "imag": -4283180506560327.5
      },
      {
        "real": 786310532209147.4,
        "imag": 7648929689686047.0
      }
    ],
    [
      {
        "real": -1632608972888564.2,
        "imag": -6728342869674233.0
      },
      {
        "real": 3383807860991972.0,
        "imag": 1.1458738682847922e+16
      }
    ]
  ]
}