{
  "attrs": {},
  "name": "CP_M1",
  "frequency_range": null,
  "allow_gain": false,
  "nonlinear_spec": null,
  "modulation_spec": null,
  "viz_spec": null,
  "heat_spec": null,
  "type": "PoleResidue",
  "eps_inf": 4.313578225653276,
  "poles": [
    [
      {
        "real": -1156636901304001.0,
        "imag": -4370576129498215.0
      },
      {
        "real": 4408813296663103.5,
        "imag": 1.1085574985223914e+16
      }
    ]
  ]
}