{
  "attrs": {},
  "name": "SCP_M1",
  "frequency_range": null,
  "allow_gain": false,
  "nonlinear_spec": null,
  "modulation_spec": null,
  "viz_spec": null,
  "heat_spec": null,
  "type": "PoleResidue",
  "eps_inf": 3.68208913327899,
  "poles": [
    [
      {
        "real": -949272541499670.0,
        "imag": -5876808835510355.0
      },
      {
        "real": 4776035665597349.0,
        "imag": 2.445944522711968e+16
      }
    ]
  ]
}