{
  "attrs": {},
  "name": "CP_M2",
  "frequency_range": null,
  "allow_gain": false,
  "nonlinear_spec": null,
  "modulation_spec": null,
  "viz_spec": null,
  "heat_spec": null,
  "type": "PoleResidue",
  "eps_inf": 1.2032576448443484,
  "poles": [
    [
      {
        "real": -183162506733419.72,
        "imag": -5172942204607884.0
      },
      {
        "real": 5078214540888836.0,
        "imag": 4507864619868695.0
      }
    ],
    [
      {
        "real": -679652027800457.0,
        "imag": -6596445922765708.0
      },
      {
        "real": -3508838745019812.5,
        "imag": 2.896621290952127e+16
      }
    ]
  ]
}