{
  "attrs": {},
  "name": "RP_M3",
  "frequency_range": null,
  "allow_gain": false,
  "nonlinear_spec": null,
  "modulation_spec": null,
  "viz_spec": null,
  "heat_spec": null,
  "type": "PoleResidue",
  "eps_inf": 1.6686535767263846,
  "poles": [
    [
      {
        "real": -736669061483721.0,
        "imag": -6520744953580683.0
      },
      {
        "real": -3746631708422717.5,
        "imag": 2.802487561248707e+16
      }
    ],
    [
      {
        "real": -221200941169498.4,
        "imag": -5163941614884689.0
      },
      {
        "real": 5621203719181648.0,
        "imag": 3862821442308081.5
      }
    ],
    [
      {
        "real": -47988180429218.734,
        "imag": -5252672485654285.0
      },
      {
        "real": -102645863746877.55,
        "imag": 228851763362890.97
      }
    ]
  ]
}