{
  "attrs": {},
  "name": "RP_M3",
  "frequency_range": null,
  "allow_gain": false,
  "nonlinear_spec": null,
  "modulation_spec": null,
  "viz_spec": null,
  "heat_spec": null,
  "type": "PoleResidue",
  "eps_inf": 1.659323716407746,
  "poles": [
    [
      {
        "real": -737218292234107.8,
        "imag": -6518333751437052.0
      },
      {
        "real": -3672326441523275.0,
        "imag": 2.8039711758006724e+16
      }
    ],
    [
      {
        "real": -220275723812437.66,
        "imag": -5163783318952469.0
      },
      {
        "real": 5589829371005659.0,
        "imag": 3866143893622869.5
      }
    ],
    [
      {
        "real": -46780786730623.88,
        "imag": -5251869401174922.0
      },
      {
        "real": -93359795662571.88,
        "imag": 221661805479304.12
      }
    ]
  ]
}