{
  "attrs": {},
  "name": "SCP_M2",
  "frequency_range": null,
  "allow_gain": false,
  "nonlinear_spec": null,
  "modulation_spec": null,
  "viz_spec": null,
  "heat_spec": null,
  "type": "PoleResidue",
  "eps_inf": 1.9593024660163207,
  "poles": [
    [
      {
        "real": -389367231809217.1,
        "imag": -5242292216912581.0
      },
      {
        "real": 7851727755613429.0,
        "imag": 8097277024297673.0
      }
    ],
    [
      {
        "real": -569509478715388.9,
        "imag": -6733600514443823.0
      },
      {
        "real": -7331874208119749.0,
        "imag": 2.1732626830502732e+16
      }
    ]
  ]
}