{
  "attrs": {},
  "name": "SCP_M2",
  "frequency_range": null,
  "allow_gain": false,
  "nonlinear_spec": null,
  "modulation_spec": null,
  "viz_spec": null,
  "heat_spec": null,
  "type": "PoleResidue",
  "eps_inf": 0.3419753517662081,
  "poles": [
    [
      {
        "real": -506988384490166.5,
        "imag": -5526503809412412.0
      },
      {
        "real": 4890406709508089.0,
        "imag": 1.4169280062864796e+16
      }
    ],
    [
      {
        "real": -438624878130746.4,
        "imag": -6810263444148234.0
      },
      {
        "real": -746432662524806.4,
        "imag": 2.0774488252002804e+16
      }
    ]
  ]
}