{
  "attrs": {},
  "name": "CP_M2",
  "frequency_range": null,
  "allow_gain": false,
  "nonlinear_spec": null,
  "modulation_spec": null,
  "viz_spec": null,
  "heat_spec": null,
  "type": "PoleResidue",
  "eps_inf": 1.5856618411988586,
  "poles": [
    [
      {
        "real": -197351669012331.3,
        "imag": -5173601092039907.0
      },
      {
        "real": 5521880406345985.0,
        "imag": 4961499475651149.0
      }
    ],
    [
      {
        "real": -646969245941284.1,
        "imag": -6661445313909172.0
      },
      {
        "real": -5266539653868958.0,
        "imag": 2.7677903765452444e+16
      }
    ]
  ]
}