{
  "attrs": {},
  "name": "CP_M1",
  "frequency_range": null,
  "allow_gain": false,
  "nonlinear_spec": null,
  "modulation_spec": null,
  "viz_spec": null,
  "heat_spec": null,
  "type": "PoleResidue",
  "eps_inf": 0.43191957970968736,
  "poles": [
    [
      {
        "real": -646969245941284.1,
        "imag": -6661445313909172.0
      },
      {
        "real": 1045943620598862.6,
        "imag": 3.838244003453514e+16
      }
    ]
  ]
}