{
  "attrs": {},
  "name": "SCP_M3",
  "frequency_range": null,
  "allow_gain": false,
  "nonlinear_spec": null,
  "modulation_spec": null,
  "viz_spec": null,
  "heat_spec": null,
  "type": "PoleResidue",
  "eps_inf": 4.300185586382312,
  "poles": [
    [
      {
        "real": -267923918653118.75,
        "imag": -5216631336389886.0
      },
      {
        "real": 6245893253336953.0,
        "imag": 5978460569789322.0
      }
    ],
    [
      {
        "real": -904998105217615.6,
        "imag": -5967476673686928.0
      },
      {
        "real": -431729189325015.25,
        "imag": 4996478182466710.0
      }
    ],
    [
      {
        "real": -293286279692605.56,
        "imag": -6528886120913047.0
      },
      {
        "real": -5547373936389510.0,
        "imag": 1.2250777387105894e+16
      }
    ]
  ]
}