{
  "attrs": {},
  "name": "CP_M2",
  "frequency_range": null,
  "allow_gain": false,
  "nonlinear_spec": null,
  "modulation_spec": null,
  "viz_spec": null,
  "heat_spec": null,
  "type": "PoleResidue",
  "eps_inf": 0.304189896712264,
  "poles": [
    [
      {
        "real": -104821447348433.0,
        "imag": -379793481509424.3
      },
      {
        "real": 1.6003650894340944e+16,
        "imag": 1.867145287160571e+17
      }
    ],
    [
      {
        "real": -1267515846499097.5,
        "imag": -2863734878950944.5
      },
      {
        "real": 2.5461440294310944e+16,
        "imag": 1.813770971152665e+16
      }
    ]
  ]
}