{
  "attrs": {},
  "name": "CP_M1",
  "frequency_range": null,
  "allow_gain": false,
  "nonlinear_spec": null,
  "modulation_spec": null,
  "viz_spec": null,
  "heat_spec": null,
  "type": "PoleResidue",
  "eps_inf": 4.267783875837496,
  "poles": [
    [
      {
        "real": -80329708036782.95,
        "imag": -380598574906716.7
      },
      {
        "real": 3.022572531110234e+16,
        "imag": 7.086472609193344e+16
      }
    ]
  ]
}