{
  "attrs": {},
  "name": "SCP_M3",
  "frequency_range": null,
  "allow_gain": false,
  "nonlinear_spec": null,
  "modulation_spec": null,
  "viz_spec": null,
  "heat_spec": null,
  "type": "PoleResidue",
  "eps_inf": 0.2887042164396654,
  "poles": [
    [
      {
        "real": -32789633194036.953,
        "imag": -629033881288883.8
      },
      {
        "real": 9614713219982794.0,
        "imag": 1.0617455396617797e+17
      }
    ],
    [
      {
        "real": -1274639414263714.0,
        "imag": -3135474920123663.0
      },
      {
        "real": 4755895732379676.0,
        "imag": 2.8533948333937324e+16
      }
    ],
    [
      {
        "real": -1338624142565845.5,
        "imag": -6765195997243447.0
      },
      {
        "real": -1.1453617598551684e+16,
        "imag": 3.0029090464635652e+16
      }
    ]
  ]
}