{
  "attrs": {},
  "name": "CP_M2",
  "frequency_range": null,
  "allow_gain": false,
  "nonlinear_spec": null,
  "modulation_spec": null,
  "viz_spec": null,
  "heat_spec": null,
  "type": "PoleResidue",
  "eps_inf": 7.933734885120602,
  "poles": [
    [
      {
        "real": -185452385503564.16,
        "imag": -4312657199738290.0
      },
      {
        "real": -3653966052403614.0,
        "imag": -71106091964661.03
      }
    ],
    [
      {
        "real": -477461941988619.06,
        "imag": -4474076256647761.5
      },
      {
        "real": 5466795122311641.0,
        "imag": 1.0146583433170414e+16
      }
    ]
  ],
  "model_family": "CP",
  "order_N": 2
}