{
  "attrs": {},
  "name": "RP_M3",
  "frequency_range": null,
  "allow_gain": false,
  "nonlinear_spec": null,
  "modulation_spec": null,
  "viz_spec": null,
  "heat_spec": null,
  "type": "PoleResidue",
  "eps_inf": 6.51652648024345,
  "poles": [
    [
      {
        "real": -1064973315203776.1,
        "imag": -4824926031539927.0
      },
      {
        "real": 3478561064371506.5,
        "imag": 1.8744495037899572e+16
      }
    ],
    [
      {
        "real": -37800570138089.12,
        "imag": -4054313573868882.5
      },
      {
        "real": 329683723314180.6,
        "imag": 175307116730906.75
      }
    ],
    [
      {
        "real": -21682245839676.64,
        "imag": -3075795059729126.5
      },
      {
        "real": 71962847746871.83,
        "imag": 511046398538960.7
      }
    ]
  ]
}