{
  "attrs": {},
  "name": "RP_M2",
  "frequency_range": null,
  "allow_gain": false,
  "nonlinear_spec": null,
  "modulation_spec": null,
  "viz_spec": null,
  "heat_spec": null,
  "type": "PoleResidue",
  "eps_inf": 7.606768157773477,
  "poles": [
    [
      {
        "real": -827336079254597.4,
        "imag": -4505956118197894.0
      },
      {
        "real": 4215936374195059.5,
        "imag": 1.4353329377722424e+16
      }
    ],
    [
      {
        "real": -21353951168836.082,
        "imag": -3076679618404308.0
      },
      {
        "real": 35164031109276.984,
        "imag": 522797900395702.3
      }
    ]
  ]
}