{
  "attrs": {},
  "name": "CP_M3",
  "frequency_range": null,
  "allow_gain": false,
  "nonlinear_spec": null,
  "modulation_spec": null,
  "viz_spec": null,
  "heat_spec": null,
  "type": "PoleResidue",
  "eps_inf": 0.3028600159536831,
  "poles": [
    [
      {
        "real": -384383737617400.4,
        "imag": -112330755940228.81
      },
      {
        "real": 1.608774350246486e+16,
        "imag": 6.1227216376906e+17
      }
    ],
    [
      {
        "real": -489569572425783.6,
        "imag": -1773062239191546.0
      },
      {
        "real": 3734257232260486.0,
        "imag": -1725027962885009.5
      }
    ],
    [
      {
        "real": -2770944458818719.5,
        "imag": -2988487147564002.5
      },
      {
        "real": -3852845692592103.5,
        "imag": 3935123995571440.0
      }
    ]
  ]
}