{
  "attrs": {},
  "name": "CP_M2",
  "frequency_range": null,
  "allow_gain": false,
  "nonlinear_spec": null,
  "modulation_spec": null,
  "viz_spec": null,
  "heat_spec": null,
  "type": "PoleResidue",
  "eps_inf": 1.1030437032138212,
  "poles": [
    [
      {
        "real": -257244607355444.16,
        "imag": -519091545928333.6
      },
      {
        "real": 1.2568396773478386e+16,
        "imag": 1.0892809038631134e+17
      }
    ],
    [
      {
        "real": -2790064069215981.5,
        "imag": -1502573604760319.8
      },
      {
        "real": -2417201844459753.5,
        "imag": 4.41343975422109e+16
      }
    ]
  ],
  "model_family": "CP",
  "order_N": 2
}