{
  "attrs": {},
  "name": "SCP_M2",
  "frequency_range": null,
  "allow_gain": false,
  "nonlinear_spec": null,
  "modulation_spec": null,
  "viz_spec": null,
  "heat_spec": null,
  "type": "PoleResidue",
  "eps_inf": 0.3319204424251383,
  "poles": [
    [
      {
        "real": -4221609436882.232,
        "imag": -85626472008326.75
      },
      {
        "real": 2.853067417838232e+16,
        "imag": 4.202500753341292e+17
      }
    ],
    [
      {
        "real": -2190668230126655.8,
        "imag": -3073530072411879.5
      },
      {
        "real": -9305270168782482.0,
        "imag": 1244032220130040.5
      }
    ]
  ]
}