{
  "attrs": {},
  "name": "SCP_M3",
  "frequency_range": null,
  "allow_gain": false,
  "nonlinear_spec": null,
  "modulation_spec": null,
  "viz_spec": null,
  "heat_spec": null,
  "type": "PoleResidue",
  "eps_inf": 0.25329972769999326,
  "poles": [
    [
      {
        "real": -117124825046109.62,
        "imag": -85632330923306.25
      },
      {
        "real": 2.251451532099009e+16,
        "imag": 5.39213288362043e+17
      }
    ],
    [
      {
        "real": -847098863958089.4,
        "imag": -2692940418316767.0
      },
      {
        "real": -1.000759851989559e+16,
        "imag": -1.9595977467944024e+16
      }
    ],
    [
      {
        "real": -944291094833143.6,
        "imag": -2775139478532752.0
      },
      {
        "real": 5985069841085964.0,
        "imag": 2.614036867598502e+16
      }
    ]
  ]
}