{
  "attrs": {},
  "name": "SCP_M3",
  "frequency_range": null,
  "allow_gain": false,
  "nonlinear_spec": null,
  "modulation_spec": null,
  "viz_spec": null,
  "heat_spec": null,
  "type": "PoleResidue",
  "eps_inf": 0.7804118780379071,
  "poles": [
    [
      {
        "real": -749696828144434.6,
        "imag": -396994510632617.75
      },
      {
        "real": 7.436840442771374e+16,
        "imag": 3.10059298549839e+17
      }
    ],
    [
      {
        "real": -71862016643.45038,
        "imag": -866380376748810.2
      },
      {
        "real": -6.001065107264857e+16,
        "imag": 2.017372507137257e+16
      }
    ],
    [
      {
        "real": -731186264594832.5,
        "imag": -2564658929623755.5
      },
      {
        "real": 2251260440124760.2,
        "imag": 624422251415859.0
      }
    ]
  ]
}