{
  "attrs": {},
  "name": "CP_M3",
  "frequency_range": null,
  "allow_gain": false,
  "nonlinear_spec": null,
  "modulation_spec": null,
  "viz_spec": null,
  "heat_spec": null,
  "type": "PoleResidue",
  "eps_inf": 1.9142249211878546,
  "poles": [
    [
      {
        "real": -919934643085761.8,
        "imag": -3969554819019981.5
      },
      {
        "real": 1.15453971740147e+16,
        "imag": 4986342488328887.0
      }
    ],
    [
      {
        "real": -762374906832909.1,
        "imag": -4406892935828250.0
      },
      {
        "real": -157132553824589.3,
        "imag": -4761012268427216.0
      }
    ],
    [
      {
        "real": -2103626245575664.0,
        "imag": -4541799906362601.0
      },
      {
        "real": -8226710782429201.0,
        "imag": 1.1989537331755124e+16
      }
    ]
  ]
}