{
  "attrs": {},
  "name": "CP_M3",
  "frequency_range": null,
  "allow_gain": false,
  "nonlinear_spec": null,
  "modulation_spec": null,
  "viz_spec": null,
  "heat_spec": null,
  "type": "PoleResidue",
  "eps_inf": 1.7354212392850576,
  "poles": [
    [
      {
        "real": -767804123327090.4,
        "imag": -3756724389672986.5
      },
      {
        "real": 4822678831082586.0,
        "imag": 651244627162695.2
      }
    ],
    [
      {
        "real": -582709030121194.6,
        "imag": -4633835839676683.0
      },
      {
        "real": 735937815930109.1,
        "imag": -365121743317096.4
      }
    ],
    [
      {
        "real": -1786556778938706.2,
        "imag": -4761869834420262.0
      },
      {
        "real": -1252833600968770.8,
        "imag": 1.1177117657956744e+16
      }
    ]
  ]
}