{
  "attrs": {},
  "name": "CP_M1",
  "frequency_range": null,
  "allow_gain": false,
  "nonlinear_spec": null,
  "modulation_spec": null,
  "viz_spec": null,
  "heat_spec": null,
  "type": "PoleResidue",
  "eps_inf": 1.7060087566889486,
  "poles": [
    [
      {
        "real": -1171918479103657.0,
        "imag": -4729967931586427.0
      },
      {
        "real": 4993046995168472.0,
        "imag": 1.1010816250774334e+16
      }
    ]
  ]
}