{
  "attrs": {},
  "name": "CP_M2",
  "frequency_range": null,
  "allow_gain": false,
  "nonlinear_spec": null,
  "modulation_spec": null,
  "viz_spec": null,
  "heat_spec": null,
  "type": "PoleResidue",
  "eps_inf": 1.4873629279298382,
  "poles": [
    [
      {
        "real": -782053661685415.1,
        "imag": -3764173556961741.5
      },
      {
        "real": 4650469607858016.0,
        "imag": 284447977135351.56
      }
    ],
    [
      {
        "real": -1824466607336668.0,
        "imag": -4772213978775221.0
      },
      {
        "real": 473747257888274.2,
        "imag": 1.1406319414485426e+16
      }
    ]
  ]
}