{
  "attrs": {},
  "name": "SCP_M1",
  "frequency_range": null,
  "allow_gain": false,
  "nonlinear_spec": null,
  "modulation_spec": null,
  "viz_spec": null,
  "heat_spec": null,
  "type": "PoleResidue",
  "eps_inf": 1.311295577635412,
  "poles": [
    [
      {
        "real": -1328435150982354.2,
        "imag": -4186182341604373.5
      },
      {
        "real": 7439120510050799.0,
        "imag": 1.1281717788664142e+16
      }
    ]
  ]
}