{
  "attrs": {},
  "name": "CP_M1",
  "frequency_range": null,
  "allow_gain": false,
  "nonlinear_spec": null,
  "modulation_spec": null,
  "viz_spec": null,
  "heat_spec": null,
  "type": "PoleResidue",
  "eps_inf": 1.9719108343890224,
  "poles": [
    [
      {
        "real": -1104550333768873.4,
        "imag": -4751917790362698.0
      },
      {
        "real": 4350912101930730.5,
        "imag": 1.0689367062253942e+16
      }
    ]
  ],
  "model_family": "CP",
  "order_N": 1
}