{
  "attrs": {},
  "name": "SCP_M3",
  "frequency_range": null,
  "allow_gain": false,
  "nonlinear_spec": null,
  "modulation_spec": null,
  "viz_spec": null,
  "heat_spec": null,
  "type": "PoleResidue",
  "eps_inf": 0.9393744900304825,
  "poles": [
    [
      {
        "real": -692142203500499.5,
        "imag": -3790962833735404.5
      },
      {
        "real": 3594217592953800.5,
        "imag": 1575335587837913.0
      }
    ],
    [
      {
        "real": -1149318014955418.2,
        "imag": -5163150390105097.0
      },
      {
        "real": -1028630155285293.2,
        "imag": 6566166192931423.0
      }
    ],
    [
      {
        "real": -3744634177570332.5,
        "imag": -9775991984381698.0
      },
      {
        "real": 595157486557740.9,
        "imag": 1.0483628887560992e+16
      }
    ]
  ]
}