{
  "attrs": {},
  "name": "CP_M3",
  "frequency_range": null,
  "allow_gain": false,
  "nonlinear_spec": null,
  "modulation_spec": null,
  "viz_spec": null,
  "heat_spec": null,
  "type": "PoleResidue",
  "eps_inf": 3.082435447055536,
  "poles": [
    [
      {
        "real": -209410935989129.34,
        "imag": -3436361536745173.5
      },
      {
        "real": -704202457544780.1,
        "imag": 1725579882890078.5
      }
    ],
    [
      {
        "real": -314816107113607.3,
        "imag": -4226330171831646.0
      },
      {
        "real": -1.2099169588399236e+16,
        "imag": -5534169593436993.0
      }
    ],
    [
      {
        "real": -517161569599394.44,
        "imag": -4411979876418659.0
      },
      {
        "real": 1.829905241206198e+16,
        "imag": 3.2054655377925896e+16
      }
    ]
  ],
  "model_family": "CP",
  "order_N": 3
}