{
  "attrs": {},
  "name": "CP_M1",
  "frequency_range": null,
  "allow_gain": false,
  "nonlinear_spec": null,
  "modulation_spec": null,
  "viz_spec": null,
  "heat_spec": null,
  "type": "PoleResidue",
  "eps_inf": 11.570060637171492,
  "poles": [
    [
      {
        "real": -506108399743868.9,
        "imag": -4127102395223007.0
      },
      {
        "real": 826295068713430.2,
        "imag": 1.6267502928461706e+16
      }
    ]
  ]
}