{
  "attrs": {},
  "name": "CP_M3",
  "frequency_range": null,
  "allow_gain": false,
  "nonlinear_spec": null,
  "modulation_spec": null,
  "viz_spec": null,
  "heat_spec": null,
  "type": "PoleResidue",
  "eps_inf": 9.264650071242066,
  "poles": [
    [
      {
        "real": -176094399350875.4,
        "imag": -3244734336785630.5
      },
      {
        "real": -87027452500276.94,
        "imag": 995299076659608.9
      }
    ],
    [
      {
        "real": -319888421453778.25,
        "imag": -4020707851965847.0
      },
      {
        "real": -1.4749515555067728e+16,
        "imag": 1.8222867969452332e+16
      }
    ],
    [
      {
        "real": -237740989805283.12,
        "imag": -4165540115673198.0
      },
      {
        "real": 1.7805255523927536e+16,
        "imag": -1789713445760536.0
      }
    ]
  ]
}