{
  "attrs": {},
  "name": "SCP_M3",
  "frequency_range": null,
  "allow_gain": false,
  "nonlinear_spec": null,
  "modulation_spec": null,
  "viz_spec": null,
  "heat_spec": null,
  "type": "PoleResidue",
  "eps_inf": 0.2733925474559819,
  "poles": [
    [
      {
        "real": -182060393650388.66,
        "imag": -2648386165020240.5
      },
      {
        "real": -729690098586186.9,
        "imag": 421213295839294.2
      }
    ],
    [
      {
        "real": -147932214353285.12,
        "imag": -3318852567742311.5
      },
      {
        "real": 534533156698910.6,
        "imag": 891387140461247.5
      }
    ],
    [
      {
        "real": -1125398955517945.2,
        "imag": -4241109434963356.0
      },
      {
        "real": 1.6451025064636696e+16,
        "imag": 3.2220032380272548e+16
      }
    ]
  ]
}