{
  "attrs": {},
  "name": "RP_M2",
  "frequency_range": null,
  "allow_gain": false,
  "nonlinear_spec": null,
  "modulation_spec": null,
  "viz_spec": null,
  "heat_spec": null,
  "type": "PoleResidue",
  "eps_inf": 2.7429472851394774,
  "poles": [
    [
      {
        "real": -914356064011580.1,
        "imag": 4318834023400206.0
      },
      {
        "real": 9365103836831604.0,
        "imag": -2.997532736055308e+16
      }
    ],
    [
      {
        "real": -58972095681888.48,
        "imag": 3304615398629101.5
      },
      {
        "real": 223020542981927.94,
        "imag": -492750315894531.06
      }
    ]
  ],
  "model_family": "RP",
  "order_N": 2
}