{
  "attrs": {},
  "name": "SCP_M2",
  "frequency_range": null,
  "allow_gain": false,
  "nonlinear_spec": null,
  "modulation_spec": null,
  "viz_spec": null,
  "heat_spec": null,
  "type": "PoleResidue",
  "eps_inf": 1.4867510168917237,
  "poles": [
    [
      {
        "real": -6283185307.179587,
        "imag": -95928883689409.11
      },
      {
        "real": 4689631468359528.0,
        "imag": 9.592888368466826e+17
      }
    ],
    [
      {
        "real": -1382102824253176.2,
        "imag": -3743099591797366.0
      },
      {
        "real": 1.161945521144423e+16,
        "imag": -1083935839856230.0
      }
    ]
  ]
}