{
  "attrs": {},
  "name": "CP_M1",
  "frequency_range": null,
  "allow_gain": false,
  "nonlinear_spec": null,
  "modulation_spec": null,
  "viz_spec": null,
  "heat_spec": null,
  "type": "PoleResidue",
  "eps_inf": 6.233766273532839,
  "poles": [
    [
      {
        "real": -61870934667566.81,
        "imag": -912652966397217.1
      },
      {
        "real": 5367000866611041.0,
        "imag": 7.86671543538877e+16
      }
    ]
  ]
}