{
  "attrs": {},
  "name": "CP_M3",
  "frequency_range": null,
  "allow_gain": false,
  "nonlinear_spec": null,
  "modulation_spec": null,
  "viz_spec": null,
  "heat_spec": null,
  "type": "PoleResidue",
  "eps_inf": 0.8310857242985529,
  "poles": [
    [
      {
        "real": -137815178858028.03,
        "imag": -762439089063039.9
      },
      {
        "real": -2.0056484054462196e+16,
        "imag": 1.3603522089295258e+17
      }
    ],
    [
      {
        "real": -1081010182327306.1,
        "imag": -2574667825784975.0
      },
      {
        "real": -1.4763146975703816e+16,
        "imag": 3290385779223476.5
      }
    ],
    [
      {
        "real": -2927696939193455.0,
        "imag": -3269609915667138.5
      },
      {
        "real": 4.26358850917027e+16,
        "imag": 4.7568984262852424e+16
      }
    ]
  ]
}