{
  "attrs": {},
  "name": "SCP_M3",
  "frequency_range": null,
  "allow_gain": false,
  "nonlinear_spec": null,
  "modulation_spec": null,
  "viz_spec": null,
  "heat_spec": null,
  "type": "PoleResidue",
  "eps_inf": 1.9308665606191282,
  "poles": [
    [
      {
        "real": -1380220790538.2783,
        "imag": -531245830179347.1
      },
      {
        "real": -9875560246604550.0,
        "imag": 1.8356260646803795e+17
      }
    ],
    [
      {
        "real": -1545672221515134.2,
        "imag": -1557781467207277.5
      },
      {
        "real": -5198288609908575.0,
        "imag": 3.2452224934241948e+16
      }
    ],
    [
      {
        "real": -1927501950326104.5,
        "imag": -3678177443714680.0
      },
      {
        "real": 2.595264220147995e+16,
        "imag": 4225472759942966.0
      }
    ]
  ]
}