{
  "attrs": {},
  "name": "CP_M1",
  "frequency_range": null,
  "allow_gain": false,
  "nonlinear_spec": null,
  "modulation_spec": null,
  "viz_spec": null,
  "heat_spec": null,
  "type": "PoleResidue",
  "eps_inf": 6.719254925442347,
  "poles": [
    [
      {
        "real": -41968566936603.48,
        "imag": -789500522097226.6
      },
      {
        "real": 5858483910662014.0,
        "imag": 9.686165480555781e+16
      }
    ]
  ]
}