{
  "attrs": {},
  "name": "RP_M2",
  "frequency_range": null,
  "allow_gain": false,
  "nonlinear_spec": null,
  "modulation_spec": null,
  "viz_spec": null,
  "heat_spec": null,
  "type": "PoleResidue",
  "eps_inf": 0.4532333755995054,
  "poles": [
    [
      {
        "real": -42887528919289.164,
        "imag": -883061899424077.4
      },
      {
        "real": 1368010306319071.0,
        "imag": 8.019612275589512e+16
      }
    ],
    [
      {
        "real": -1016029173185719.0,
        "imag": -3744239138633348.5
      },
      {
        "real": 6889373663193856.0,
        "imag": 1208683208740541.8
      }
    ]
  ]
}