{
  "attrs": {},
  "name": "RP_M2",
  "frequency_range": null,
  "allow_gain": false,
  "nonlinear_spec": null,
  "modulation_spec": null,
  "viz_spec": null,
  "heat_spec": null,
  "type": "PoleResidue",
  "eps_inf": 1.2577455050258428,
  "poles": [
    [
      {
        "real": -1355569298018360.2,
        "imag": 3761521157645035.5
      },
      {
        "real": 1.095867962756775e+16,
        "imag": -1133317511005381.2
      }
    ],
    [
      {
        "real": -41701869026437.28,
        "imag": 442786908429031.6
      },
      {
        "real": 1552939351453193.8,
        "imag": -2.008042611473012e+17
      }
    ]
  ],
  "model_family": "RP",
  "order_N": 2
}