{
  "attrs": {},
  "name": "SCP_M3",
  "frequency_range": null,
  "allow_gain": false,
  "nonlinear_spec": null,
  "modulation_spec": null,
  "viz_spec": null,
  "heat_spec": null,
  "type": "PoleResidue",
  "eps_inf": 1.6742112760980505,
  "poles": [
    [
      {
        "real": -513286443359875.56,
        "imag": -5158569219799302.0
      },
      {
        "real": 5503395378804957.0,
        "imag": 6236072718508983.0
      }
    ],
    [
      {
        "real": -175343397794617.38,
        "imag": -5012216849680540.0
      },
      {
        "real": 1334808328559705.2,
        "imag": 1844301161999824.5
      }
    ],
    [
      {
        "real": -700853575090478.4,
        "imag": -6479585651609804.0
      },
      {
        "real": -3830043664780094.0,
        "imag": 2.3200451077728932e+16
      }
    ]
  ]
}