{
  "attrs": {},
  "name": "CP_M2",
  "frequency_range": null,
  "allow_gain": false,
  "nonlinear_spec": null,
  "modulation_spec": null,
  "viz_spec": null,
  "heat_spec": null,
  "type": "PoleResidue",
  "eps_inf": 2.0908141881546225,
  "poles": [
    [
      {
        "real": -304482193279603.56,
        "imag": -5067437728867975.0
      },
      {
        "real": 5395092472534217.0,
        "imag": 6594743461092271.0
      }
    ],
    [
      {
        "real": -644771346720253.1,
        "imag": -6482924943831318.0
      },
      {
        "real": -4226294951989274.0,
        "imag": 2.435706019959053e+16
      }
    ]
  ]
}