{
  "attrs": {},
  "name": "SCP_M1",
  "frequency_range": null,
  "allow_gain": false,
  "nonlinear_spec": null,
  "modulation_spec": null,
  "viz_spec": null,
  "heat_spec": null,
  "type": "PoleResidue",
  "eps_inf": 1.2968863691553594,
  "poles": [
    [
      {
        "real": -974689992258973.9,
        "imag": -5865913169075610.0
      },
      {
        "real": 1.080922933033401e+16,
        "imag": 3.1621955351164904e+16
      }
    ]
  ]
}