{
  "attrs": {},
  "name": "SCP_M2",
  "frequency_range": null,
  "allow_gain": false,
  "nonlinear_spec": null,
  "modulation_spec": null,
  "viz_spec": null,
  "heat_spec": null,
  "type": "PoleResidue",
  "eps_inf": 0.5610004133330706,
  "poles": [
    [
      {
        "real": -312569577623085.25,
        "imag": -5038890658482252.0
      },
      {
        "real": 5055253489815671.0,
        "imag": 5498939037669750.0
      }
    ],
    [
      {
        "real": -883092849812635.0,
        "imag": -6332574254659092.0
      },
      {
        "real": 1117446148058262.8,
        "imag": 2.9066272634397788e+16
      }
    ]
  ]
}