{
    "attrs": {},
    "name": "CP_selected_M2",
    "frequency_range": null,
    "allow_gain": false,
    "nonlinear_spec": null,
    "modulation_spec": null,
    "viz_spec": null,
    "heat_spec": null,
    "type": "PoleResidue",
    "eps_inf": 2.1127141673441425,
    "poles": [
        [
            {
                "real": -307595879143982.9,
                "imag": -5069777619269505.0
            },
            {
                "real": 5423126884497606.0,
                "imag": 6672398987812486.0
            }
        ],
        [
            {
                "real": -640277899814227.1,
                "imag": -6483767584083539.0
            },
            {
                "real": -4267326180635100.5,
                "imag": 2.4179936210367228e+16
            }
        ]
    ]
}