{
  "attrs": {},
  "name": "SCP_M3",
  "frequency_range": null,
  "allow_gain": false,
  "nonlinear_spec": null,
  "modulation_spec": null,
  "viz_spec": null,
  "heat_spec": null,
  "type": "PoleResidue",
  "eps_inf": 1.6875279621513029,
  "poles": [
    [
      {
        "real": -513986327987491.56,
        "imag": -5160741946449063.0
      },
      {
        "real": 5497847853237498.0,
        "imag": 6248204429960145.0
      }
    ],
    [
      {
        "real": -175852005903872.12,
        "imag": -5012616136085300.0
      },
      {
        "real": 1337678156964715.8,
        "imag": 1864270859888846.0
      }
    ],
    [
      {
        "real": -697767221435695.5,
        "imag": -6479456288463737.0
      },
      {
        "real": -3845407449914842.5,
        "imag": 2.311857091665863e+16
      }
    ]
  ],
  "model_family": "SCP",
  "order_N": 3
}