{
  "attrs": {},
  "name": "SCP_M3",
  "frequency_range": null,
  "allow_gain": false,
  "nonlinear_spec": null,
  "modulation_spec": null,
  "viz_spec": null,
  "heat_spec": null,
  "type": "PoleResidue",
  "eps_inf": 0.9288631858517268,
  "poles": [
    [
      {
        "real": -1654705690912461.5,
        "imag": -1993056760154046.8
      },
      {
        "real": -3461952659327991.5,
        "imag": -1.035871027860514e+16
      }
    ],
    [
      {
        "real": -1062661232162115.5,
        "imag": -2035662012740882.5
      },
      {
        "real": -2144999620747132.5,
        "imag": 2722486851454784.5
      }
    ],
    [
      {
        "real": -1705684615377164.0,
        "imag": -5501029009505981.0
      },
      {
        "real": 6120364913622126.0,
        "imag": 5.696792800782492e+16
      }
    ]
  ]
}