{
  "attrs": {},
  "name": "CP_M3",
  "frequency_range": null,
  "allow_gain": false,
  "nonlinear_spec": null,
  "modulation_spec": null,
  "viz_spec": null,
  "heat_spec": null,
  "type": "PoleResidue",
  "eps_inf": 0.6719123077917124,
  "poles": [
    [
      {
        "real": -1764542312746034.0,
        "imag": -2189661669571817.5
      },
      {
        "real": -4312682030174022.0,
        "imag": -6145187100498554.0
      }
    ],
    [
      {
        "real": -1110890933691627.5,
        "imag": -2408896659396490.5
      },
      {
        "real": -1465729303383256.8,
        "imag": -877043015983833.2
      }
    ],
    [
      {
        "real": -1719220478225970.8,
        "imag": -5466817626017621.0
      },
      {
        "real": 7747587406098584.0,
        "imag": 5.699440151650621e+16
      }
    ]
  ]
}