{
  "attrs": {},
  "name": "RP_M3",
  "frequency_range": null,
  "allow_gain": false,
  "nonlinear_spec": null,
  "modulation_spec": null,
  "viz_spec": null,
  "heat_spec": null,
  "type": "PoleResidue",
  "eps_inf": 0.8030004617812367,
  "poles": [
    [
      {
        "real": -1914223537001508.0,
        "imag": -2132503412745270.0
      },
      {
        "real": -5603203879906281.0,
        "imag": -5037471562533727.0
      }
    ],
    [
      {
        "real": -1115781108986059.0,
        "imag": -2416822348702005.5
      },
      {
        "real": -1204586990590707.8,
        "imag": -1517191908859980.8
      }
    ],
    [
      {
        "real": -1717021893784650.0,
        "imag": -5467740730473859.0
      },
      {
        "real": 7863418581586335.0,
        "imag": 5.7404626882441096e+16
      }
    ]
  ]
}