{
  "attrs": {},
  "name": "RP_M3",
  "frequency_range": null,
  "allow_gain": false,
  "nonlinear_spec": null,
  "modulation_spec": null,
  "viz_spec": null,
  "heat_spec": null,
  "type": "PoleResidue",
  "eps_inf": 0.8058160480249872,
  "poles": [
    [
      {
        "real": -1921994882674051.2,
        "imag": -2129771256780788.2
      },
      {
        "real": -5614554504053054.0,
        "imag": -5012891805816783.0
      }
    ],
    [
      {
        "real": -1116105770418150.6,
        "imag": -2417012680622164.0
      },
      {
        "real": -1214308187112160.5,
        "imag": -1540414246357213.0
      }
    ],
    [
      {
        "real": -1716969356603150.8,
        "imag": -5467779991600854.0
      },
      {
        "real": 7865747470200589.0,
        "imag": 5.741121186730201e+16
      }
    ]
  ]
}