{
  "attrs": {},
  "name": "CP_M3",
  "frequency_range": null,
  "allow_gain": false,
  "nonlinear_spec": null,
  "modulation_spec": null,
  "viz_spec": null,
  "heat_spec": null,
  "type": "PoleResidue",
  "eps_inf": 1.6908428698888238,
  "poles": [
    [
      {
        "real": -214314450173254.25,
        "imag": -279433317001758.12
      },
      {
        "real": 8436608530634746.0,
        "imag": 1.5088978085450324e+16
      }
    ],
    [
      {
        "real": -2380039710826838.0,
        "imag": -984714102807478.0
      },
      {
        "real": 4610874849906797.0,
        "imag": 2642711487763122.0
      }
    ],
    [
      {
        "real": -923551846756009.2,
        "imag": -7022435202552971.0
      },
      {
        "real": -2433817285016353.0,
        "imag": 8388603618566558.0
      }
    ]
  ],
  "model_family": "CP",
  "order_N": 3
}