{
  "attrs": {},
  "name": "SCP_M1",
  "frequency_range": null,
  "allow_gain": false,
  "nonlinear_spec": null,
  "modulation_spec": null,
  "viz_spec": null,
  "heat_spec": null,
  "type": "PoleResidue",
  "eps_inf": 5.595849868857608,
  "poles": [
    [
      {
        "real": -68799431085534.914,
        "imag": -94187765493578.77
      },
      {
        "real": 1.2872086894997696e+16,
        "imag": 9681699121466608.0
      }
    ]
  ]
}