{
  "attrs": {},
  "name": "RP_M3",
  "frequency_range": null,
  "allow_gain": false,
  "nonlinear_spec": null,
  "modulation_spec": null,
  "viz_spec": null,
  "heat_spec": null,
  "type": "PoleResidue",
  "eps_inf": 1.0367555446831456,
  "poles": [
    [
      {
        "real": -308433676707567.25,
        "imag": -334427425438433.3
      },
      {
        "real": 1.0674615659114386e+16,
        "imag": 6939114586727272.0
      }
    ],
    [
      {
        "real": -1311245289649902.8,
        "imag": -6689535180822237.0
      },
      {
        "real": 1658013572325683.5,
        "imag": 1.1778404797511326e+16
      }
    ],
    [
      {
        "real": -1196258446890802.8,
        "imag": -4639190343152891.0
      },
      {
        "real": -1481340329779575.5,
        "imag": 827999401166765.9
      }
    ]
  ]
}