{
  "attrs": {},
  "name": "RP_M3",
  "frequency_range": null,
  "allow_gain": false,
  "nonlinear_spec": null,
  "modulation_spec": null,
  "viz_spec": null,
  "heat_spec": null,
  "type": "PoleResidue",
  "eps_inf": 1.4719232960462798,
  "poles": [
    [
      {
        "real": -1259107926322751.5,
        "imag": 7524733237567978.0
      },
      {
        "real": -4817064605843187.0,
        "imag": -1.3136833112593904e+16
      }
    ],
    [
      {
        "real": -835206413808928.4,
        "imag": 3200280725297363.0
      },
      {
        "real": -11513114338215.025,
        "imag": -274628388297450.3
      }
    ],
    [
      {
        "real": -103358231558000.89,
        "imag": 0.31204998683564433
      },
      {
        "real": 1.0807905515839674e+16,
        "imag": -2.1783021520436274e+29
      }
    ]
  ],
  "model_family": "RP",
  "order_N": 3
}