{
  "attrs": {},
  "name": "CP_M1",
  "frequency_range": null,
  "allow_gain": false,
  "nonlinear_spec": null,
  "modulation_spec": null,
  "viz_spec": null,
  "heat_spec": null,
  "type": "PoleResidue",
  "eps_inf": 1.8298311110881031,
  "poles": [
    [
      {
        "real": -1027950944202631.1,
        "imag": -3028671052415678.0
      },
      {
        "real": 3976635065855921.5,
        "imag": 1.800783199208231e+16
      }
    ]
  ]
}