{
  "attrs": {},
  "name": "SCP_M1",
  "frequency_range": null,
  "allow_gain": false,
  "nonlinear_spec": null,
  "modulation_spec": null,
  "viz_spec": null,
  "heat_spec": null,
  "type": "PoleResidue",
  "eps_inf": 9.594298373080655,
  "poles": [
    [
      {
        "real": -6283185307.180095,
        "imag": -85622679777305.48
      },
      {
        "real": 9575569120863756.0,
        "imag": 1.1177814919002332e+18
      }
    ]
  ]
}