{
  "attrs": {},
  "name": "CP_M2",
  "frequency_range": null,
  "allow_gain": false,
  "nonlinear_spec": null,
  "modulation_spec": null,
  "viz_spec": null,
  "heat_spec": null,
  "type": "PoleResidue",
  "eps_inf": 3.1406902144346076,
  "poles": [
    [
      {
        "real": -35536379979452.69,
        "imag": -409361275020857.4
      },
      {
        "real": 1689312877226409.5,
        "imag": 2.3410883405191104e+17
      }
    ],
    [
      {
        "real": -2453130485761408.5,
        "imag": -5310427812555901.0
      },
      {
        "real": 6394100848619069.0,
        "imag": 1.7790691002468602e+16
      }
    ]
  ]
}