{
  "attrs": {},
  "name": "SCP_M2",
  "frequency_range": null,
  "allow_gain": false,
  "nonlinear_spec": null,
  "modulation_spec": null,
  "viz_spec": null,
  "heat_spec": null,
  "type": "PoleResidue",
  "eps_inf": 1.574561988079005,
  "poles": [
    [
      {
        "real": -6283185307.179587,
        "imag": -85622679776934.44
      },
      {
        "real": 1.070647495675267e+16,
        "imag": 1.0105105672731305e+18
      }
    ],
    [
      {
        "real": -1687496026627618.5,
        "imag": -3346981234635611.0
      },
      {
        "real": 1.2966223819450982e+16,
        "imag": -7251154011967970.0
      }
    ]
  ]
}