{
  "attrs": {},
  "name": "RP_M2",
  "frequency_range": null,
  "allow_gain": false,
  "nonlinear_spec": null,
  "modulation_spec": null,
  "viz_spec": null,
  "heat_spec": null,
  "type": "PoleResidue",
  "eps_inf": 1.9881658145713168,
  "poles": [
    [
      {
        "real": -1647506003199032.2,
        "imag": 3639125731968686.5
      },
      {
        "real": 1.2663586177824912e+16,
        "imag": 1803387542325148.5
      }
    ],
    [
      {
        "real": -46528576875883.37,
        "imag": 171947086080061.03
      },
      {
        "real": 7073055998560756.0,
        "imag": -5.2528017089086944e+17
      }
    ]
  ],
  "model_family": "RP",
  "order_N": 2
}