{
  "attrs": {},
  "name": "SCP_M2",
  "frequency_range": null,
  "allow_gain": false,
  "nonlinear_spec": null,
  "modulation_spec": null,
  "viz_spec": null,
  "heat_spec": null,
  "type": "PoleResidue",
  "eps_inf": 1.5579548765673152,
  "poles": [
    [
      {
        "real": -6283185349.020218,
        "imag": -92989004146683.52
      },
      {
        "real": 1.0734792280456792e+16,
        "imag": 9.298900414383894e+17
      }
    ],
    [
      {
        "real": -1693175416705886.5,
        "imag": -3341621815215900.0
      },
      {
        "real": 1.3024664804477458e+16,
        "imag": -7366244843242726.0
      }
    ]
  ],
  "model_family": "SCP",
  "order_N": 2
}