{
  "attrs": {},
  "name": "CP_M1",
  "frequency_range": null,
  "allow_gain": false,
  "nonlinear_spec": null,
  "modulation_spec": null,
  "viz_spec": null,
  "heat_spec": null,
  "type": "PoleResidue",
  "eps_inf": 2.3084550923192215,
  "poles": [
    [
      {
        "real": -2097421169577084.5,
        "imag": -4491605807282300.5
      },
      {
        "real": 1.1044193305354152e+16,
        "imag": 3.024851633349766e+16
      }
    ]
  ],
  "model_family": "CP",
  "order_N": 1
}