{
  "attrs": {},
  "name": "SCP_M1",
  "frequency_range": null,
  "allow_gain": false,
  "nonlinear_spec": null,
  "modulation_spec": null,
  "viz_spec": null,
  "heat_spec": null,
  "type": "PoleResidue",
  "eps_inf": 5.950960470255644,
  "poles": [
    [
      {
        "real": -1172823437327401.2,
        "imag": -4177038931773031.5
      },
      {
        "real": 4181788975726672.0,
        "imag": 1.8226911750279736e+16
      }
    ]
  ]
}