{
  "attrs": {},
  "name": "CP_M3",
  "frequency_range": null,
  "allow_gain": false,
  "nonlinear_spec": null,
  "modulation_spec": null,
  "viz_spec": null,
  "heat_spec": null,
  "type": "PoleResidue",
  "eps_inf": 2.0307607534870655,
  "poles": [
    [
      {
        "real": -201990299381792.47,
        "imag": -3749457257203749.5
      },
      {
        "real": -719311372031174.1,
        "imag": 747379635812733.8
      }
    ],
    [
      {
        "real": -291320397388796.2,
        "imag": -4467874064977012.0
      },
      {
        "real": -1582357074365106.8,
        "imag": 2449229172129575.5
      }
    ],
    [
      {
        "real": -2097421169577084.5,
        "imag": -4491605807282300.5
      },
      {
        "real": 1.8374610479314976e+16,
        "imag": 2.0446479733687844e+16
      }
    ]
  ],
  "model_family": "CP",
  "order_N": 3
}