{
  "attrs": {},
  "name": "SCP_M3",
  "frequency_range": null,
  "allow_gain": false,
  "nonlinear_spec": null,
  "modulation_spec": null,
  "viz_spec": null,
  "heat_spec": null,
  "type": "PoleResidue",
  "eps_inf": 1.9312457309908089,
  "poles": [
    [
      {
        "real": -105797179407382.66,
        "imag": -4492624857717516.0
      },
      {
        "real": 5.069767658029239e+16,
        "imag": 5625638025307016.0
      }
    ],
    [
      {
        "real": -106159239570050.8,
        "imag": -4491767674388512.0
      },
      {
        "real": -5.1331318622822824e+16,
        "imag": -4730124918955845.0
      }
    ],
    [
      {
        "real": -1905282422535521.5,
        "imag": -3784828967353807.5
      },
      {
        "real": 1.8587628626842428e+16,
        "imag": 1.8775108694024868e+16
      }
    ]
  ]
}