{
  "attrs": {},
  "name": "RP_M3",
  "frequency_range": null,
  "allow_gain": false,
  "nonlinear_spec": null,
  "modulation_spec": null,
  "viz_spec": null,
  "heat_spec": null,
  "type": "PoleResidue",
  "eps_inf": 6.291702200539323,
  "poles": [
    [
      {
        "real": -664887003162001.9,
        "imag": -3931161453644212.0
      },
      {
        "real": 2991819173509736.0,
        "imag": 1.6347845785840594e+16
      }
    ],
    [
      {
        "real": -242219463598615.56,
        "imag": -4070635885095995.5
      },
      {
        "real": 1938521096909959.2,
        "imag": -3142289403391944.5
      }
    ],
    [
      {
        "real": -53243478995113.86,
        "imag": -2489212054324346.5
      },
      {
        "real": 201809266362989.0,
        "imag": 497985823611196.3
      }
    ]
  ]
}