{
  "attrs": {},
  "name": "SCP_M2",
  "frequency_range": null,
  "allow_gain": false,
  "nonlinear_spec": null,
  "modulation_spec": null,
  "viz_spec": null,
  "heat_spec": null,
  "type": "PoleResidue",
  "eps_inf": 3.816665338137313,
  "poles": [
    [
      {
        "real": -12763360152098.904,
        "imag": -88543735150878.4
      },
      {
        "real": 1334188586371622.0,
        "imag": 1.1043443402135524e+18
      }
    ],
    [
      {
        "real": -295635315246887.0,
        "imag": -6362381398565969.0
      },
      {
        "real": 517889590535844.9,
        "imag": 1078419499375275.2
      }
    ]
  ]
}