{
  "attrs": {},
  "name": "SCP_M1",
  "frequency_range": null,
  "allow_gain": false,
  "nonlinear_spec": null,
  "modulation_spec": null,
  "viz_spec": null,
  "heat_spec": null,
  "type": "PoleResidue",
  "eps_inf": 6.164717739726147,
  "poles": [
    [
      {
        "real": -6283185307.362331,
        "imag": -85622679776929.25
      },
      {
        "real": 1651634665311302.5,
        "imag": 1.2488710583527895e+18
      }
    ]
  ]
}