{
  "attrs": {},
  "name": "SCP_M3",
  "frequency_range": null,
  "allow_gain": false,
  "nonlinear_spec": null,
  "modulation_spec": null,
  "viz_spec": null,
  "heat_spec": null,
  "type": "PoleResidue",
  "eps_inf": 3.2911640414011614,
  "poles": [
    [
      {
        "real": -242485932625.51938,
        "imag": -116160762967714.9
      },
      {
        "real": 1.0963499724854654e+16,
        "imag": 7.59087139869521e+17
      }
    ],
    [
      {
        "real": -1340400454424126.0,
        "imag": -1042597060782067.2
      },
      {
        "real": -8538227341735031.0,
        "imag": -8994464459175523.0
      }
    ],
    [
      {
        "real": -354140440983412.5,
        "imag": -6341056932123509.0
      },
      {
        "real": 816954824412689.5,
        "imag": 1067742511799890.6
      }
    ]
  ]
}