{
  "attrs": {},
  "name": "CP_M1",
  "frequency_range": null,
  "allow_gain": false,
  "nonlinear_spec": null,
  "modulation_spec": null,
  "viz_spec": null,
  "heat_spec": null,
  "type": "PoleResidue",
  "eps_inf": 6.036950962299201,
  "poles": [
    [
      {
        "real": -1277575226492.9634,
        "imag": -325794225346078.25
      },
      {
        "real": 1633431799957258.5,
        "imag": 3.211443242708997e+17
      }
    ]
  ]
}