{
  "attrs": {},
  "name": "CP_M1",
  "frequency_range": null,
  "allow_gain": false,
  "nonlinear_spec": null,
  "modulation_spec": null,
  "viz_spec": null,
  "heat_spec": null,
  "type": "PoleResidue",
  "eps_inf": 6.045047686760169,
  "poles": [
    [
      {
        "real": -53345916262073.19,
        "imag": -310600255995612.56
      },
      {
        "real": 1174598207394199.8,
        "imag": 3.37691263666204e+17
      }
    ]
  ]
}