{
  "attrs": {},
  "name": "RP_M2",
  "frequency_range": null,
  "allow_gain": false,
  "nonlinear_spec": null,
  "modulation_spec": null,
  "viz_spec": null,
  "heat_spec": null,
  "type": "PoleResidue",
  "eps_inf": 4.223363342060548,
  "poles": [
    [
      {
        "real": -173273301828495.4,
        "imag": 288737771969077.3
      },
      {
        "real": -2.8119392151640467e+17,
        "imag": -2.36726418706053e+17
      }
    ],
    [
      {
        "real": -78417481975808.1,
        "imag": -0.004359835489240447
      },
      {
        "real": 2.815439690079769e+17,
        "imag": 0.0
      }
    ]
  ],
  "model_family": "RP",
  "order_N": 2
}