{
  "attrs": {},
  "name": "SCP_M2",
  "frequency_range": null,
  "allow_gain": false,
  "nonlinear_spec": null,
  "modulation_spec": null,
  "viz_spec": null,
  "heat_spec": null,
  "type": "PoleResidue",
  "eps_inf": 3.810029172994065,
  "poles": [
    [
      {
        "real": -12329869976876.584,
        "imag": -87160315891424.38
      },
      {
        "real": 1352203194596834.0,
        "imag": 1.1217244043044525e+18
      }
    ],
    [
      {
        "real": -300416474810255.8,
        "imag": -6363810618480135.0
      },
      {
        "real": 532335626374672.94,
        "imag": 1082730610569660.5
      }
    ]
  ],
  "model_family": "SCP",
  "order_N": 2
}