{
  "attrs": {},
  "name": "SCP_M1",
  "frequency_range": null,
  "allow_gain": false,
  "nonlinear_spec": null,
  "modulation_spec": null,
  "viz_spec": null,
  "heat_spec": null,
  "type": "PoleResidue",
  "eps_inf": 0.4781106450662733,
  "poles": [
    [
      {
        "real": -1619678985775599.0,
        "imag": -4667139514482831.0
      },
      {
        "real": 1.7457535554502086e+16,
        "imag": 2.1872360995919468e+16
      }
    ]
  ]
}