{
  "attrs": {},
  "name": "CP_M2",
  "frequency_range": null,
  "allow_gain": false,
  "nonlinear_spec": null,
  "modulation_spec": null,
  "viz_spec": null,
  "heat_spec": null,
  "type": "PoleResidue",
  "eps_inf": 0.2801173650345959,
  "poles": [
    [
      {
        "real": -1060392066434255.8,
        "imag": -4412778687225941.5
      },
      {
        "real": 8595929542661032.0,
        "imag": 4600751678235816.0
      }
    ],
    [
      {
        "real": -2411092501178790.0,
        "imag": -6407395973301802.0
      },
      {
        "real": 4903817164025492.0,
        "imag": 2.612762279965462e+16
      }
    ]
  ]
}