{
  "attrs": {},
  "name": "CP_M1",
  "frequency_range": null,
  "allow_gain": false,
  "nonlinear_spec": null,
  "modulation_spec": null,
  "viz_spec": null,
  "heat_spec": null,
  "type": "PoleResidue",
  "eps_inf": 1.6503709170360688,
  "poles": [
    [
      {
        "real": -1789482464018735.5,
        "imag": -6924504520909628.0
      },
      {
        "real": 604198982222745.5,
        "imag": 3.817699718323073e+16
      }
    ]
  ]
}