{
  "attrs": {},
  "name": "CP_M3",
  "frequency_range": null,
  "allow_gain": false,
  "nonlinear_spec": null,
  "modulation_spec": null,
  "viz_spec": null,
  "heat_spec": null,
  "type": "PoleResidue",
  "eps_inf": 1.4506235633493836,
  "poles": [
    [
      {
        "real": -1403365830183663.2,
        "imag": -4176790313079210.5
      },
      {
        "real": 7974937694831648.0,
        "imag": 1.2096490191591614e+16
      }
    ],
    [
      {
        "real": -354035609534431.94,
        "imag": -4256498516172080.5
      },
      {
        "real": 3919770286848559.5,
        "imag": -1011669212314201.9
      }
    ],
    [
      {
        "real": -2134445934035.963,
        "imag": -7545504430029293.0
      },
      {
        "real": -9779444341892608.0,
        "imag": 1.1373227429953414e+16
      }
    ]
  ]
}