{
  "attrs": {},
  "name": "SCP_M2",
  "frequency_range": null,
  "allow_gain": false,
  "nonlinear_spec": null,
  "modulation_spec": null,
  "viz_spec": null,
  "heat_spec": null,
  "type": "PoleResidue",
  "eps_inf": 0.3932049940962395,
  "poles": [
    [
      {
        "real": -1002941918326145.5,
        "imag": -4180451579956153.5
      },
      {
        "real": 1.0074964044666094e+16,
        "imag": 2357066492741952.0
      }
    ],
    [
      {
        "real": -2619568377508242.5,
        "imag": -6662721327340427.0
      },
      {
        "real": -310606742925606.8,
        "imag": 3.1769937941220244e+16
      }
    ]
  ]
}