{
  "attrs": {},
  "name": "CP_M3",
  "frequency_range": null,
  "allow_gain": false,
  "nonlinear_spec": null,
  "modulation_spec": null,
  "viz_spec": null,
  "heat_spec": null,
  "type": "PoleResidue",
  "eps_inf": 1.1735339699285763,
  "poles": [
    [
      {
        "real": -219553959371472.4,
        "imag": -3760713700019634.5
      },
      {
        "real": 258162665517553.66,
        "imag": -10818507448493.986
      }
    ],
    [
      {
        "real": -1154752703861120.0,
        "imag": -3889041719330745.0
      },
      {
        "real": 685779855652643.6,
        "imag": 271592079095250.5
      }
    ],
    [
      {
        "real": -1992359733478922.5,
        "imag": -9056432879889342.0
      },
      {
        "real": 3305396149863975.0,
        "imag": 1.611543276836661e+16
      }
    ]
  ]
}