{
  "attrs": {},
  "name": "SCP_M2",
  "frequency_range": null,
  "allow_gain": false,
  "nonlinear_spec": null,
  "modulation_spec": null,
  "viz_spec": null,
  "heat_spec": null,
  "type": "PoleResidue",
  "eps_inf": 0.42144372162203925,
  "poles": [
    [
      {
        "real": -3347269114100617.5,
        "imag": -710855554594942.4
      },
      {
        "real": -4.573342826028366e+16,
        "imag": 8.229912594494752e+16
      }
    ],
    [
      {
        "real": -4651697590765744.0,
        "imag": -1467579585968855.0
      },
      {
        "real": 7.47919607670829e+16,
        "imag": -6.403055580014777e+16
      }
    ]
  ]
}