{
  "attrs": {},
  "name": "CP_M2",
  "frequency_range": null,
  "allow_gain": false,
  "nonlinear_spec": null,
  "modulation_spec": null,
  "viz_spec": null,
  "heat_spec": null,
  "type": "PoleResidue",
  "eps_inf": 1.6769820436868725,
  "poles": [
    [
      {
        "real": -1155356990783291.2,
        "imag": -3889842573685565.5
      },
      {
        "real": 1213014212015446.5,
        "imag": 4576946112948.852
      }
    ],
    [
      {
        "real": -1988587817545850.0,
        "imag": -9054139770191018.0
      },
      {
        "real": 875552291034805.2,
        "imag": 1.4551787489152458e+16
      }
    ]
  ],
  "model_family": "CP",
  "order_N": 2
}