{
  "attrs": {},
  "name": "SCP_M1",
  "frequency_range": null,
  "allow_gain": false,
  "nonlinear_spec": null,
  "modulation_spec": null,
  "viz_spec": null,
  "heat_spec": null,
  "type": "PoleResidue",
  "eps_inf": 1.0221444208987844,
  "poles": [
    [
      {
        "real": -4050590708528210.0,
        "imag": -5773533046470322.0
      },
      {
        "real": 1.7007606874121898e+16,
        "imag": 6169042850189016.0
      }
    ]
  ]
}