{
  "attrs": {},
  "name": "CP_M1",
  "frequency_range": null,
  "allow_gain": false,
  "nonlinear_spec": null,
  "modulation_spec": null,
  "viz_spec": null,
  "heat_spec": null,
  "type": "PoleResidue",
  "eps_inf": 0.9636767494223399,
  "poles": [
    [
      {
        "real": -1992359733478922.5,
        "imag": -9056432879889342.0
      },
      {
        "real": 4020644821196097.5,
        "imag": 1.8984010163217612e+16
      }
    ]
  ]
}