{
  "attrs": {},
  "name": "SCP_M2",
  "frequency_range": null,
  "allow_gain": false,
  "nonlinear_spec": null,
  "modulation_spec": null,
  "viz_spec": null,
  "heat_spec": null,
  "type": "PoleResidue",
  "eps_inf": 13.96881914869125,
  "poles": [
    [
      {
        "real": -1018478346829852.5,
        "imag": -3750584192253511.0
      },
      {
        "real": -3637335145965353.0,
        "imag": 1.908999022245172e+16
      }
    ],
    [
      {
        "real": -1018057108537139.1,
        "imag": -3641311390865804.5
      },
      {
        "real": 4505005796059072.0,
        "imag": -1.5292580819603506e+16
      }
    ]
  ]
}