{
  "attrs": {},
  "name": "CP_M1",
  "frequency_range": null,
  "allow_gain": false,
  "nonlinear_spec": null,
  "modulation_spec": null,
  "viz_spec": null,
  "heat_spec": null,
  "type": "PoleResidue",
  "eps_inf": 1.085398927391944,
  "poles": [
    [
      {
        "real": -1033540962651897.2,
        "imag": -5856172276982044.0
      },
      {
        "real": 4963592610014804.0,
        "imag": 3.939867958597971e+16
      }
    ]
  ]
}