{
  "attrs": {},
  "name": "CP_M2",
  "frequency_range": null,
  "allow_gain": false,
  "nonlinear_spec": null,
  "modulation_spec": null,
  "viz_spec": null,
  "heat_spec": null,
  "type": "PoleResidue",
  "eps_inf": 3.417654600253736,
  "poles": [
    [
      {
        "real": -575641966104516.2,
        "imag": -4757310448867408.0
      },
      {
        "real": 6698232719187956.0,
        "imag": 7566748705900507.0
      }
    ],
    [
      {
        "real": -671620426001747.1,
        "imag": -6189851333879156.0
      },
      {
        "real": -6497523966551032.0,
        "imag": 2.0734234753050788e+16
      }
    ]
  ]
}