{
  "attrs": {},
  "name": "SCP_M3",
  "frequency_range": null,
  "allow_gain": false,
  "nonlinear_spec": null,
  "modulation_spec": null,
  "viz_spec": null,
  "heat_spec": null,
  "type": "PoleResidue",
  "eps_inf": 0.8982309849073621,
  "poles": [
    [
      {
        "real": -466772430932104.94,
        "imag": -4726986028344772.0
      },
      {
        "real": 4745281203439556.0,
        "imag": 4777920500689471.0
      }
    ],
    [
      {
        "real": -1148636572596389.5,
        "imag": -5830976087243066.0
      },
      {
        "real": 2411110955035098.0,
        "imag": 2.48643822912732e+16
      }
    ],
    [
      {
        "real": -403182285187771.3,
        "imag": -6148473623293223.0
      },
      {
        "real": -622566581753860.2,
        "imag": 4676788550229545.0
      }
    ]
  ]
}