{
  "attrs": {},
  "name": "CP_M3",
  "frequency_range": null,
  "allow_gain": false,
  "nonlinear_spec": null,
  "modulation_spec": null,
  "viz_spec": null,
  "heat_spec": null,
  "type": "PoleResidue",
  "eps_inf": 1.3046580216540267,
  "poles": [
    [
      {
        "real": -469970159375380.6,
        "imag": -4723056035178245.0
      },
      {
        "real": 4841378975480592.0,
        "imag": 4776563967442600.0
      }
    ],
    [
      {
        "real": -1067120971726537.6,
        "imag": -5803758000604202.0
      },
      {
        "real": -1095329156577200.2,
        "imag": 2.3135430917982004e+16
      }
    ],
    [
      {
        "real": -450439390610784.56,
        "imag": -6099496633019400.0
      },
      {
        "real": 1434857433049282.5,
        "imag": 5741904688205995.0
      }
    ]
  ]
}