{
  "attrs": {},
  "name": "RP_M3",
  "frequency_range": null,
  "allow_gain": false,
  "nonlinear_spec": null,
  "modulation_spec": null,
  "viz_spec": null,
  "heat_spec": null,
  "type": "PoleResidue",
  "eps_inf": 1.126907089089313,
  "poles": [
    [
      {
        "real": -435305446100486.25,
        "imag": 6081033157728966.0
      },
      {
        "real": 1936428053865476.0,
        "imag": -5447705393951726.0
      }
    ],
    [
      {
        "real": -1045742340957569.0,
        "imag": 5752900632786777.0
      },
      {
        "real": -396697577136419.6,
        "imag": -2.3583005390265132e+16
      }
    ],
    [
      {
        "real": -455858297098196.3,
        "imag": 4727409145227582.0
      },
      {
        "real": 4411959054112191.0,
        "imag": -4653215620798383.0
      }
    ]
  ],
  "model_family": "RP",
  "order_N": 3
}