{
  "attrs": {},
  "name": "CP_M1",
  "frequency_range": null,
  "allow_gain": false,
  "nonlinear_spec": null,
  "modulation_spec": null,
  "viz_spec": null,
  "heat_spec": null,
  "type": "PoleResidue",
  "eps_inf": 6.369398429676924,
  "poles": [
    [
      {
        "real": -15861473268679.074,
        "imag": -468986875179505.8
      },
      {
        "real": 6009815461588315.0,
        "imag": 1.5636437982604317e+17
      }
    ]
  ]
}