{
  "attrs": {},
  "name": "SCP_M1",
  "frequency_range": null,
  "allow_gain": false,
  "nonlinear_spec": null,
  "modulation_spec": null,
  "viz_spec": null,
  "heat_spec": null,
  "type": "PoleResidue",
  "eps_inf": 5.689616455548645,
  "poles": [
    [
      {
        "real": -21395672475400.625,
        "imag": -543999862586686.6
      },
      {
        "real": 5884641489578505.0,
        "imag": 1.2497329279893781e+17
      }
    ]
  ]
}