{
  "attrs": {},
  "name": "CP_M3",
  "frequency_range": null,
  "allow_gain": false,
  "nonlinear_spec": null,
  "modulation_spec": null,
  "viz_spec": null,
  "heat_spec": null,
  "type": "PoleResidue",
  "eps_inf": 3.2253445662956826,
  "poles": [
    [
      {
        "real": -65974125339606.3,
        "imag": -375764448919400.3
      },
      {
        "real": -1518112992045573.8,
        "imag": 2.284043750639661e+17
      }
    ],
    [
      {
        "real": -614263847353195.1,
        "imag": -4632129256449496.0
      },
      {
        "real": -1918922834120498.2,
        "imag": 2424624106091196.5
      }
    ],
    [
      {
        "real": -1270266424288160.5,
        "imag": -5559152110511740.0
      },
      {
        "real": 4860740570390486.0,
        "imag": 8178247460285378.0
      }
    ]
  ]
}