{
  "attrs": {},
  "name": "SCP_M3",
  "frequency_range": null,
  "allow_gain": false,
  "nonlinear_spec": null,
  "modulation_spec": null,
  "viz_spec": null,
  "heat_spec": null,
  "type": "PoleResidue",
  "eps_inf": 0.9757745423573616,
  "poles": [
    [
      {
        "real": -5440239117723.498,
        "imag": -85622693871376.47
      },
      {
        "real": 5028708061600034.0,
        "imag": 9.284144985167255e+17
      }
    ],
    [
      {
        "real": -978726869089180.8,
        "imag": -3054663574046189.5
      },
      {
        "real": 1.6401045109111564e+16,
        "imag": 2.044529297663343e+16
      }
    ],
    [
      {
        "real": -939441369756526.1,
        "imag": -3242456351920750.5
      },
      {
        "real": -5377823094765925.0,
        "imag": -2.527273900037642e+16
      }
    ]
  ]
}