{
  "attrs": {},
  "name": "SCP_M2",
  "frequency_range": null,
  "allow_gain": false,
  "nonlinear_spec": null,
  "modulation_spec": null,
  "viz_spec": null,
  "heat_spec": null,
  "type": "PoleResidue",
  "eps_inf": 1.4847441803127495,
  "poles": [
    [
      {
        "real": -6283185307.179587,
        "imag": -85622679776933.92
      },
      {
        "real": 4167218478631599.0,
        "imag": 9.342234211162735e+17
      }
    ],
    [
      {
        "real": -1351829783990324.2,
        "imag": -3779280898533770.0
      },
      {
        "real": 9486667603143004.0,
        "imag": -386949482257006.9
      }
    ]
  ]
}