{
  "attrs": {},
  "name": "CP_M2",
  "frequency_range": null,
  "allow_gain": false,
  "nonlinear_spec": null,
  "modulation_spec": null,
  "viz_spec": null,
  "heat_spec": null,
  "type": "PoleResidue",
  "eps_inf": 0.44212638608644267,
  "poles": [
    [
      {
        "real": -61894135682392.734,
        "imag": -895760703010931.4
      },
      {
        "real": 4424764073718787.5,
        "imag": 7.003312621665482e+16
      }
    ],
    [
      {
        "real": -1057383845326156.2,
        "imag": -3632656264635817.0
      },
      {
        "real": 7155217203867939.0,
        "imag": -1784535166879121.8
      }
    ]
  ]
}