{
  "attrs": {},
  "name": "RP_M2",
  "frequency_range": null,
  "allow_gain": false,
  "nonlinear_spec": null,
  "modulation_spec": null,
  "viz_spec": null,
  "heat_spec": null,
  "type": "PoleResidue",
  "eps_inf": 0.26823411439005546,
  "poles": [
    [
      {
        "real": -44732752572396.42,
        "imag": -877884960601199.9
      },
      {
        "real": 1426170282260210.0,
        "imag": 6.971563478246418e+16
      }
    ],
    [
      {
        "real": -1009688673610889.8,
        "imag": -3698503345849275.0
      },
      {
        "real": 6108157382755414.0,
        "imag": 703656141701909.2
      }
    ]
  ]
}