{
  "attrs": {},
  "name": "RP_M2",
  "frequency_range": null,
  "allow_gain": false,
  "nonlinear_spec": null,
  "modulation_spec": null,
  "viz_spec": null,
  "heat_spec": null,
  "type": "PoleResidue",
  "eps_inf": 0.27307113025842555,
  "poles": [
    [
      {
        "real": -44773883840612.71,
        "imag": -878418534975951.0
      },
      {
        "real": 1425453627413599.8,
        "imag": 6.964952582403078e+16
      }
    ],
    [
      {
        "real": -1008148089512449.6,
        "imag": -3696835328855452.5
      },
      {
        "real": 6091797298452405.0,
        "imag": 699366740555048.9
      }
    ]
  ]
}