{
  "attrs": {},
  "name": "SCP_M3",
  "frequency_range": null,
  "allow_gain": false,
  "nonlinear_spec": null,
  "modulation_spec": null,
  "viz_spec": null,
  "heat_spec": null,
  "type": "PoleResidue",
  "eps_inf": 0.5997799158668243,
  "poles": [
    [
      {
        "real": -88939491699289.34,
        "imag": -137817658633961.67
      },
      {
        "real": 927036551441297.9,
        "imag": 1.378125590752274e+18
      }
    ],
    [
      {
        "real": -232757231284817.1,
        "imag": -2332021356223422.5
      },
      {
        "real": 102530222168206.31,
        "imag": 5295749050235851.0
      }
    ],
    [
      {
        "real": -1034690232653356.5,
        "imag": -2485101649210336.0
      },
      {
        "real": 534978340458338.9,
        "imag": 1.7615832362403742e+16
      }
    ]
  ]
}