{
  "attrs": {},
  "name": "SCP_M3",
  "frequency_range": null,
  "allow_gain": false,
  "nonlinear_spec": null,
  "modulation_spec": null,
  "viz_spec": null,
  "heat_spec": null,
  "type": "PoleResidue",
  "eps_inf": 0.6003118639381285,
  "poles": [
    [
      {
        "real": -88456028824668.78,
        "imag": -137759115150506.62
      },
      {
        "real": 1029342870881391.9,
        "imag": 1.3775869227395786e+18
      }
    ],
    [
      {
        "real": -233010136874628.4,
        "imag": -2331673883920063.5
      },
      {
        "real": 119799420983483.34,
        "imag": 5308886524098401.0
      }
    ],
    [
      {
        "real": -1038116557162999.4,
        "imag": -2487400823643338.0
      },
      {
        "real": 422934140705149.5,
        "imag": 1.7591734705297402e+16
      }
    ]
  ]
}