{
  "attrs": {},
  "name": "CP_M2",
  "frequency_range": null,
  "allow_gain": false,
  "nonlinear_spec": null,
  "modulation_spec": null,
  "viz_spec": null,
  "heat_spec": null,
  "type": "PoleResidue",
  "eps_inf": 6.2347572702161465,
  "poles": [
    [
      {
        "real": -6283185307.179586,
        "imag": -5308821645517315.0
      },
      {
        "real": -46674178.4840338,
        "imag": -763929541524.6355
      }
    ],
    [
      {
        "real": -6283185307.179586,
        "imag": -1.8215355880740336e+16
      },
      {
        "real": 7570693373.872663,
        "imag": 2.249924981612576e+16
      }
    ]
  ]
}