{
  "attrs": {},
  "name": "CP_M1",
  "frequency_range": null,
  "allow_gain": false,
  "nonlinear_spec": null,
  "modulation_spec": null,
  "viz_spec": null,
  "heat_spec": null,
  "type": "PoleResidue",
  "eps_inf": 3.146241371083296,
  "poles": [
    [
      {
        "real": -6283185307.179586,
        "imag": -2.6863648443032724e+16
      },
      {
        "real": 16029365421.05139,
        "imag": 7.464653255527744e+16
      }
    ]
  ]
}