{
  "attrs": {},
  "name": "SCP_M3",
  "frequency_range": null,
  "allow_gain": false,
  "nonlinear_spec": null,
  "modulation_spec": null,
  "viz_spec": null,
  "heat_spec": null,
  "type": "PoleResidue",
  "eps_inf": 6.235300894890757,
  "poles": [
    [
      {
        "real": -6283185307.807905,
        "imag": -4478880288464767.5
      },
      {
        "real": -1770101.4451891338,
        "imag": 3290991520.539437
      }
    ],
    [
      {
        "real": -6283185307.807905,
        "imag": -5308821645517315.0
      },
      {
        "real": -94306423.5288346,
        "imag": -755878989250.438
      }
    ],
    [
      {
        "real": -6283185307.807905,
        "imag": -1.8215355880740336e+16
      },
      {
        "real": 16714864057.786846,
        "imag": 2.2494366248643376e+16
      }
    ]
  ]
}