{
  "attrs": {},
  "name": "RP_M2",
  "frequency_range": null,
  "allow_gain": false,
  "nonlinear_spec": null,
  "modulation_spec": null,
  "viz_spec": null,
  "heat_spec": null,
  "type": "PoleResidue",
  "eps_inf": 4.257719442497425,
  "poles": [
    [
      {
        "real": -374011.1147784616,
        "imag": 2.4139357991320504e+16
      },
      {
        "real": -15369946716.563944,
        "imag": -5.36655873737306e+16
      }
    ],
    [
      {
        "real": -425555.3014504697,
        "imag": 3335735925577188.0
      },
      {
        "real": -22559.463580489406,
        "imag": 1460654941.9204128
      }
    ]
  ],
  "model_family": "RP",
  "order_N": 2
}