{
  "attrs": {},
  "name": "CP_M2",
  "frequency_range": null,
  "allow_gain": false,
  "nonlinear_spec": null,
  "modulation_spec": null,
  "viz_spec": null,
  "heat_spec": null,
  "type": "PoleResidue",
  "eps_inf": 2.0519355928314504,
  "poles": [
    [
      {
        "real": -200319738597059.97,
        "imag": -221734572517553.97
      },
      {
        "real": -347347179216.64874,
        "imag": 90781356202980.62
      }
    ],
    [
      {
        "real": -170041935423010.53,
        "imag": -1.1884694029458812e+16
      },
      {
        "real": 401264540873658.0,
        "imag": 1.2866625336783866e+16
      }
    ]
  ]
}