{
  "attrs": {},
  "name": "CP_M3",
  "frequency_range": null,
  "allow_gain": false,
  "nonlinear_spec": null,
  "modulation_spec": null,
  "viz_spec": null,
  "heat_spec": null,
  "type": "PoleResidue",
  "eps_inf": 1.9078333324375698,
  "poles": [
    [
      {
        "real": -3198052871745.1953,
        "imag": -529827258696815.0
      },
      {
        "real": 305702839671.00806,
        "imag": 40494482453152.586
      }
    ],
    [
      {
        "real": -737082625036312.4,
        "imag": -1.184884318089044e+16
      },
      {
        "real": 4048885502490748.0,
        "imag": 1.4448923739665306e+16
      }
    ],
    [
      {
        "real": -4421228470343937.0,
        "imag": -1.1994777585824778e+16
      },
      {
        "real": -3273757841869929.0,
        "imag": 117688482878268.64
      }
    ]
  ]
}