{
  "attrs": {},
  "name": "SCP_M2",
  "frequency_range": null,
  "allow_gain": false,
  "nonlinear_spec": null,
  "modulation_spec": null,
  "viz_spec": null,
  "heat_spec": null,
  "type": "PoleResidue",
  "eps_inf": 2.0513312227272573,
  "poles": [
    [
      {
        "real": -200319738597059.97,
        "imag": -221734572517553.97
      },
      {
        "real": -186844092122.15475,
        "imag": 89781622822927.83
      }
    ],
    [
      {
        "real": -170041935423010.53,
        "imag": -1.1884694029458812e+16
      },
      {
        "real": 403672058524222.1,
        "imag": 1.2869472875199136e+16
      }
    ]
  ]
}