{
  "attrs": {},
  "name": "CP_M1",
  "frequency_range": null,
  "allow_gain": false,
  "nonlinear_spec": null,
  "modulation_spec": null,
  "viz_spec": null,
  "heat_spec": null,
  "type": "PoleResidue",
  "eps_inf": 2.0032219250820598,
  "poles": [
    [
      {
        "real": -174326428398903.22,
        "imag": -1.1889897672530896e+16
      },
      {
        "real": 392550845092807.3,
        "imag": 1.3106504273838592e+16
      }
    ]
  ]
}