{
  "attrs": {},
  "name": "CP_M3",
  "frequency_range": null,
  "allow_gain": false,
  "nonlinear_spec": null,
  "modulation_spec": null,
  "viz_spec": null,
  "heat_spec": null,
  "type": "PoleResidue",
  "eps_inf": 2.018601216760183,
  "poles": [
    [
      {
        "real": -9568458869630.775,
        "imag": -428433016576898.7
      },
      {
        "real": 629593955065.7946,
        "imag": 53506314110788.984
      }
    ],
    [
      {
        "real": -2455350320995565.0,
        "imag": -1.0579276838737102e+16
      },
      {
        "real": -819376957419882.1,
        "imag": -2089456511326309.5
      }
    ],
    [
      {
        "real": -655920805718744.1,
        "imag": -1.1852202456875818e+16
      },
      {
        "real": 1520033187577876.8,
        "imag": 1.5434458795646186e+16
      }
    ]
  ]
}