{
  "attrs": {},
  "name": "CP_M1",
  "frequency_range": null,
  "allow_gain": false,
  "nonlinear_spec": null,
  "modulation_spec": null,
  "viz_spec": null,
  "heat_spec": null,
  "type": "PoleResidue",
  "eps_inf": 1.9393924750863158,
  "poles": [
    [
      {
        "real": -169658833497896.5,
        "imag": -1.201973062274684e+16
      },
      {
        "real": 392815538623456.1,
        "imag": 1.3629744614696396e+16
      }
    ]
  ]
}