{
  "attrs": {},
  "name": "SCP_M3",
  "frequency_range": null,
  "allow_gain": false,
  "nonlinear_spec": null,
  "modulation_spec": null,
  "viz_spec": null,
  "heat_spec": null,
  "type": "PoleResidue",
  "eps_inf": 2.0617508918444547,
  "poles": [
    [
      {
        "real": -268349078873.6753,
        "imag": -262432721780641.1
      },
      {
        "real": 643908100741.707,
        "imag": 91219694414640.36
      }
    ],
    [
      {
        "real": -1710654238250849.8,
        "imag": -6861223204007047.0
      },
      {
        "real": 14370308493719.068,
        "imag": -23652037974975.242
      }
    ],
    [
      {
        "real": -196451559895192.88,
        "imag": -1.1919857379721608e+16
      },
      {
        "real": 383567362020102.7,
        "imag": 1.2895678518715886e+16
      }
    ]
  ]
}