{
  "attrs": {},
  "name": "SCP_M1",
  "frequency_range": null,
  "allow_gain": false,
  "nonlinear_spec": null,
  "modulation_spec": null,
  "viz_spec": null,
  "heat_spec": null,
  "type": "PoleResidue",
  "eps_inf": 1.8319240226591778,
  "poles": [
    [
      {
        "real": -99893485308856.03,
        "imag": -1.2238436328942832e+16
      },
      {
        "real": 241975003647674.06,
        "imag": 1.4531839640322408e+16
      }
    ]
  ]
}