{
  "attrs": {},
  "name": "RP_M1",
  "frequency_range": null,
  "allow_gain": false,
  "nonlinear_spec": null,
  "modulation_spec": null,
  "viz_spec": null,
  "heat_spec": null,
  "type": "PoleResidue",
  "eps_inf": 1.7336503755111148,
  "poles": [
    [
      {
        "real": -129207409942290.64,
        "imag": 1.243006591567599e+16
      },
      {
        "real": 325622642079596.94,
        "imag": -1.5364098011777098e+16
      }
    ]
  ],
  "model_family": "RP",
  "order_N": 1
}