{
  "attrs": {},
  "name": "SCP_M3",
  "frequency_range": null,
  "allow_gain": false,
  "nonlinear_spec": null,
  "modulation_spec": null,
  "viz_spec": null,
  "heat_spec": null,
  "type": "PoleResidue",
  "eps_inf": 1.864964815230606,
  "poles": [
    [
      {
        "real": -105337096448.04297,
        "imag": -549034762207670.8
      },
      {
        "real": 313086396817.9791,
        "imag": 38769126291395.85
      }
    ],
    [
      {
        "real": -754939929140312.5,
        "imag": -1.1838688497953632e+16
      },
      {
        "real": 4082520276043188.0,
        "imag": 1.4108704445737816e+16
      }
    ],
    [
      {
        "real": -5101656019855552.0,
        "imag": -1.185724482963963e+16
      },
      {
        "real": -2978842317723642.0,
        "imag": 840163810957294.6
      }
    ]
  ]
}