{
  "attrs": {},
  "name": "SCP_M2",
  "frequency_range": null,
  "allow_gain": false,
  "nonlinear_spec": null,
  "modulation_spec": null,
  "viz_spec": null,
  "heat_spec": null,
  "type": "PoleResidue",
  "eps_inf": 0.41991175977622175,
  "poles": [
    [
      {
        "real": -42524477163505.73,
        "imag": -85635712146587.83
      },
      {
        "real": 3.3109707820488496e+16,
        "imag": 2.8265017879284173e+17
      }
    ],
    [
      {
        "real": -1261684865147406.2,
        "imag": -1385371241354061.8
      },
      {
        "real": 1.2164011686618968e+16,
        "imag": -3.742492514082003e+16
      }
    ]
  ]
}