{
  "attrs": {},
  "name": "CP_M3",
  "frequency_range": null,
  "allow_gain": false,
  "nonlinear_spec": null,
  "modulation_spec": null,
  "viz_spec": null,
  "heat_spec": null,
  "type": "PoleResidue",
  "eps_inf": 2.024761607485637,
  "poles": [
    [
      {
        "real": -374578997153679.56,
        "imag": -658765045360266.2
      },
      {
        "real": 1.879463710452678e+16,
        "imag": 4.915093362951086e+16
      }
    ],
    [
      {
        "real": -471342676462476.94,
        "imag": -2351251434626677.5
      },
      {
        "real": 6363959928766232.0,
        "imag": -1397346495053787.8
      }
    ],
    [
      {
        "real": -505201887648371.56,
        "imag": -4984771929473341.0
      },
      {
        "real": 2034746674419150.8,
        "imag": 3147955475865919.0
      }
    ]
  ]
}