{
  "attrs": {},
  "name": "CP_M2",
  "frequency_range": null,
  "allow_gain": false,
  "nonlinear_spec": null,
  "modulation_spec": null,
  "viz_spec": null,
  "heat_spec": null,
  "type": "PoleResidue",
  "eps_inf": 1.0272030843964826,
  "poles": [
    [
      {
        "real": -186134659556915.9,
        "imag": -1106052187956077.0
      },
      {
        "real": 4599972123632300.0,
        "imag": 3.1095743049814676e+16
      }
    ],
    [
      {
        "real": -1535531888007477.8,
        "imag": -2283135031507108.5
      },
      {
        "real": 2.685623797858234e+16,
        "imag": 8776888594005606.0
      }
    ]
  ],
  "model_family": "CP",
  "order_N": 2
}