{
  "attrs": {},
  "name": "CP_M1",
  "frequency_range": null,
  "allow_gain": false,
  "nonlinear_spec": null,
  "modulation_spec": null,
  "viz_spec": null,
  "heat_spec": null,
  "type": "PoleResidue",
  "eps_inf": 5.729369657650592,
  "poles": [
    [
      {
        "real": -183073673695520.28,
        "imag": -454272301576737.06
      },
      {
        "real": 2.2628835134462424e+16,
        "imag": 3.130192205197968e+16
      }
    ]
  ]
}