{
  "attrs": {},
  "name": "SCP_M3",
  "frequency_range": null,
  "allow_gain": false,
  "nonlinear_spec": null,
  "modulation_spec": null,
  "viz_spec": null,
  "heat_spec": null,
  "type": "PoleResidue",
  "eps_inf": 0.8768080907541536,
  "poles": [
    [
      {
        "real": -1989590388869.4136,
        "imag": -85623731667240.73
      },
      {
        "real": 2.0219356088485564e+16,
        "imag": 3.239027549966035e+17
      }
    ],
    [
      {
        "real": -535081783274830.56,
        "imag": -2525207942626118.5
      },
      {
        "real": 3889132013856790.0,
        "imag": 1890184414080622.0
      }
    ],
    [
      {
        "real": -2298971078997782.0,
        "imag": -4805622866631099.0
      },
      {
        "real": 1.154196455341645e+16,
        "imag": 1.1676519661829046e+16
      }
    ]
  ]
}