{
  "attrs": {},
  "name": "CP_M3",
  "frequency_range": null,
  "allow_gain": false,
  "nonlinear_spec": null,
  "modulation_spec": null,
  "viz_spec": null,
  "heat_spec": null,
  "type": "PoleResidue",
  "eps_inf": 3.049585976901412,
  "poles": [
    [
      {
        "real": -163850847525892.56,
        "imag": -514341427886445.25
      },
      {
        "real": 2.1676904260640692e+16,
        "imag": 5.019728395945582e+16
      }
    ],
    [
      {
        "real": -455408481089208.8,
        "imag": -2385083333879067.0
      },
      {
        "real": 5299825641045976.0,
        "imag": -654953671468672.4
      }
    ],
    [
      {
        "real": -487730045219775.44,
        "imag": -5083024773536524.0
      },
      {
        "real": 1332910644892131.2,
        "imag": 3082295577796224.5
      }
    ]
  ]
}