{
  "attrs": {},
  "name": "CP_M2",
  "frequency_range": null,
  "allow_gain": false,
  "nonlinear_spec": null,
  "modulation_spec": null,
  "viz_spec": null,
  "heat_spec": null,
  "type": "PoleResidue",
  "eps_inf": 4.00812259931287,
  "poles": [
    [
      {
        "real": -163850847525892.56,
        "imag": -514341427886445.25
      },
      {
        "real": 2.360457259972431e+16,
        "imag": 4.530575805086021e+16
      }
    ],
    [
      {
        "real": -455408481089208.8,
        "imag": -2385083333879067.0
      },
      {
        "real": 5480046408664779.0,
        "imag": -1759087392464187.8
      }
    ]
  ]
}