{
  "attrs": {},
  "name": "SCP_M1",
  "frequency_range": null,
  "allow_gain": false,
  "nonlinear_spec": null,
  "modulation_spec": null,
  "viz_spec": null,
  "heat_spec": null,
  "type": "PoleResidue",
  "eps_inf": 6.667558740565009,
  "poles": [
    [
      {
        "real": -5197955790701.873,
        "imag": -85628239993896.31
      },
      {
        "real": 2.464855061939303e+16,
        "imag": 1.557833270883838e+17
      }
    ]
  ]
}