{
  "attrs": {},
  "name": "SCP_M3",
  "frequency_range": null,
  "allow_gain": false,
  "nonlinear_spec": null,
  "modulation_spec": null,
  "viz_spec": null,
  "heat_spec": null,
  "type": "PoleResidue",
  "eps_inf": 0.9232550631538946,
  "poles": [
    [
      {
        "real": -1745541113350.5771,
        "imag": -85630830376603.11
      },
      {
        "real": 2.0341702063434456e+16,
        "imag": 3.2277079060007514e+17
      }
    ],
    [
      {
        "real": -545667678896640.7,
        "imag": -2522570780035655.0
      },
      {
        "real": 4052715419070605.0,
        "imag": 1916026084912829.8
      }
    ],
    [
      {
        "real": -2226187603368291.0,
        "imag": -4811855078283087.0
      },
      {
        "real": 1.1198462465346884e+16,
        "imag": 1.1047609090495136e+16
      }
    ]
  ]
}