{
  "attrs": {},
  "name": "RP_M3",
  "frequency_range": null,
  "allow_gain": false,
  "nonlinear_spec": null,
  "modulation_spec": null,
  "viz_spec": null,
  "heat_spec": null,
  "type": "PoleResidue",
  "eps_inf": 1.824052135266288,
  "poles": [
    [
      {
        "real": -601549349791094.4,
        "imag": -4955484377228533.0
      },
      {
        "real": 2343383379578031.0,
        "imag": 3811012905159376.0
      }
    ],
    [
      {
        "real": -358579525835853.6,
        "imag": -568943283869956.1
      },
      {
        "real": 1.8434358153452252e+16,
        "imag": 5.760139396240911e+16
      }
    ],
    [
      {
        "real": -494672650528831.2,
        "imag": -2342382883167598.5
      },
      {
        "real": 6427155592592846.0,
        "imag": -995683196872585.5
      }
    ]
  ]
}