{
  "attrs": {},
  "name": "RP_M3",
  "frequency_range": null,
  "allow_gain": false,
  "nonlinear_spec": null,
  "modulation_spec": null,
  "viz_spec": null,
  "heat_spec": null,
  "type": "PoleResidue",
  "eps_inf": 1.8000159439666161,
  "poles": [
    [
      {
        "real": -1426625380096074.8,
        "imag": 6789591659019971.0
      },
      {
        "real": -93358396095.82687,
        "imag": -2618794761654041.0
      }
    ],
    [
      {
        "real": -1.496512129974965e+16,
        "imag": 1.116956828426987
      },
      {
        "real": -2235867601482898.0,
        "imag": -1.9724327548383334e+26
      }
    ],
    [
      {
        "real": -223489850085588.88,
        "imag": -0.26242973659839164
      },
      {
        "real": 2236085950383485.2,
        "imag": 6.705813564467568e+23
      }
    ]
  ],
  "model_family": "RP",
  "order_N": 3
}