{
  "attrs": {},
  "name": "CP_M3",
  "frequency_range": null,
  "allow_gain": false,
  "nonlinear_spec": null,
  "modulation_spec": null,
  "viz_spec": null,
  "heat_spec": null,
  "type": "PoleResidue",
  "eps_inf": 0.5999863832874966,
  "poles": [
    [
      {
        "real": -220229978975782.06,
        "imag": -85622679776929.1
      },
      {
        "real": 3858237688205207.0,
        "imag": 1.3595011920634168e+16
      }
    ],
    [
      {
        "real": -4694087008948558.0,
        "imag": -431728759510610.6
      },
      {
        "real": 4729465635422709.0,
        "imag": -2.6642332563849084e+16
      }
    ],
    [
      {
        "real": -575737506561437.2,
        "imag": -6457848868333007.0
      },
      {
        "real": -73890029814146.34,
        "imag": 260413370195578.06
      }
    ]
  ]
}