{
  "attrs": {},
  "name": "SCP_M3",
  "frequency_range": null,
  "allow_gain": false,
  "nonlinear_spec": null,
  "modulation_spec": null,
  "viz_spec": null,
  "heat_spec": null,
  "type": "PoleResidue",
  "eps_inf": 1.0958974338164664,
  "poles": [
    [
      {
        "real": -240795464289673.16,
        "imag": -409507226756275.1
      },
      {
        "real": 3297446576202511.5,
        "imag": 4341878825731263.0
      }
    ],
    [
      {
        "real": -6002817191330781.0,
        "imag": -514746863653865.25
      },
      {
        "real": 770893427416789.6,
        "imag": 1.7782544548521284e+16
      }
    ],
    [
      {
        "real": -1397322941037484.2,
        "imag": -7243865945206641.0
      },
      {
        "real": -510885675030144.06,
        "imag": 1480682053522526.2
      }
    ]
  ]
}