{
  "attrs": {},
  "name": "SCP_M2",
  "frequency_range": null,
  "allow_gain": false,
  "nonlinear_spec": null,
  "modulation_spec": null,
  "viz_spec": null,
  "heat_spec": null,
  "type": "PoleResidue",
  "eps_inf": 1.6444904628158965,
  "poles": [
    [
      {
        "real": -162391027205492.4,
        "imag": -85623356107978.92
      },
      {
        "real": 3828899798646977.5,
        "imag": 1.185208677934709e+16
      }
    ],
    [
      {
        "real": -1143431266066853.8,
        "imag": -7896827449557853.0
      },
      {
        "real": -2284273790061254.0,
        "imag": 1069984541419984.0
      }
    ]
  ],
  "model_family": "SCP",
  "order_N": 2
}