{
  "attrs": {},
  "name": "SCP_M2",
  "frequency_range": null,
  "allow_gain": false,
  "nonlinear_spec": null,
  "modulation_spec": null,
  "viz_spec": null,
  "heat_spec": null,
  "type": "PoleResidue",
  "eps_inf": 4.550034635857378,
  "poles": [
    [
      {
        "real": -255394287307564.62,
        "imag": -85622679785508.36
      },
      {
        "real": -6.486621690257936e+18,
        "imag": 2.1161693217515614e+19
      }
    ],
    [
      {
        "real": -760430862368109.0,
        "imag": -154896949371073.5
      },
      {
        "real": 6.487202099587896e+18,
        "imag": 1.1268718179326935e+19
      }
    ]
  ]
}