{
  "attrs": {},
  "name": "SCP_M3",
  "frequency_range": null,
  "allow_gain": false,
  "nonlinear_spec": null,
  "modulation_spec": null,
  "viz_spec": null,
  "heat_spec": null,
  "type": "PoleResidue",
  "eps_inf": 0.9488812080343156,
  "poles": [
    [
      {
        "real": -114246940098744.84,
        "imag": -85622679777159.66
      },
      {
        "real": -6106620311660719.0,
        "imag": 1.9839499735572687e+18
      }
    ],
    [
      {
        "real": -901286098832569.0,
        "imag": -2111766158951607.5
      },
      {
        "real": 3689315130760917.0,
        "imag": 1.466083230605031e+16
      }
    ],
    [
      {
        "real": -241696848157295.97,
        "imag": -2266143688644146.0
      },
      {
        "real": 2918853672205883.0,
        "imag": 3863347002205134.5
      }
    ]
  ]
}