{
  "attrs": {},
  "name": "SCP_M3",
  "frequency_range": null,
  "allow_gain": false,
  "nonlinear_spec": null,
  "modulation_spec": null,
  "viz_spec": null,
  "heat_spec": null,
  "type": "PoleResidue",
  "eps_inf": 0.9489128367064728,
  "poles": [
    [
      {
        "real": -114242370982791.11,
        "imag": -85622679776929.11
      },
      {
        "real": -6106229257033726.0,
        "imag": 1.9839375655166254e+18
      }
    ],
    [
      {
        "real": -901354078592620.9,
        "imag": -2111734972305710.0
      },
      {
        "real": 3688370940209523.0,
        "imag": 1.4661185150871142e+16
      }
    ],
    [
      {
        "real": -241719955902014.72,
        "imag": -2266138672010727.5
      },
      {
        "real": 2919336760878260.0,
        "imag": 3863836600845681.5
      }
    ]
  ]
}