{
  "attrs": {},
  "name": "SCP_M3",
  "frequency_range": null,
  "allow_gain": false,
  "nonlinear_spec": null,
  "modulation_spec": null,
  "viz_spec": null,
  "heat_spec": null,
  "type": "PoleResidue",
  "eps_inf": 0.542218264447944,
  "poles": [
    [
      {
        "real": -3585754885195747.5,
        "imag": -3253448553259073.0
      },
      {
        "real": -9455022014139444.0,
        "imag": 1.5728335243223656e+16
      }
    ],
    [
      {
        "real": -847849880328863.2,
        "imag": -4647824811588895.0
      },
      {
        "real": 7492091440020088.0,
        "imag": 1.851592712827178e+16
      }
    ],
    [
      {
        "real": -1046579687857453.9,
        "imag": -5954801934489891.0
      },
      {
        "real": 1.7292628189615468e+16,
        "imag": 808924398885416.0
      }
    ]
  ]
}