{
  "attrs": {},
  "name": "SCP_M1",
  "frequency_range": null,
  "allow_gain": false,
  "nonlinear_spec": null,
  "modulation_spec": null,
  "viz_spec": null,
  "heat_spec": null,
  "type": "PoleResidue",
  "eps_inf": 4.615451980102812,
  "poles": [
    [
      {
        "real": -1104975044767970.8,
        "imag": -4704285183900363.0
      },
      {
        "real": 8315569438181345.0,
        "imag": 1.6322032830227278e+16
      }
    ]
  ]
}