{
  "attrs": {},
  "name": "CP_M3",
  "frequency_range": null,
  "allow_gain": false,
  "nonlinear_spec": null,
  "modulation_spec": null,
  "viz_spec": null,
  "heat_spec": null,
  "type": "PoleResidue",
  "eps_inf": 1.0674918167055667,
  "poles": [
    [
      {
        "real": -270767639957555.44,
        "imag": -4418051954904057.0
      },
      {
        "real": 2407988642540868.0,
        "imag": 2239747901311547.2
      }
    ],
    [
      {
        "real": -1475022542463296.0,
        "imag": -4824198423827289.0
      },
      {
        "real": 5442217463015587.0,
        "imag": 1.3473220672555062e+16
      }
    ],
    [
      {
        "real": -527825539788044.8,
        "imag": -7109475153360628.0
      },
      {
        "real": 76241268286733.94,
        "imag": 1.1007049808252868e+16
      }
    ]
  ]
}