{
  "attrs": {},
  "name": "SCP_M3",
  "frequency_range": null,
  "allow_gain": false,
  "nonlinear_spec": null,
  "modulation_spec": null,
  "viz_spec": null,
  "heat_spec": null,
  "type": "PoleResidue",
  "eps_inf": 0.5234602139753812,
  "poles": [
    [
      {
        "real": -70865824991110.56,
        "imag": -85622752539475.05
      },
      {
        "real": 4.3053965284921384e+16,
        "imag": 1.9450607993964218e+17
      }
    ],
    [
      {
        "real": -1916152017178334.2,
        "imag": -2342222198969476.0
      },
      {
        "real": -9334527856344786.0,
        "imag": -1.3992817308754836e+16
      }
    ],
    [
      {
        "real": -3437396172287878.0,
        "imag": -4716405672654636.0
      },
      {
        "real": -1.0243125003653556e+16,
        "imag": -6157947603165286.0
      }
    ]
  ]
}