{
  "attrs": {},
  "name": "CP_M2",
  "frequency_range": null,
  "allow_gain": false,
  "nonlinear_spec": null,
  "modulation_spec": null,
  "viz_spec": null,
  "heat_spec": null,
  "type": "PoleResidue",
  "eps_inf": 0.4525041502409791,
  "poles": [
    [
      {
        "real": -234573941738287.75,
        "imag": -209073081563549.0
      },
      {
        "real": 3.538881128320187e+16,
        "imag": 1.513999406239968e+17
      }
    ],
    [
      {
        "real": -2046361692461069.0,
        "imag": -2006067360340009.5
      },
      {
        "real": -1.5477382523174902e+16,
        "imag": 642261890994857.4
      }
    ]
  ]
}