{
  "attrs": {},
  "name": "RP_M3",
  "frequency_range": null,
  "allow_gain": false,
  "nonlinear_spec": null,
  "modulation_spec": null,
  "viz_spec": null,
  "heat_spec": null,
  "type": "PoleResidue",
  "eps_inf": 0.2647545241118556,
  "poles": [
    [
      {
        "real": -3676217658093862.5,
        "imag": -2885155058881921.0
      },
      {
        "real": -1.2655224694576174e+16,
        "imag": -9620198982831800.0
      }
    ],
    [
      {
        "real": -164644021104090.2,
        "imag": -391912776546672.7
      },
      {
        "real": 3.5767664044697388e+16,
        "imag": 7.071665032030755e+16
      }
    ],
    [
      {
        "real": -1013163071296810.9,
        "imag": -2542784847626570.5
      },
      {
        "real": -2272853310313301.5,
        "imag": -1431461840337103.0
      }
    ]
  ]
}