{
  "attrs": {},
  "name": "RP_M3",
  "frequency_range": null,
  "allow_gain": false,
  "nonlinear_spec": null,
  "modulation_spec": null,
  "viz_spec": null,
  "heat_spec": null,
  "type": "PoleResidue",
  "eps_inf": 0.3058706824747915,
  "poles": [
    [
      {
        "real": -3635954486929488.5,
        "imag": -2810198169029260.0
      },
      {
        "real": -1.297930140124676e+16,
        "imag": -8914383202512102.0
      }
    ],
    [
      {
        "real": -165150518159995.1,
        "imag": -391814686605303.75
      },
      {
        "real": 3.57539887599953e+16,
        "imag": 7.084712487398523e+16
      }
    ],
    [
      {
        "real": -1012871848854514.2,
        "imag": -2543098541883438.5
      },
      {
        "real": -2263070773733606.0,
        "imag": -1414177938746562.2
      }
    ]
  ]
}