{
  "attrs": {},
  "name": "RP_M3",
  "frequency_range": null,
  "allow_gain": false,
  "nonlinear_spec": null,
  "modulation_spec": null,
  "viz_spec": null,
  "heat_spec": null,
  "type": "PoleResidue",
  "eps_inf": 0.9282441496456044,
  "poles": [
    [
      {
        "real": -545572749665668.5,
        "imag": 2656384793816109.0
      },
      {
        "real": -161472528612881.12,
        "imag": 212550422959454.88
      }
    ],
    [
      {
        "real": -106737322318597.4,
        "imag": 1.5015466441094698
      },
      {
        "real": 5.3373123074018296e+16,
        "imag": -7.244520095030414e+30
      }
    ],
    [
      {
        "real": -2137108049119100.0,
        "imag": 1.0169316589506416
      },
      {
        "real": -3.606933137772664e+16,
        "imag": 2.2169044486967317e+30
      }
    ]
  ],
  "model_family": "RP",
  "order_N": 3
}