{
  "attrs": {},
  "name": "CP_M1",
  "frequency_range": null,
  "allow_gain": false,
  "nonlinear_spec": null,
  "modulation_spec": null,
  "viz_spec": null,
  "heat_spec": null,
  "type": "PoleResidue",
  "eps_inf": 3.443608491992927,
  "poles": [
    [
      {
        "real": -327927176713468.1,
        "imag": -1139792884554451.2
      },
      {
        "real": 5385935694552496.0,
        "imag": 1.0230094350188021e+17
      }
    ]
  ]
}