{
  "attrs": {},
  "name": "SCP_M2",
  "frequency_range": null,
  "allow_gain": false,
  "nonlinear_spec": null,
  "modulation_spec": null,
  "viz_spec": null,
  "heat_spec": null,
  "type": "PoleResidue",
  "eps_inf": 0.49329584369935076,
  "poles": [
    [
      {
        "real": -561798939580942.06,
        "imag": -1171266044049658.5
      },
      {
        "real": -7.695355683404854e+16,
        "imag": 1.583777625643296e+17
      }
    ],
    [
      {
        "real": -1383347927152645.2,
        "imag": -782398687839875.0
      },
      {
        "real": 9.28326567763347e+16,
        "imag": -5.186652040985105e+16
      }
    ]
  ]
}