{
  "attrs": {},
  "name": "CP_M2",
  "frequency_range": null,
  "allow_gain": false,
  "nonlinear_spec": null,
  "modulation_spec": null,
  "viz_spec": null,
  "heat_spec": null,
  "type": "PoleResidue",
  "eps_inf": 0.6126031941782013,
  "poles": [
    [
      {
        "real": -740392779513412.8,
        "imag": -1067361446055285.6
      },
      {
        "real": 1.227938435003319e+17,
        "imag": 1.223470107204412e+17
      }
    ],
    [
      {
        "real": -591331839710002.5,
        "imag": -1499365005986877.0
      },
      {
        "real": -1.1137662832136283e+17,
        "imag": -1.474073564971843e+16
      }
    ]
  ]
}