{
  "attrs": {},
  "name": "CP_M3",
  "frequency_range": null,
  "allow_gain": false,
  "nonlinear_spec": null,
  "modulation_spec": null,
  "viz_spec": null,
  "heat_spec": null,
  "type": "PoleResidue",
  "eps_inf": 0.3164720202410825,
  "poles": [
    [
      {
        "real": -746601033752659.8,
        "imag": -1317509561043108.5
      },
      {
        "real": 3.3485029314666854e+17,
        "imag": -3.0696715324236132e+16
      }
    ],
    [
      {
        "real": -567308763949366.8,
        "imag": -1418979769458725.2
      },
      {
        "real": -3.278154177219977e+17,
        "imag": 1.292944858820946e+17
      }
    ],
    [
      {
        "real": -121839105396104.08,
        "imag": -1827485116416820.2
      },
      {
        "real": 6075373001342310.0,
        "imag": -485245797809848.6
      }
    ]
  ]
}