{
  "attrs": {},
  "name": "CP_M3",
  "frequency_range": null,
  "allow_gain": false,
  "nonlinear_spec": null,
  "modulation_spec": null,
  "viz_spec": null,
  "heat_spec": null,
  "type": "PoleResidue",
  "eps_inf": 0.4471342916982857,
  "poles": [
    [
      {
        "real": -563153534101989.9,
        "imag": -1333324998185015.5
      },
      {
        "real": 6.016091332466668e+16,
        "imag": 1.9232253936726112e+17
      }
    ],
    [
      {
        "real": -618925429848834.9,
        "imag": -1768541803551044.0
      },
      {
        "real": -6.213905532163071e+16,
        "imag": -8.920542260183288e+16
      }
    ],
    [
      {
        "real": -170881361249477.7,
        "imag": -1798112414829457.0
      },
      {
        "real": 1.3129378690988352e+16,
        "imag": -9356956836779392.0
      }
    ]
  ]
}