{
  "attrs": {},
  "name": "SCP_M1",
  "frequency_range": null,
  "allow_gain": false,
  "nonlinear_spec": null,
  "modulation_spec": null,
  "viz_spec": null,
  "heat_spec": null,
  "type": "PoleResidue",
  "eps_inf": 4.895549937175914,
  "poles": [
    [
      {
        "real": -174520046529883.44,
        "imag": -846022588371749.2
      },
      {
        "real": 1.005283521555747e+16,
        "imag": 1.5559142491660893e+17
      }
    ]
  ]
}