{
  "attrs": {},
  "name": "SCP_M3",
  "frequency_range": null,
  "allow_gain": false,
  "nonlinear_spec": null,
  "modulation_spec": null,
  "viz_spec": null,
  "heat_spec": null,
  "type": "PoleResidue",
  "eps_inf": 1.760025784121529,
  "poles": [
    [
      {
        "real": -6283185307.193715,
        "imag": -645416682546394.6
      },
      {
        "real": -523762018742963.6,
        "imag": 1.62586287294229e+17
      }
    ],
    [
      {
        "real": -352812062233947.4,
        "imag": -1607153099910273.0
      },
      {
        "real": 3642205366110624.0,
        "imag": 2.1696696658046464e+16
      }
    ],
    [
      {
        "real": -1764671323716860.5,
        "imag": -5778993118096767.0
      },
      {
        "real": 3566084210386437.5,
        "imag": 1.0026987006447444e+16
      }
    ]
  ]
}