{
  "attrs": {},
  "name": "CP_M2",
  "frequency_range": null,
  "allow_gain": false,
  "nonlinear_spec": null,
  "modulation_spec": null,
  "viz_spec": null,
  "heat_spec": null,
  "type": "PoleResidue",
  "eps_inf": 3.060757077600207,
  "poles": [
    [
      {
        "real": -1466514391812255.5,
        "imag": -6879463953018948.0
      },
      {
        "real": 249665152328057.53,
        "imag": 1684061022549399.0
      }
    ],
    [
      {
        "real": -252755244350627.1,
        "imag": -1.1024991366372156e+16
      },
      {
        "real": 465233287794621.2,
        "imag": 1.4152436118413312e+16
      }
    ]
  ],
  "model_family": "CP",
  "order_N": 2
}