{
  "attrs": {},
  "name": "SCP_M2",
  "frequency_range": null,
  "allow_gain": false,
  "nonlinear_spec": null,
  "modulation_spec": null,
  "viz_spec": null,
  "heat_spec": null,
  "type": "PoleResidue",
  "eps_inf": 0.2905741560512507,
  "poles": [
    [
      {
        "real": -3922955332920769.5,
        "imag": -85623122244724.9
      },
      {
        "real": 1776043251313624.0,
        "imag": -207384573353711.28
      }
    ],
    [
      {
        "real": -6361139618266291.0,
        "imag": -8500732807767012.0
      },
      {
        "real": 4.1212717869618024e+16,
        "imag": 2163254428915295.5
      }
    ]
  ]
}