{
  "attrs": {},
  "name": "SCP_M3",
  "frequency_range": null,
  "allow_gain": false,
  "nonlinear_spec": null,
  "modulation_spec": null,
  "viz_spec": null,
  "heat_spec": null,
  "type": "PoleResidue",
  "eps_inf": 3.0765299138530775,
  "poles": [
    [
      {
        "real": -30362984674626.22,
        "imag": -85783383417271.84
      },
      {
        "real": 57178282955718.53,
        "imag": 186889254650851.2
      }
    ],
    [
      {
        "real": -884883988208198.6,
        "imag": -7015514780969430.0
      },
      {
        "real": -1012830295963036.4,
        "imag": 589365642756382.0
      }
    ],
    [
      {
        "real": -1567484965079617.0,
        "imag": -9911270432011966.0
      },
      {
        "real": 6733194793889866.0,
        "imag": 1.3684156797718436e+16
      }
    ]
  ]
}