{
  "attrs": {},
  "name": "SCP_M3",
  "frequency_range": null,
  "allow_gain": false,
  "nonlinear_spec": null,
  "modulation_spec": null,
  "viz_spec": null,
  "heat_spec": null,
  "type": "PoleResidue",
  "eps_inf": 2.9076335552045083,
  "poles": [
    [
      {
        "real": -331290854725184.2,
        "imag": -85623562195277.45
      },
      {
        "real": 45400194208302.51,
        "imag": 372406639547811.3
      }
    ],
    [
      {
        "real": -1452037375588373.8,
        "imag": -7096088248649670.0
      },
      {
        "real": -125790361982209.92,
        "imag": 2329316082486863.0
      }
    ],
    [
      {
        "real": -545833999542845.1,
        "imag": -1.111153654788418e+16
      },
      {
        "real": 3433755932047999.5,
        "imag": 1.4200409075794412e+16
      }
    ]
  ]
}