{
  "attrs": {},
  "name": "SCP_M1",
  "frequency_range": null,
  "allow_gain": false,
  "nonlinear_spec": null,
  "modulation_spec": null,
  "viz_spec": null,
  "heat_spec": null,
  "type": "PoleResidue",
  "eps_inf": 2.860508869773811,
  "poles": [
    [
      {
        "real": -2625094462145549.0,
        "imag": -9720432102002852.0
      },
      {
        "real": 7803678563627250.0,
        "imag": 1.4829933397489582e+16
      }
    ]
  ]
}