{
  "attrs": {},
  "name": "RP_M2",
  "frequency_range": null,
  "allow_gain": false,
  "nonlinear_spec": null,
  "modulation_spec": null,
  "viz_spec": null,
  "heat_spec": null,
  "type": "PoleResidue",
  "eps_inf": 4.100408189246642,
  "poles": [
    [
      {
        "real": -2294002956074716.5,
        "imag": 8145792302250464.0
      },
      {
        "real": 5155875887662385.0,
        "imag": -7408518030159511.0
      }
    ],
    [
      {
        "real": -119193822310689.17,
        "imag": 1.8578932680209932e-07
      },
      {
        "real": 96773435724239.73,
        "imag": 0.0
      }
    ]
  ],
  "model_family": "RP",
  "order_N": 2
}