{
  "attrs": {},
  "name": "RP_M2",
  "frequency_range": null,
  "allow_gain": false,
  "nonlinear_spec": null,
  "modulation_spec": null,
  "viz_spec": null,
  "heat_spec": null,
  "type": "PoleResidue",
  "eps_inf": 3.8000965248144385,
  "poles": [
    [
      {
        "real": -2930356652751204.0,
        "imag": -6018712232195352.0
      },
      {
        "real": -5622933933110081.0,
        "imag": 6843131848368758.0
      }
    ],
    [
      {
        "real": -2316040768454555.5,
        "imag": -6902706750655993.0
      },
      {
        "real": 1.3273554191646496e+16,
        "imag": 280777005216852.72
      }
    ]
  ]
}