{
  "attrs": {},
  "name": "RP_M3",
  "frequency_range": null,
  "allow_gain": false,
  "nonlinear_spec": null,
  "modulation_spec": null,
  "viz_spec": null,
  "heat_spec": null,
  "type": "PoleResidue",
  "eps_inf": 1.6830976359864214,
  "poles": [
    [
      {
        "real": -2668030433414924.0,
        "imag": 1.252780240339572e+16
      },
      {
        "real": 1.126738360120304e+16,
        "imag": -2.4073373031975496e+16
      }
    ],
    [
      {
        "real": -1397083268648847.0,
        "imag": 6784436671629910.0
      },
      {
        "real": 290260478012264.75,
        "imag": -1264176964301211.0
      }
    ],
    [
      {
        "real": -54569640185253.61,
        "imag": 3.0067518249043568
      },
      {
        "real": 53265911928422.414,
        "imag": -1.7585088195879023e+27
      }
    ]
  ],
  "model_family": "RP",
  "order_N": 3
}