{
  "attrs": {},
  "name": "CP_M2",
  "frequency_range": null,
  "allow_gain": false,
  "nonlinear_spec": null,
  "modulation_spec": null,
  "viz_spec": null,
  "heat_spec": null,
  "type": "PoleResidue",
  "eps_inf": 0.3707701653068608,
  "poles": [
    [
      {
        "real": -40900905736891.15,
        "imag": -476049781812182.56
      },
      {
        "real": -5638239707570608.0,
        "imag": 1.8715177699211578e+17
      }
    ],
    [
      {
        "real": -5011131134274583.0,
        "imag": -2092838297766597.0
      },
      {
        "real": 1.996766769523893e+16,
        "imag": 4.022183804720514e+16
      }
    ]
  ]
}