{
  "attrs": {},
  "name": "CP_M3",
  "frequency_range": null,
  "allow_gain": false,
  "nonlinear_spec": null,
  "modulation_spec": null,
  "viz_spec": null,
  "heat_spec": null,
  "type": "PoleResidue",
  "eps_inf": 0.47237863861728235,
  "poles": [
    [
      {
        "real": -1569463316393743.8,
        "imag": -222845659260009.66
      },
      {
        "real": -159778940411204.97,
        "imag": -3.4967273831118317e+17
      }
    ],
    [
      {
        "real": -180367093389835.06,
        "imag": -409849199071079.6
      },
      {
        "real": 1.6707561522976098e+16,
        "imag": 2.185918524503354e+17
      }
    ],
    [
      {
        "real": -3217841566021133.0,
        "imag": -6401566069850843.0
      },
      {
        "real": -3793298743920374.5,
        "imag": 2940760781972485.0
      }
    ]
  ]
}