{
  "attrs": {},
  "name": "SCP_M1",
  "frequency_range": null,
  "allow_gain": false,
  "nonlinear_spec": null,
  "modulation_spec": null,
  "viz_spec": null,
  "heat_spec": null,
  "type": "PoleResidue",
  "eps_inf": 3.729034114259137,
  "poles": [
    [
      {
        "real": -40374930507630.34,
        "imag": -188990712845295.94
      },
      {
        "real": 7178504772655608.0,
        "imag": 3.8273715655408806e+17
      }
    ]
  ]
}