{
  "attrs": {},
  "name": "SCP_M3",
  "frequency_range": null,
  "allow_gain": false,
  "nonlinear_spec": null,
  "modulation_spec": null,
  "viz_spec": null,
  "heat_spec": null,
  "type": "PoleResidue",
  "eps_inf": 2.3637490787674467,
  "poles": [
    [
      {
        "real": -368686850964541.2,
        "imag": -85624593846091.97
      },
      {
        "real": -1.4289255775647702e+17,
        "imag": -5.848028333800553e+17
      }
    ],
    [
      {
        "real": -14191288209946.879,
        "imag": -85622721635076.78
      },
      {
        "real": 1.4971306192891427e+17,
        "imag": 8.912704932060219e+17
      }
    ],
    [
      {
        "real": -910185654216427.9,
        "imag": -3830070229029981.5
      },
      {
        "real": 3466796559819152.5,
        "imag": 840332441407727.4
      }
    ]
  ]
}