{
  "attrs": {},
  "name": "CP_M3",
  "frequency_range": null,
  "allow_gain": false,
  "nonlinear_spec": null,
  "modulation_spec": null,
  "viz_spec": null,
  "heat_spec": null,
  "type": "PoleResidue",
  "eps_inf": 1.6043965737046066,
  "poles": [
    [
      {
        "real": -104906306024814.3,
        "imag": -385274561014808.7
      },
      {
        "real": 2.0276676126437984e+16,
        "imag": 2.018541058371599e+17
      }
    ],
    [
      {
        "real": -1696784376859452.2,
        "imag": -597102661949291.4
      },
      {
        "real": -5448714393208303.0,
        "imag": -1.1753591077378888e+17
      }
    ],
    [
      {
        "real": -4645735494979457.0,
        "imag": -6162125410641165.0
      },
      {
        "real": -1.0472906646712326e+16,
        "imag": 1.0196457747090898e+16
      }
    ]
  ]
}