{
  "attrs": {},
  "name": "CP_M1",
  "frequency_range": null,
  "allow_gain": false,
  "nonlinear_spec": null,
  "modulation_spec": null,
  "viz_spec": null,
  "heat_spec": null,
  "type": "PoleResidue",
  "eps_inf": 3.5435509152525113,
  "poles": [
    [
      {
        "real": -21579857762069.14,
        "imag": -514476246553745.94
      },
      {
        "real": 7219564979155439.0,
        "imag": 1.3486515702851509e+17
      }
    ]
  ]
}