{
  "attrs": {},
  "name": "SCP_M2",
  "frequency_range": null,
  "allow_gain": false,
  "nonlinear_spec": null,
  "modulation_spec": null,
  "viz_spec": null,
  "heat_spec": null,
  "type": "PoleResidue",
  "eps_inf": 2.4002558608479108,
  "poles": [
    [
      {
        "real": -1151083310340926.0,
        "imag": -3797488419633509.5
      },
      {
        "real": 4965842616346274.0,
        "imag": 1734956889517257.8
      }
    ],
    [
      {
        "real": -6283185307.179587,
        "imag": -85622679776929.11
      },
      {
        "real": 4131310018458393.5,
        "imag": 9.699291667418993e+17
      }
    ]
  ]
}