{
  "attrs": {},
  "name": "SCP_M3",
  "frequency_range": null,
  "allow_gain": false,
  "nonlinear_spec": null,
  "modulation_spec": null,
  "viz_spec": null,
  "heat_spec": null,
  "type": "PoleResidue",
  "eps_inf": 2.397463338148672,
  "poles": [
    [
      {
        "real": -176835755748591.62,
        "imag": -85622749021377.77
      },
      {
        "real": 5.960454215114813e+17,
        "imag": -1.3790182202875325e+18
      }
    ],
    [
      {
        "real": -97396656058851.11,
        "imag": -135019074262584.02
      },
      {
        "real": -5.893334991678913e+17,
        "imag": 1.8037806976352932e+18
      }
    ],
    [
      {
        "real": -908733088595551.4,
        "imag": -3829216075521068.0
      },
      {
        "real": 3494176145510972.0,
        "imag": 847650659180135.5
      }
    ]
  ]
}