{
  "attrs": {},
  "name": "RP_M2",
  "frequency_range": null,
  "allow_gain": false,
  "nonlinear_spec": null,
  "modulation_spec": null,
  "viz_spec": null,
  "heat_spec": null,
  "type": "PoleResidue",
  "eps_inf": 2.442529710647833,
  "poles": [
    [
      {
        "real": -1109769754856576.1,
        "imag": 3920809443231042.0
      },
      {
        "real": 4388030635374885.0,
        "imag": -2588144064082731.0
      }
    ],
    [
      {
        "real": -2547207535195.989,
        "imag": 190972788332183.47
      },
      {
        "real": 3432514421012444.5,
        "imag": -4.30673649278706e+17
      }
    ]
  ],
  "model_family": "RP",
  "order_N": 2
}