{
  "attrs": {},
  "name": "SCP_M3",
  "frequency_range": null,
  "allow_gain": false,
  "nonlinear_spec": null,
  "modulation_spec": null,
  "viz_spec": null,
  "heat_spec": null,
  "type": "PoleResidue",
  "eps_inf": 2.0051556099830044,
  "poles": [
    [
      {
        "real": -971593310278576.2,
        "imag": -1384700274426235.2
      },
      {
        "real": -647745204105028.9,
        "imag": -299522401026701.44
      }
    ],
    [
      {
        "real": -4455459732360174.0,
        "imag": -6138461926385247.0
      },
      {
        "real": 1.3892166900744732e+16,
        "imag": 3984691018056362.5
      }
    ],
    [
      {
        "real": -2754096353916999.0,
        "imag": -8444535254159144.0
      },
      {
        "real": -9045395960350686.0,
        "imag": 3.0291428884185304e+16
      }
    ]
  ]
}