{
  "attrs": {},
  "name": "CP_M3",
  "frequency_range": null,
  "allow_gain": false,
  "nonlinear_spec": null,
  "modulation_spec": null,
  "viz_spec": null,
  "heat_spec": null,
  "type": "PoleResidue",
  "eps_inf": 0.9370688927673974,
  "poles": [
    [
      {
        "real": -1734408101014968.2,
        "imag": -2880167005535542.0
      },
      {
        "real": 2242173870259832.2,
        "imag": -1778225934489451.5
      }
    ],
    [
      {
        "real": -956186845966057.8,
        "imag": -4845310941892780.0
      },
      {
        "real": 747885221418491.1,
        "imag": -841507018987671.2
      }
    ],
    [
      {
        "real": -4187948683125166.5,
        "imag": -9030717205340006.0
      },
      {
        "real": -1705677990325666.5,
        "imag": 5.291439699861177e+16
      }
    ]
  ]
}