{
  "attrs": {},
  "name": "SCP_M3",
  "frequency_range": null,
  "allow_gain": false,
  "nonlinear_spec": null,
  "modulation_spec": null,
  "viz_spec": null,
  "heat_spec": null,
  "type": "PoleResidue",
  "eps_inf": 4.252044403387157,
  "poles": [
    [
      {
        "real": -592595658821804.0,
        "imag": -5807772512528458.0
      },
      {
        "real": 3964355829350996.0,
        "imag": 9485034617038806.0
      }
    ],
    [
      {
        "real": -83802773549945.55,
        "imag": -5623878290788923.0
      },
      {
        "real": 237388529827553.88,
        "imag": 151227950623287.03
      }
    ],
    [
      {
        "real": -6283185307.179801,
        "imag": -6679839872615806.0
      },
      {
        "real": -2791792796658215.5,
        "imag": 6108346861757414.0
      }
    ]
  ]
}