{
  "attrs": {},
  "name": "CP_M2",
  "frequency_range": null,
  "allow_gain": false,
  "nonlinear_spec": null,
  "modulation_spec": null,
  "viz_spec": null,
  "heat_spec": null,
  "type": "PoleResidue",
  "eps_inf": 1.5470299569129546,
  "poles": [
    [
      {
        "real": -581712413724587.5,
        "imag": -5520263684480064.0
      },
      {
        "real": 6936805361447004.0,
        "imag": 3585502190355102.5
      }
    ],
    [
      {
        "real": -1386476113089568.2,
        "imag": -7836949392317183.0
      },
      {
        "real": -5689472114858065.0,
        "imag": 2.7065301553571972e+16
      }
    ]
  ]
}