{
  "attrs": {},
  "name": "CP_M3",
  "frequency_range": null,
  "allow_gain": false,
  "nonlinear_spec": null,
  "modulation_spec": null,
  "viz_spec": null,
  "heat_spec": null,
  "type": "PoleResidue",
  "eps_inf": 2.0647628452759097,
  "poles": [
    [
      {
        "real": -269454112065472.47,
        "imag": -5320407523043787.0
      },
      {
        "real": -1205683065218298.2,
        "imag": -1187236278606573.8
      }
    ],
    [
      {
        "real": -581712413724587.5,
        "imag": -5520263684480064.0
      },
      {
        "real": 9025767038512040.0,
        "imag": 6041274668089975.0
      }
    ],
    [
      {
        "real": -1386476113089568.2,
        "imag": -7836949392317183.0
      },
      {
        "real": -6851954516621743.0,
        "imag": 2.311395521747448e+16
      }
    ]
  ]
}