{
  "attrs": {},
  "name": "CP_M2",
  "frequency_range": null,
  "allow_gain": false,
  "nonlinear_spec": null,
  "modulation_spec": null,
  "viz_spec": null,
  "heat_spec": null,
  "type": "PoleResidue",
  "eps_inf": 2.9980256605214888,
  "poles": [
    [
      {
        "real": -520178051583469.25,
        "imag": -5566420572954746.0
      },
      {
        "real": 5290186148479467.0,
        "imag": 3795069300140527.5
      }
    ],
    [
      {
        "real": -843547658358612.9,
        "imag": -7144597719228741.0
      },
      {
        "real": -4066573703313949.5,
        "imag": 1.871190796485778e+16
      }
    ]
  ],
  "model_family": "CP",
  "order_N": 2
}