{
  "attrs": {},
  "name": "CP_M3",
  "frequency_range": null,
  "allow_gain": false,
  "nonlinear_spec": null,
  "modulation_spec": null,
  "viz_spec": null,
  "heat_spec": null,
  "type": "PoleResidue",
  "eps_inf": 2.0673906608054855,
  "poles": [
    [
      {
        "real": -270229515367931.72,
        "imag": -5322609526591685.0
      },
      {
        "real": -1197270489645160.8,
        "imag": -1193021899698167.8
      }
    ],
    [
      {
        "real": -581056615763387.2,
        "imag": -5521813666346222.0
      },
      {
        "real": 8980784212603826.0,
        "imag": 6052198965258275.0
      }
    ],
    [
      {
        "real": -1379867507119710.0,
        "imag": -7819011761948314.0
      },
      {
        "real": -6714344660680270.0,
        "imag": 2.3019662906500292e+16
      }
    ]
  ]
}