{
  "attrs": {},
  "name": "CP_M2",
  "frequency_range": null,
  "allow_gain": false,
  "nonlinear_spec": null,
  "modulation_spec": null,
  "viz_spec": null,
  "heat_spec": null,
  "type": "PoleResidue",
  "eps_inf": 2.5495258518373998,
  "poles": [
    [
      {
        "real": -610547018045597.0,
        "imag": -4724490183323030.0
      },
      {
        "real": 5698153808274564.0,
        "imag": 8455385489256921.0
      }
    ],
    [
      {
        "real": -794954318714148.4,
        "imag": -6133493000166949.0
      },
      {
        "real": -4749958337503227.0,
        "imag": 2.3257415581646184e+16
      }
    ]
  ]
}