{
  "attrs": {},
  "name": "SCP_M3",
  "frequency_range": null,
  "allow_gain": false,
  "nonlinear_spec": null,
  "modulation_spec": null,
  "viz_spec": null,
  "heat_spec": null,
  "type": "PoleResidue",
  "eps_inf": 1.3177854696872806,
  "poles": [
    [
      {
        "real": -484241178847136.1,
        "imag": -4680484975223102.0
      },
      {
        "real": 2949808866325530.0,
        "imag": 4976085902514817.0
      }
    ],
    [
      {
        "real": -910530671032821.9,
        "imag": -5426087982451933.0
      },
      {
        "real": -2334441578219513.5,
        "imag": 1.506930535159098e+16
      }
    ],
    [
      {
        "real": -619643253950375.9,
        "imag": -6029247151271708.0
      },
      {
        "real": 4656464865357531.0,
        "imag": 1.352881748595731e+16
      }
    ]
  ]
}