{
  "attrs": {},
  "name": "CP_M2",
  "frequency_range": null,
  "allow_gain": false,
  "nonlinear_spec": null,
  "modulation_spec": null,
  "viz_spec": null,
  "heat_spec": null,
  "type": "PoleResidue",
  "eps_inf": 2.544053327979404,
  "poles": [
    [
      {
        "real": -613253550433536.2,
        "imag": -4724361667498989.0
      },
      {
        "real": 5733815332857432.0,
        "imag": 8507152979818242.0
      }
    ],
    [
      {
        "real": -792367051484876.9,
        "imag": -6132976403672169.0
      },
      {
        "real": -4726210303804171.0,
        "imag": 2.3152449951809956e+16
      }
    ]
  ],
  "model_family": "CP",
  "order_N": 2
}