{
  "attrs": {},
  "name": "CP_M3",
  "frequency_range": null,
  "allow_gain": false,
  "nonlinear_spec": null,
  "modulation_spec": null,
  "viz_spec": null,
  "heat_spec": null,
  "type": "PoleResidue",
  "eps_inf": 1.8898753241540838,
  "poles": [
    [
      {
        "real": -552045249553303.8,
        "imag": -4704889182535506.0
      },
      {
        "real": 4400938847336240.0,
        "imag": 7004201823332557.0
      }
    ],
    [
      {
        "real": -364720905550539.3,
        "imag": -5669761630147264.0
      },
      {
        "real": -467084612952973.0,
        "imag": -1192045087341620.8
      }
    ],
    [
      {
        "real": -833500626228155.9,
        "imag": -6000709762560102.0
      },
      {
        "real": -1324191782144226.2,
        "imag": 2.760471421271603e+16
      }
    ]
  ]
}