{
  "attrs": {},
  "name": "RP_M2",
  "frequency_range": null,
  "allow_gain": false,
  "nonlinear_spec": null,
  "modulation_spec": null,
  "viz_spec": null,
  "heat_spec": null,
  "type": "PoleResidue",
  "eps_inf": 2.6418549722182534,
  "poles": [
    [
      {
        "real": -841246657843510.8,
        "imag": 6137712163272051.0
      },
      {
        "real": -5365667907733266.0,
        "imag": -2.4918936371913256e+16
      }
    ],
    [
      {
        "real": -579225781781000.6,
        "imag": 4702425790846978.0
      },
      {
        "real": 5489975859294998.0,
        "imag": -7446833819515986.0
      }
    ]
  ],
  "model_family": "RP",
  "order_N": 2
}