{
  "attrs": {},
  "name": "RP_M3",
  "frequency_range": null,
  "allow_gain": false,
  "nonlinear_spec": null,
  "modulation_spec": null,
  "viz_spec": null,
  "heat_spec": null,
  "type": "PoleResidue",
  "eps_inf": 2.2858935381427137,
  "poles": [
    [
      {
        "real": -831428884516465.1,
        "imag": -6065377082782422.0
      },
      {
        "real": -1894396894109249.8,
        "imag": 2.605669395374532e+16
      }
    ],
    [
      {
        "real": -482962667569750.3,
        "imag": -4725882107249241.0
      },
      {
        "real": 3041902885373440.5,
        "imag": 6880221479149945.0
      }
    ],
    [
      {
        "real": -211719769970953.47,
        "imag": -5269208560105968.0
      },
      {
        "real": 94982048531527.25,
        "imag": 499657926941037.4
      }
    ]
  ]
}