{
  "attrs": {},
  "name": "CP_M3",
  "frequency_range": null,
  "allow_gain": false,
  "nonlinear_spec": null,
  "modulation_spec": null,
  "viz_spec": null,
  "heat_spec": null,
  "type": "PoleResidue",
  "eps_inf": 0.626623481964672,
  "poles": [
    [
      {
        "real": -168730680781250.9,
        "imag": -3592777109941032.5
      },
      {
        "real": -4935198668470.646,
        "imag": -10873193144212.525
      }
    ],
    [
      {
        "real": -2967300749777172.5,
        "imag": -4801130032640305.0
      },
      {
        "real": -2.8670100312352937e+18,
        "imag": 1.7847689588662656e+18
      }
    ],
    [
      {
        "real": -2963652955948098.5,
        "imag": -4809246262361622.0
      },
      {
        "real": 2.887549830313618e+18,
        "imag": -1.7750399072828375e+18
      }
    ]
  ]
}