{
  "attrs": {},
  "name": "SCP_M3",
  "frequency_range": null,
  "allow_gain": false,
  "nonlinear_spec": null,
  "modulation_spec": null,
  "viz_spec": null,
  "heat_spec": null,
  "type": "PoleResidue",
  "eps_inf": 1.0277183311360596,
  "poles": [
    [
      {
        "real": -385637770447704.75,
        "imag": -3719252862657670.5
      },
      {
        "real": -10675609404234.736,
        "imag": -53879595629350.61
      }
    ],
    [
      {
        "real": -2894677399724797.0,
        "imag": -4706975558666660.0
      },
      {
        "real": -2.8781968711932257e+18,
        "imag": 1.6715136181762929e+18
      }
    ],
    [
      {
        "real": -2891282039980880.5,
        "imag": -4714061098093613.0
      },
      {
        "real": 2.8963319817298806e+18,
        "imag": -1.6622686281857902e+18
      }
    ]
  ]
}