{
  "attrs": {},
  "name": "SCP_M1",
  "frequency_range": null,
  "allow_gain": false,
  "nonlinear_spec": null,
  "modulation_spec": null,
  "viz_spec": null,
  "heat_spec": null,
  "type": "PoleResidue",
  "eps_inf": 4.746364405836153,
  "poles": [
    [
      {
        "real": -48874743403.327805,
        "imag": -5073485285309284.0
      },
      {
        "real": 61158683105.236496,
        "imag": 2843322227390299.5
      }
    ]
  ]
}