{
  "attrs": {},
  "name": "CP_M1",
  "frequency_range": null,
  "allow_gain": false,
  "nonlinear_spec": null,
  "modulation_spec": null,
  "viz_spec": null,
  "heat_spec": null,
  "type": "PoleResidue",
  "eps_inf": 1.1092978526938546,
  "poles": [
    [
      {
        "real": -1782653570041949.2,
        "imag": -3550383047825167.5
      },
      {
        "real": 3761548374661531.5,
        "imag": 5.092346075868064e+16
      }
    ]
  ]
}