{
  "attrs": {},
  "name": "CP_M3",
  "frequency_range": null,
  "allow_gain": false,
  "nonlinear_spec": null,
  "modulation_spec": null,
  "viz_spec": null,
  "heat_spec": null,
  "type": "PoleResidue",
  "eps_inf": 1.996571621079177,
  "poles": [
    [
      {
        "real": -437214141967290.56,
        "imag": -2390983732027531.5
      },
      {
        "real": -162314143181330.8,
        "imag": 4468547334575721.5
      }
    ],
    [
      {
        "real": -995056997495962.6,
        "imag": -4025009631151947.0
      },
      {
        "real": -40817465120454.01,
        "imag": 3.337527199261618e+16
      }
    ],
    [
      {
        "real": -770814602728740.8,
        "imag": -6510131183665066.0
      },
      {
        "real": 963651457063943.9,
        "imag": 1871108346668984.0
      }
    ]
  ]
}