{
  "attrs": {},
  "name": "RP_M2",
  "frequency_range": null,
  "allow_gain": false,
  "nonlinear_spec": null,
  "modulation_spec": null,
  "viz_spec": null,
  "heat_spec": null,
  "type": "PoleResidue",
  "eps_inf": 2.1712520258912527,
  "poles": [
    [
      {
        "real": -986741661779893.4,
        "imag": 3968827020284522.5
      },
      {
        "real": 2893692184206262.5,
        "imag": -3.2517163476079132e+16
      }
    ],
    [
      {
        "real": -488630929981844.44,
        "imag": 2422906335666448.5
      },
      {
        "real": -600597163638556.8,
        "imag": -5235544119309257.0
      }
    ]
  ],
  "model_family": "RP",
  "order_N": 2
}