{
  "attrs": {},
  "name": "RP_M3",
  "frequency_range": null,
  "allow_gain": false,
  "nonlinear_spec": null,
  "modulation_spec": null,
  "viz_spec": null,
  "heat_spec": null,
  "type": "PoleResidue",
  "eps_inf": 0.5847039714217243,
  "poles": [
    [
      {
        "real": -1241217303769184.2,
        "imag": -8670062683411830.0
      },
      {
        "real": 2566957730463468.5,
        "imag": 9468937236568908.0
      }
    ],
    [
      {
        "real": -460486084109112.06,
        "imag": -2437925629222650.0
      },
      {
        "real": -739478596431228.2,
        "imag": 4397407504419481.0
      }
    ],
    [
      {
        "real": -1028777182789938.4,
        "imag": -4036857947059996.0
      },
      {
        "real": -589096655444537.6,
        "imag": 3.4635609660302972e+16
      }
    ]
  ]
}