{
  "attrs": {},
  "name": "SCP_M2",
  "frequency_range": null,
  "allow_gain": false,
  "nonlinear_spec": null,
  "modulation_spec": null,
  "viz_spec": null,
  "heat_spec": null,
  "type": "PoleResidue",
  "eps_inf": 1.983003178185016,
  "poles": [
    [
      {
        "real": -547338515535218.8,
        "imag": -2411234622731534.5
      },
      {
        "real": -231865251261194.97,
        "imag": 6360304274771538.0
      }
    ],
    [
      {
        "real": -935159092508730.5,
        "imag": -3944918657519846.5
      },
      {
        "real": 4251835724023601.5,
        "imag": 3.008536179413892e+16
      }
    ]
  ],
  "model_family": "SCP",
  "order_N": 2
}