{
  "attrs": {},
  "name": "SCP_M3",
  "frequency_range": null,
  "allow_gain": false,
  "nonlinear_spec": null,
  "modulation_spec": null,
  "viz_spec": null,
  "heat_spec": null,
  "type": "PoleResidue",
  "eps_inf": 0.3676929477446071,
  "poles": [
    [
      {
        "real": -1480882664380905.5,
        "imag": -1417228495233264.0
      },
      {
        "real": -6740148615042359.0,
        "imag": 179568684471891.5
      }
    ],
    [
      {
        "real": -73504172304129.6,
        "imag": -3757473753764231.5
      },
      {
        "real": -4770262018212.536,
        "imag": 2922361593395.016
      }
    ],
    [
      {
        "real": -1828470825568110.5,
        "imag": -4904716479295490.0
      },
      {
        "real": 1.3908709032022854e+16,
        "imag": 4.016423231504424e+16
      }
    ]
  ]
}