{
  "attrs": {},
  "name": "SCP_M2",
  "frequency_range": null,
  "allow_gain": false,
  "nonlinear_spec": null,
  "modulation_spec": null,
  "viz_spec": null,
  "heat_spec": null,
  "type": "PoleResidue",
  "eps_inf": 0.314703661982627,
  "poles": [
    [
      {
        "real": -1443983373837260.2,
        "imag": -1534646320964745.8
      },
      {
        "real": -5938212460483304.0,
        "imag": -835357349643953.8
      }
    ],
    [
      {
        "real": -1819523866133251.0,
        "imag": -4911888210612780.0
      },
      {
        "real": 1.3524388977067094e+16,
        "imag": 3.968296918660352e+16
      }
    ]
  ]
}