{
  "attrs": {},
  "name": "CP_M2",
  "frequency_range": null,
  "allow_gain": false,
  "nonlinear_spec": null,
  "modulation_spec": null,
  "viz_spec": null,
  "heat_spec": null,
  "type": "PoleResidue",
  "eps_inf": 4.672203519775909,
  "poles": [
    [
      {
        "real": -6283185307.179586,
        "imag": -1572451482711491.0
      },
      {
        "real": -78883164.17687964,
        "imag": 8729631128897.766
      }
    ],
    [
      {
        "real": -6283185307.179586,
        "imag": -9768097191741440.0
      },
      {
        "real": 4405586709.377453,
        "imag": 5110728806101254.0
      }
    ]
  ],
  "model_family": "CP",
  "order_N": 2
}