{
  "attrs": {},
  "name": "CP_M3",
  "frequency_range": null,
  "allow_gain": false,
  "nonlinear_spec": null,
  "modulation_spec": null,
  "viz_spec": null,
  "heat_spec": null,
  "type": "PoleResidue",
  "eps_inf": 4.527212297465988,
  "poles": [
    [
      {
        "real": -6283185307.179586,
        "imag": -2387738313966528.5
      },
      {
        "real": 13407863.920011261,
        "imag": 3895239898.7235465
      }
    ],
    [
      {
        "real": -6283185307.179586,
        "imag": -3813636942297503.5
      },
      {
        "real": 12778056.298801215,
        "imag": 2720823134.6725197
      }
    ],
    [
      {
        "real": -6283185307.179586,
        "imag": -9983929549493456.0
      },
      {
        "real": -30290459548.31292,
        "imag": 5849069791537684.0
      }
    ]
  ]
}