{
  "attrs": {},
  "name": "CP_M3",
  "frequency_range": null,
  "allow_gain": false,
  "nonlinear_spec": null,
  "modulation_spec": null,
  "viz_spec": null,
  "heat_spec": null,
  "type": "PoleResidue",
  "eps_inf": 3.566274219276899,
  "poles": [
    [
      {
        "real": -6283185307.179586,
        "imag": -85622679776929.1
      },
      {
        "real": 1541606601.9870267,
        "imag": 644026847360359.8
      }
    ],
    [
      {
        "real": -6283185307.179586,
        "imag": -6706324599216659.0
      },
      {
        "real": -3291850554.4157467,
        "imag": 53651146017471.07
      }
    ],
    [
      {
        "real": -6283185307.179586,
        "imag": -1.3141493999353842e+16
      },
      {
        "real": 46555102329.47764,
        "imag": 1.4017272546908344e+16
      }
    ]
  ]
}