{
  "attrs": {},
  "name": "SCP_M1",
  "frequency_range": null,
  "allow_gain": false,
  "nonlinear_spec": null,
  "modulation_spec": null,
  "viz_spec": null,
  "heat_spec": null,
  "type": "PoleResidue",
  "eps_inf": 3.615938111737014,
  "poles": [
    [
      {
        "real": -6659400859.749424,
        "imag": -1.22639640684876e+16
      },
      {
        "real": 12585547909.401476,
        "imag": 1.2696990713304674e+16
      }
    ]
  ]
}