{
  "attrs": {},
  "name": "RP_M2",
  "frequency_range": null,
  "allow_gain": false,
  "nonlinear_spec": null,
  "modulation_spec": null,
  "viz_spec": null,
  "heat_spec": null,
  "type": "PoleResidue",
  "eps_inf": 4.879959324394916,
  "poles": [
    [
      {
        "real": -628.3185307179587,
        "imag": 9160909397716774.0
      },
      {
        "real": -968881781.4379619,
        "imag": -3873935366664074.5
      }
    ],
    [
      {
        "real": -628.3185307179587,
        "imag": 1604007074571633.8
      },
      {
        "real": 27946889.56556659,
        "imag": -8191402465907.861
      }
    ]
  ],
  "model_family": "RP",
  "order_N": 2
}