{
  "attrs": {},
  "name": "SCP_M1",
  "frequency_range": null,
  "allow_gain": false,
  "nonlinear_spec": null,
  "modulation_spec": null,
  "viz_spec": null,
  "heat_spec": null,
  "type": "PoleResidue",
  "eps_inf": 3.61707566468722,
  "poles": [
    [
      {
        "real": -6305382427.92891,
        "imag": -1.2260999310680292e+16
      },
      {
        "real": 9068659685.670778,
        "imag": 1.2687098026351314e+16
      }
    ]
  ]
}