{
  "attrs": {},
  "name": "SCP_M2",
  "frequency_range": null,
  "allow_gain": false,
  "nonlinear_spec": null,
  "modulation_spec": null,
  "viz_spec": null,
  "heat_spec": null,
  "type": "PoleResidue",
  "eps_inf": 4.50275321673989,
  "poles": [
    [
      {
        "real": -6283185307.807905,
        "imag": -1548573574009180.0
      },
      {
        "real": -62901537.06797057,
        "imag": 9062638946368.572
      }
    ],
    [
      {
        "real": -6283185307.807905,
        "imag": -1.0245382331224186e+16
      },
      {
        "real": 5670769406.604135,
        "imag": 6206266827810708.0
      }
    ]
  ]
}