{
  "attrs": {},
  "name": "CP_M1",
  "frequency_range": null,
  "allow_gain": false,
  "nonlinear_spec": null,
  "modulation_spec": null,
  "viz_spec": null,
  "heat_spec": null,
  "type": "PoleResidue",
  "eps_inf": 0.6004999752616529,
  "poles": [
    [
      {
        "real": -442844140995562.3,
        "imag": -108636078300434.16
      },
      {
        "real": 1.7082049633260932e+16,
        "imag": 4.5950390219323846e+17
      }
    ]
  ],
  "model_family": "CP",
  "order_N": 1
}