{
  "attrs": {},
  "name": "CP_M1",
  "frequency_range": null,
  "allow_gain": false,
  "nonlinear_spec": null,
  "modulation_spec": null,
  "viz_spec": null,
  "heat_spec": null,
  "type": "PoleResidue",
  "eps_inf": 0.55075614906141,
  "poles": [
    [
      {
        "real": -454938931797648.7,
        "imag": -292959642440340.94
      },
      {
        "real": 1.6746870495184596e+16,
        "imag": 1.6956881805360144e+17
      }
    ]
  ]
}