{
  "attrs": {},
  "name": "SCP_M1",
  "frequency_range": null,
  "allow_gain": false,
  "nonlinear_spec": null,
  "modulation_spec": null,
  "viz_spec": null,
  "heat_spec": null,
  "type": "PoleResidue",
  "eps_inf": 0.6262301009348994,
  "poles": [
    [
      {
        "real": -466510643461139.56,
        "imag": -85622679776929.3
      },
      {
        "real": 1.6804238231679912e+16,
        "imag": 5.930952602486019e+17
      }
    ]
  ]
}