{
  "attrs": {},
  "name": "CP_M2",
  "frequency_range": null,
  "allow_gain": false,
  "nonlinear_spec": null,
  "modulation_spec": null,
  "viz_spec": null,
  "heat_spec": null,
  "type": "PoleResidue",
  "eps_inf": 0.6405643065154798,
  "poles": [
    [
      {
        "real": -55556017715340.445,
        "imag": -1111735392623587.4
      },
      {
        "real": 3775004194310314.5,
        "imag": 3.3860576118399204e+16
      }
    ],
    [
      {
        "real": -1978562829928701.8,
        "imag": -7175557421298009.0
      },
      {
        "real": 5353291953963701.0,
        "imag": 1.3087431010042076e+16
      }
    ]
  ]
}