{
  "attrs": {},
  "name": "CP_M3",
  "frequency_range": null,
  "allow_gain": false,
  "nonlinear_spec": null,
  "modulation_spec": null,
  "viz_spec": null,
  "heat_spec": null,
  "type": "PoleResidue",
  "eps_inf": 0.2984009347551434,
  "poles": [
    [
      {
        "real": -683016739204184.9,
        "imag": -1049521069584293.8
      },
      {
        "real": -1.1799177968740336e+16,
        "imag": 6.6301283122262376e+16
      }
    ],
    [
      {
        "real": -2324206468885287.0,
        "imag": -3295618932991762.5
      },
      {
        "real": 3.2317664821537984e+16,
        "imag": 3173555791163634.0
      }
    ],
    [
      {
        "real": -929666697976998.8,
        "imag": -4015048910582749.5
      },
      {
        "real": -3574647384489265.5,
        "imag": -2899775406355989.5
      }
    ]
  ]
}