{
  "attrs": {},
  "name": "SCP_M3",
  "frequency_range": null,
  "allow_gain": false,
  "nonlinear_spec": null,
  "modulation_spec": null,
  "viz_spec": null,
  "heat_spec": null,
  "type": "PoleResidue",
  "eps_inf": 0.2644750018058327,
  "poles": [
    [
      {
        "real": -101491270431093.36,
        "imag": -116416146690062.89
      },
      {
        "real": 1.2887290866604782e+16,
        "imag": 3.3144248982543674e+17
      }
    ],
    [
      {
        "real": -1725283508422499.8,
        "imag": -2333020546890008.5
      },
      {
        "real": 1.2476215535706502e+16,
        "imag": -9890511858491852.0
      }
    ],
    [
      {
        "real": -2026783546632155.5,
        "imag": -4045363801637995.0
      },
      {
        "real": 2335355931050745.5,
        "imag": -1.4838749275610988e+16
      }
    ]
  ]
}