{
  "attrs": {},
  "name": "CP_M3",
  "frequency_range": null,
  "allow_gain": false,
  "nonlinear_spec": null,
  "modulation_spec": null,
  "viz_spec": null,
  "heat_spec": null,
  "type": "PoleResidue",
  "eps_inf": 2.700086687384169,
  "poles": [
    [
      {
        "real": -80539775510767.97,
        "imag": -116407054448921.03
      },
      {
        "real": 9578856809806868.0,
        "imag": 3.493673748077197e+17
      }
    ],
    [
      {
        "real": -4180911253431600.0,
        "imag": -2032697621378154.5
      },
      {
        "real": 4613223499118610.0,
        "imag": -3.63571729530824e+16
      }
    ],
    [
      {
        "real": -1695430764664515.5,
        "imag": -7307285920451255.0
      },
      {
        "real": -2967962738639938.5,
        "imag": 8475617155584239.0
      }
    ]
  ],
  "model_family": "CP",
  "order_N": 3
}