{
  "attrs": {},
  "name": "RP_M3",
  "frequency_range": null,
  "allow_gain": false,
  "nonlinear_spec": null,
  "modulation_spec": null,
  "viz_spec": null,
  "heat_spec": null,
  "type": "PoleResidue",
  "eps_inf": 0.9685870813313668,
  "poles": [
    [
      {
        "real": -2696150639403794.5,
        "imag": 6283089407254183.0
      },
      {
        "real": 1.1687161299189372e+16,
        "imag": -5965907566033308.0
      }
    ],
    [
      {
        "real": -961282788037864.8,
        "imag": 4802091897141866.0
      },
      {
        "real": 777039074037551.6,
        "imag": -437940967727207.1
      }
    ],
    [
      {
        "real": -94865221533231.92,
        "imag": 540578450385525.75
      },
      {
        "real": 5219295363855910.0,
        "imag": -8.115147554516374e+16
      }
    ]
  ],
  "model_family": "RP",
  "order_N": 3
}