{
  "attrs": {},
  "name": "SCP_M2",
  "frequency_range": null,
  "allow_gain": false,
  "nonlinear_spec": null,
  "modulation_spec": null,
  "viz_spec": null,
  "heat_spec": null,
  "type": "PoleResidue",
  "eps_inf": 0.6102946948244119,
  "poles": [
    [
      {
        "real": -139607633667281.6,
        "imag": -116426661097620.38
      },
      {
        "real": 5096898943463750.0,
        "imag": 4.002299672124286e+17
      }
    ],
    [
      {
        "real": -2944758284069326.5,
        "imag": -5462750170447300.0
      },
      {
        "real": 1.6637654291622048e+16,
        "imag": 2991557691334983.0
      }
    ]
  ],
  "model_family": "SCP",
  "order_N": 2
}