{
  "attrs": {},
  "name": "CP_M2",
  "frequency_range": null,
  "allow_gain": false,
  "nonlinear_spec": null,
  "modulation_spec": null,
  "viz_spec": null,
  "heat_spec": null,
  "type": "PoleResidue",
  "eps_inf": 0.7189350634600763,
  "poles": [
    [
      {
        "real": -1382299599406028.5,
        "imag": -4300270076426831.0
      },
      {
        "real": 2020307295851785.2,
        "imag": -3935172030306106.0
      }
    ],
    [
      {
        "real": -2980357269120982.0,
        "imag": -6211320798087045.0
      },
      {
        "real": 9380566653757152.0,
        "imag": 2.044862745564602e+16
      }
    ]
  ],
  "model_family": "CP",
  "order_N": 2
}