{
  "attrs": {},
  "name": "CP_M2",
  "frequency_range": null,
  "allow_gain": false,
  "nonlinear_spec": null,
  "modulation_spec": null,
  "viz_spec": null,
  "heat_spec": null,
  "type": "PoleResidue",
  "eps_inf": 1.7848656803507839,
  "poles": [
    [
      {
        "real": -900050711472452.8,
        "imag": -4334693968047781.5
      },
      {
        "real": 1810701897547128.8,
        "imag": -1114484407178199.2
      }
    ],
    [
      {
        "real": -2021691219224423.8,
        "imag": -6943221097356840.0
      },
      {
        "real": 2433972005940863.5,
        "imag": 1.5942947486643882e+16
      }
    ]
  ]
}