{
  "attrs": {},
  "name": "SCP_M3",
  "frequency_range": null,
  "allow_gain": false,
  "nonlinear_spec": null,
  "modulation_spec": null,
  "viz_spec": null,
  "heat_spec": null,
  "type": "PoleResidue",
  "eps_inf": 1.0987752673024502,
  "poles": [
    [
      {
        "real": -577158333561066.0,
        "imag": -3790590853628115.5
      },
      {
        "real": -194050179088466.47,
        "imag": -213751623486775.72
      }
    ],
    [
      {
        "real": -1502630386366436.5,
        "imag": -4423748048330696.5
      },
      {
        "real": 3719067774235348.5,
        "imag": -3277608384572958.5
      }
    ],
    [
      {
        "real": -2950545175367101.5,
        "imag": -6506146136316698.0
      },
      {
        "real": 5371715556520506.0,
        "imag": 1.9825139999024756e+16
      }
    ]
  ]
}