{
  "attrs": {},
  "name": "SCP_M2",
  "frequency_range": null,
  "allow_gain": false,
  "nonlinear_spec": null,
  "modulation_spec": null,
  "viz_spec": null,
  "heat_spec": null,
  "type": "PoleResidue",
  "eps_inf": 0.9515107597175955,
  "poles": [
    [
      {
        "real": -1251029755073301.5,
        "imag": -4529603602712296.0
      },
      {
        "real": 3188389707407450.0,
        "imag": -2730024592047787.5
      }
    ],
    [
      {
        "real": -2942094470974596.0,
        "imag": -6350456768125529.0
      },
      {
        "real": 7182940743259894.0,
        "imag": 1.844369781376938e+16
      }
    ]
  ]
}