{
  "attrs": {},
  "name": "CP_M3",
  "frequency_range": null,
  "allow_gain": false,
  "nonlinear_spec": null,
  "modulation_spec": null,
  "viz_spec": null,
  "heat_spec": null,
  "type": "PoleResidue",
  "eps_inf": 1.1256627915931225,
  "poles": [
    [
      {
        "real": -503947684723971.94,
        "imag": -3809204903341868.0
      },
      {
        "real": -181740924954793.8,
        "imag": -178711880591111.03
      }
    ],
    [
      {
        "real": -1525839157206725.5,
        "imag": -4382113844000881.0
      },
      {
        "real": 3965332047008961.0,
        "imag": -3662498550069736.0
      }
    ],
    [
      {
        "real": -3107615917813991.5,
        "imag": -6666651055303114.0
      },
      {
        "real": 4180822427477316.5,
        "imag": 2.140987517402085e+16
      }
    ]
  ],
  "model_family": "CP",
  "order_N": 3
}