{
  "attrs": {},
  "name": "CP_M3",
  "frequency_range": null,
  "allow_gain": false,
  "nonlinear_spec": null,
  "modulation_spec": null,
  "viz_spec": null,
  "heat_spec": null,
  "type": "PoleResidue",
  "eps_inf": 1.1114387607619933,
  "poles": [
    [
      {
        "real": -576487798331735.9,
        "imag": -3713052425541019.0
      },
      {
        "real": -249003829179949.88,
        "imag": -133098189600205.33
      }
    ],
    [
      {
        "real": -1505250238968031.5,
        "imag": -4364729172957047.0
      },
      {
        "real": 3644869414762227.5,
        "imag": -3595789670104037.5
      }
    ],
    [
      {
        "real": -2962962022560710.0,
        "imag": -6506300221105559.0
      },
      {
        "real": 5323223171018421.0,
        "imag": 2.0243217485522816e+16
      }
    ]
  ]
}