{
    "attrs": {},
    "name": "RP_selected_M3",
    "frequency_range": null,
    "allow_gain": false,
    "nonlinear_spec": null,
    "modulation_spec": null,
    "viz_spec": null,
    "heat_spec": null,
    "type": "PoleResidue",
    "eps_inf": 1.2723208841989102,
    "poles": [
        [
            {
                "real": -3966808994499207.5,
                "imag": -6567176631354664.0
            },
            {
                "real": -482699659584372.8,
                "imag": 3.1156994605102972e+16
            }
        ],
        [
            {
                "real": -1877877002238722.2,
                "imag": -4246679291182342.5
            },
            {
                "real": 5891537301173733.0,
                "imag": -8144484576878172.0
            }
        ],
        [
            {
                "real": -570985604062248.8,
                "imag": -3675314887406958.0
            },
            {
                "real": -404734896570050.9,
                "imag": -81955464650998.97
            }
        ]
    ]
}