{
  "attrs": {},
  "name": "SCP_M3",
  "frequency_range": null,
  "allow_gain": false,
  "nonlinear_spec": null,
  "modulation_spec": null,
  "viz_spec": null,
  "heat_spec": null,
  "type": "PoleResidue",
  "eps_inf": 0.7981026255889849,
  "poles": [
    [
      {
        "real": -923369188403100.1,
        "imag": -2170897073550300.0
      },
      {
        "real": -1120849615342189.0,
        "imag": 1066696751650232.4
      }
    ],
    [
      {
        "real": -1755341192709965.8,
        "imag": -2250264057961421.5
      },
      {
        "real": -4193359933159838.0,
        "imag": -9340901405719264.0
      }
    ],
    [
      {
        "real": -1676440889178302.5,
        "imag": -5498359066660896.0
      },
      {
        "real": 6883778237575178.0,
        "imag": 5.604700755678776e+16
      }
    ]
  ]
}