{
    "attrs": {},
    "name": "CP_selected_M3",
    "frequency_range": null,
    "allow_gain": false,
    "nonlinear_spec": null,
    "modulation_spec": null,
    "viz_spec": null,
    "heat_spec": null,
    "type": "PoleResidue",
    "eps_inf": 0.644950984459719,
    "poles": [
        [
            {
                "real": -9505789753529920.0,
                "imag": -562746126051811.56
            },
            {
                "real": 5916615897989777.0,
                "imag": -3.269472219013472e+17
            }
        ],
        [
            {
                "real": -1386672330026129.5,
                "imag": -2448154551487687.5
            },
            {
                "real": -3707719542356464.5,
                "imag": -4680600884678120.0
            }
        ],
        [
            {
                "real": -1693684063354923.5,
                "imag": -5489169416474940.0
            },
            {
                "real": 8084976444121738.0,
                "imag": 5.849350431399322e+16
            }
        ]
    ]
}