{
  "attrs": {},
  "name": "CP_M3",
  "frequency_range": null,
  "allow_gain": false,
  "nonlinear_spec": null,
  "modulation_spec": null,
  "viz_spec": null,
  "heat_spec": null,
  "type": "PoleResidue",
  "eps_inf": 0.8085519262790859,
  "poles": [
    [
      {
        "real": -966454416810300.1,
        "imag": -2047286181431682.5
      },
      {
        "real": -650748866288853.2,
        "imag": 1915290114952352.5
      }
    ],
    [
      {
        "real": -1729731702909485.2,
        "imag": -2206968683850697.8
      },
      {
        "real": -5061083111383259.0,
        "imag": -1.0392476343059244e+16
      }
    ],
    [
      {
        "real": -1687888890392043.5,
        "imag": -5497790071848999.0
      },
      {
        "real": 6955935590745534.0,
        "imag": 5.6645646277896296e+16
      }
    ]
  ],
  "model_family": "CP",
  "order_N": 3
}