{
  "attrs": {},
  "name": "SCP_M3",
  "frequency_range": null,
  "allow_gain": false,
  "nonlinear_spec": null,
  "modulation_spec": null,
  "viz_spec": null,
  "heat_spec": null,
  "type": "PoleResidue",
  "eps_inf": 1.0131132869715402,
  "poles": [
    [
      {
        "real": -9504556140580818.0,
        "imag": -562820441321290.6
      },
      {
        "real": -778556864569449.1,
        "imag": -1.9449935257608112e+17
      }
    ],
    [
      {
        "real": -1399045540184237.0,
        "imag": -2469622410323519.5
      },
      {
        "real": -3624921981120335.5,
        "imag": -5209696536461127.0
      }
    ],
    [
      {
        "real": -1685629306112410.5,
        "imag": -5489537021844861.0
      },
      {
        "real": 8174190619985498.0,
        "imag": 5.745592196635394e+16
      }
    ]
  ]
}