{
    "attrs": {},
    "name": "RP_selected_M3",
    "frequency_range": null,
    "allow_gain": false,
    "nonlinear_spec": null,
    "modulation_spec": null,
    "viz_spec": null,
    "heat_spec": null,
    "type": "PoleResidue",
    "eps_inf": 0.688565189245499,
    "poles": [
        [
            {
                "real": -1757654768131654.0,
                "imag": -2162137593929097.8
            },
            {
                "real": -4729672511734274.0,
                "imag": -6175208568117306.0
            }
        ],
        [
            {
                "real": -1162667066832686.8,
                "imag": -2489232706574166.5
            },
            {
                "real": -1991996663137263.5,
                "imag": -653574059524779.1
            }
        ],
        [
            {
                "real": -1695519053166078.5,
                "imag": -5467218564202468.0
            },
            {
                "real": 8568397820810085.0,
                "imag": 5.6772711991410856e+16
            }
        ]
    ]
}