{
  "attrs": {},
  "name": "RP_M2",
  "frequency_range": null,
  "allow_gain": false,
  "nonlinear_spec": null,
  "modulation_spec": null,
  "viz_spec": null,
  "heat_spec": null,
  "type": "PoleResidue",
  "eps_inf": 0.6850870365945407,
  "poles": [
    [
      {
        "real": -1635276506762544.5,
        "imag": 5515704699170138.0
      },
      {
        "real": 5670794528510311.0,
        "imag": -5.327253176873176e+16
      }
    ],
    [
      {
        "real": -1493560233362323.2,
        "imag": 2672213942269270.0
      },
      {
        "real": -2287645683357244.0,
        "imag": 7768797782453390.0
      }
    ]
  ],
  "model_family": "RP",
  "order_N": 2
}