{
  "attrs": {},
  "name": "RP_M3",
  "frequency_range": null,
  "allow_gain": false,
  "nonlinear_spec": null,
  "modulation_spec": null,
  "viz_spec": null,
  "heat_spec": null,
  "type": "PoleResidue",
  "eps_inf": 0.6914540302625523,
  "poles": [
    [
      {
        "real": -1764320671445268.8,
        "imag": -2161591573020373.0
      },
      {
        "real": -4754164845418150.0,
        "imag": -6148969699411409.0
      }
    ],
    [
      {
        "real": -1163144612415175.5,
        "imag": -2489364468887273.0
      },
      {
        "real": -1985422354338455.8,
        "imag": -685618952463641.4
      }
    ],
    [
      {
        "real": -1695565250711520.2,
        "imag": -5467265041293157.0
      },
      {
        "real": 8567626992991194.0,
        "imag": 5.678431081364542e+16
      }
    ]
  ]
}