{
  "attrs": {},
  "name": "RP_M3",
  "frequency_range": null,
  "allow_gain": false,
  "nonlinear_spec": null,
  "modulation_spec": null,
  "viz_spec": null,
  "heat_spec": null,
  "type": "PoleResidue",
  "eps_inf": 0.9899747243401281,
  "poles": [
    [
      {
        "real": -1686593808524326.5,
        "imag": 5504564664841542.0
      },
      {
        "real": 6581345761823037.0,
        "imag": -5.7037686410569096e+16
      }
    ],
    [
      {
        "real": -1753544610168489.0,
        "imag": 2301892993641740.0
      },
      {
        "real": -6123283546762697.0,
        "imag": 8468804538990185.0
      }
    ],
    [
      {
        "real": -590348214896502.1,
        "imag": 2070745428177713.2
      },
      {
        "real": -190760514215710.78,
        "imag": -374189006773075.25
      }
    ]
  ],
  "model_family": "RP",
  "order_N": 3
}