{
  "attrs": {},
  "name": "SCP_M2",
  "frequency_range": null,
  "allow_gain": false,
  "nonlinear_spec": null,
  "modulation_spec": null,
  "viz_spec": null,
  "heat_spec": null,
  "type": "PoleResidue",
  "eps_inf": 0.2695484720362653,
  "poles": [
    [
      {
        "real": -6221401363424552.0,
        "imag": -360290232776123.3
      },
      {
        "real": 2.1405376196608056e+16,
        "imag": -1.09177588276856e+17
      }
    ],
    [
      {
        "real": -925940383766819.4,
        "imag": -3805216411961999.0
      },
      {
        "real": 5081505571379487.0,
        "imag": 2497372453382904.5
      }
    ]
  ]
}