{
  "attrs": {},
  "name": "CP_M3",
  "frequency_range": null,
  "allow_gain": false,
  "nonlinear_spec": null,
  "modulation_spec": null,
  "viz_spec": null,
  "heat_spec": null,
  "type": "PoleResidue",
  "eps_inf": 1.5424089177714442,
  "poles": [
    [
      {
        "real": -265263681926753.9,
        "imag": -3341586828649562.5
      },
      {
        "real": 482517149840666.06,
        "imag": 338842250326298.2
      }
    ],
    [
      {
        "real": -729556777150299.9,
        "imag": -4159070485520971.5
      },
      {
        "real": 2778493156781524.0,
        "imag": 2769393100989998.5
      }
    ],
    [
      {
        "real": -4746981659601374.0,
        "imag": -8953186918198817.0
      },
      {
        "real": 162706984533944.62,
        "imag": 2.15321335149658e+16
      }
    ]
  ]
}