{
  "attrs": {},
  "name": "CP_M3",
  "frequency_range": null,
  "allow_gain": false,
  "nonlinear_spec": null,
  "modulation_spec": null,
  "viz_spec": null,
  "heat_spec": null,
  "type": "PoleResidue",
  "eps_inf": 0.27270914860985407,
  "poles": [
    [
      {
        "real": -154269176483718.3,
        "imag": -122259041384356.58
      },
      {
        "real": -3.080271228841583e+16,
        "imag": 6.577046793434547e+17
      }
    ],
    [
      {
        "real": -632314259754771.4,
        "imag": -921987901858561.6
      },
      {
        "real": 3.442424328306674e+16,
        "imag": 2.3380591949961736e+16
      }
    ],
    [
      {
        "real": -1502859811243712.5,
        "imag": -1816601078537073.0
      },
      {
        "real": 8823486740320575.0,
        "imag": 9687039343561808.0
      }
    ]
  ]
}