{
    "attrs": {},
    "name": "CP_selected_M3",
    "frequency_range": null,
    "allow_gain": false,
    "nonlinear_spec": null,
    "modulation_spec": null,
    "viz_spec": null,
    "heat_spec": null,
    "type": "PoleResidue",
    "eps_inf": 0.3555873926626443,
    "poles": [
        [
            {
                "real": -145142234249450.47,
                "imag": -388270219917116.0
            },
            {
                "real": -1.3673830257405992e+16,
                "imag": 1.8164607798680688e+17
            }
        ],
        [
            {
                "real": -1672451153556674.5,
                "imag": -1072783507800618.9
            },
            {
                "real": 2.4515176288631068e+16,
                "imag": 4.897171186873464e+16
            }
        ],
        [
            {
                "real": -621273014750320.6,
                "imag": -1383454077277121.8
            },
            {
                "real": 806708320873006.2,
                "imag": 8268016060393538.0
            }
        ]
    ]
}