{
  "attrs": {},
  "name": "CP_M2",
  "frequency_range": null,
  "allow_gain": false,
  "nonlinear_spec": null,
  "modulation_spec": null,
  "viz_spec": null,
  "heat_spec": null,
  "type": "PoleResidue",
  "eps_inf": 0.36373026439661243,
  "poles": [
    [
      {
        "real": -120822854183486.77,
        "imag": -325759859043997.7
      },
      {
        "real": 1.1194210622085082e+16,
        "imag": 1.6348639887024064e+17
      }
    ],
    [
      {
        "real": -1959316160065963.0,
        "imag": -456295551836528.75
      },
      {
        "real": -42978882163051.484,
        "imag": 1.0104843223275738e+17
      }
    ]
  ]
}