{
  "attrs": {},
  "name": "SCP_M3",
  "frequency_range": null,
  "allow_gain": false,
  "nonlinear_spec": null,
  "modulation_spec": null,
  "viz_spec": null,
  "heat_spec": null,
  "type": "PoleResidue",
  "eps_inf": 0.35515678343702367,
  "poles": [
    [
      {
        "real": -582222951816184.1,
        "imag": -85622702040404.48
      },
      {
        "real": 3.672878258783064e+17,
        "imag": 2.342585085826453e+18
      }
    ],
    [
      {
        "real": -25863826858134.234,
        "imag": -147461332744601.7
      },
      {
        "real": -3.73791221300118e+17,
        "imag": 7.634693718819215e+17
      }
    ],
    [
      {
        "real": -1345610555231443.8,
        "imag": -1544072428676699.5
      },
      {
        "real": 1.8750977866065276e+16,
        "imag": 5417416626647537.0
      }
    ]
  ]
}