{
  "attrs": {},
  "name": "SCP_M3",
  "frequency_range": null,
  "allow_gain": false,
  "nonlinear_spec": null,
  "modulation_spec": null,
  "viz_spec": null,
  "heat_spec": null,
  "type": "PoleResidue",
  "eps_inf": 0.331745394854396,
  "poles": [
    [
      {
        "real": -193086161846698.4,
        "imag": -3111328913618994.5
      },
      {
        "real": 1888320507362625.2,
        "imag": 889360951319262.5
      }
    ],
    [
      {
        "real": -955504925837210.2,
        "imag": -3447229040262824.5
      },
      {
        "real": 1609490875123020.5,
        "imag": 8413161300639056.0
      }
    ],
    [
      {
        "real": -1139522832737369.5,
        "imag": -6113980958539982.0
      },
      {
        "real": -2440730013008837.5,
        "imag": 2.7418371301755344e+16
      }
    ]
  ]
}