{
  "attrs": {},
  "name": "SCP_M1",
  "frequency_range": null,
  "allow_gain": false,
  "nonlinear_spec": null,
  "modulation_spec": null,
  "viz_spec": null,
  "heat_spec": null,
  "type": "PoleResidue",
  "eps_inf": 0.525626832243041,
  "poles": [
    [
      {
        "real": -2231789450085993.0,
        "imag": -3538630351990994.0
      },
      {
        "real": 3.101284511360298e+16,
        "imag": 2.082690003977556e+16
      }
    ]
  ]
}