{
  "attrs": {},
  "name": "CP_M3",
  "frequency_range": null,
  "allow_gain": false,
  "nonlinear_spec": null,
  "modulation_spec": null,
  "viz_spec": null,
  "heat_spec": null,
  "type": "PoleResidue",
  "eps_inf": 2.029361257196253,
  "poles": [
    [
      {
        "real": -206506281786807.25,
        "imag": -5096273470530973.0
      },
      {
        "real": 3145717991596097.0,
        "imag": 3511629881795725.5
      }
    ],
    [
      {
        "real": -610926469972328.0,
        "imag": -5437632032908160.0
      },
      {
        "real": 3998305261121708.0,
        "imag": 5523266281648846.0
      }
    ],
    [
      {
        "real": -568263323114888.1,
        "imag": -6555178311837800.0
      },
      {
        "real": -5176184362210502.0,
        "imag": 2.050670292670633e+16
      }
    ]
  ]
}