{
  "attrs": {},
  "name": "SCP_M3",
  "frequency_range": null,
  "allow_gain": false,
  "nonlinear_spec": null,
  "modulation_spec": null,
  "viz_spec": null,
  "heat_spec": null,
  "type": "PoleResidue",
  "eps_inf": 2.0956386696100657,
  "poles": [
    [
      {
        "real": -201692243221650.25,
        "imag": -5108048426686772.0
      },
      {
        "real": 2684324265316613.0,
        "imag": 3744893880881632.0
      }
    ],
    [
      {
        "real": -591001307006903.2,
        "imag": -5517204340425113.0
      },
      {
        "real": 3702182148629517.5,
        "imag": 5642818665985392.0
      }
    ],
    [
      {
        "real": -542549158649279.44,
        "imag": -6507947261306140.0
      },
      {
        "real": -3903335308157697.5,
        "imag": 1.9782601519983724e+16
      }
    ]
  ]
}