{
  "attrs": {},
  "name": "SCP_M1",
  "frequency_range": null,
  "allow_gain": false,
  "nonlinear_spec": null,
  "modulation_spec": null,
  "viz_spec": null,
  "heat_spec": null,
  "type": "PoleResidue",
  "eps_inf": 2.475499200021869,
  "poles": [
    [
      {
        "real": -776482876398202.1,
        "imag": -5936109598662798.0
      },
      {
        "real": 7526020167577193.0,
        "imag": 2.797944246393094e+16
      }
    ]
  ]
}