{
  "attrs": {},
  "name": "RP_M2",
  "frequency_range": null,
  "allow_gain": false,
  "nonlinear_spec": null,
  "modulation_spec": null,
  "viz_spec": null,
  "heat_spec": null,
  "type": "PoleResidue",
  "eps_inf": 0.8558616214122591,
  "poles": [
    [
      {
        "real": -786281381454768.9,
        "imag": 6382480582923593.0
      },
      {
        "real": -115466212102577.47,
        "imag": -2.8725758792024612e+16
      }
    ],
    [
      {
        "real": -248165064734401.66,
        "imag": 5104153074163008.0
      },
      {
        "real": 4808013060810776.0,
        "imag": -4666311353890107.0
      }
    ]
  ],
  "model_family": "RP",
  "order_N": 2
}