{
  "attrs": {},
  "name": "RP_M2",
  "frequency_range": null,
  "allow_gain": false,
  "nonlinear_spec": null,
  "modulation_spec": null,
  "viz_spec": null,
  "heat_spec": null,
  "type": "PoleResidue",
  "eps_inf": 0.7297983652462906,
  "poles": [
    [
      {
        "real": -1054663740861237.1,
        "imag": 7563195322345515.0
      },
      {
        "real": -639883626200417.5,
        "imag": -3231273240125361.5
      }
    ],
    [
      {
        "real": -1159112099022690.0,
        "imag": 6.007963685378325e-09
      },
      {
        "real": 2133061072621670.8,
        "imag": 0.0
      }
    ]
  ],
  "model_family": "RP",
  "order_N": 2
}