{
  "attrs": {},
  "name": "CP_M3",
  "frequency_range": null,
  "allow_gain": false,
  "nonlinear_spec": null,
  "modulation_spec": null,
  "viz_spec": null,
  "heat_spec": null,
  "type": "PoleResidue",
  "eps_inf": 1.8272864792318675,
  "poles": [
    [
      {
        "real": -203501942864527.88,
        "imag": -2810498546320795.0
      },
      {
        "real": 355676250077039.06,
        "imag": 1153137486603483.5
      }
    ],
    [
      {
        "real": -1071277732033045.8,
        "imag": -3446049631324856.0
      },
      {
        "real": 2468729732983898.5,
        "imag": 1.3354800925680598e+16
      }
    ],
    [
      {
        "real": -856659041999765.1,
        "imag": -5856643645962367.0
      },
      {
        "real": -1662313977751602.8,
        "imag": 1.5352405801834576e+16
      }
    ]
  ]
}