{
  "attrs": {},
  "name": "CP_M3",
  "frequency_range": null,
  "allow_gain": false,
  "nonlinear_spec": null,
  "modulation_spec": null,
  "viz_spec": null,
  "heat_spec": null,
  "type": "PoleResidue",
  "eps_inf": 2.2683207728951733,
  "poles": [
    [
      {
        "real": -2788785677245175.0,
        "imag": -2520856754584109.5
      },
      {
        "real": 8515030034153601.0,
        "imag": 2.8705479862605964e+16
      }
    ],
    [
      {
        "real": -389943306734112.3,
        "imag": -2638288544754934.5
      },
      {
        "real": 3554095973836314.5,
        "imag": -70204962365190.14
      }
    ],
    [
      {
        "real": -556993027045034.3,
        "imag": -6120282327826736.0
      },
      {
        "real": -5769519979342670.0,
        "imag": 7129793191421511.0
      }
    ]
  ],
  "model_family": "CP",
  "order_N": 3
}