{
  "attrs": {},
  "name": "CP_M3",
  "frequency_range": null,
  "allow_gain": false,
  "nonlinear_spec": null,
  "modulation_spec": null,
  "viz_spec": null,
  "heat_spec": null,
  "type": "PoleResidue",
  "eps_inf": 0.7222291610387114,
  "poles": [
    [
      {
        "real": -4367595771466651.0,
        "imag": -390944305931661.0
      },
      {
        "real": 4047110960933392.5,
        "imag": -1.0220404306353422e+16
      }
    ],
    [
      {
        "real": -4325938653533331.5,
        "imag": -6584350181156448.0
      },
      {
        "real": 7548870637752937.0,
        "imag": -4524896028921163.0
      }
    ],
    [
      {
        "real": -1392886677289510.5,
        "imag": -7724509416311673.0
      },
      {
        "real": 939586530805821.8,
        "imag": 3313910376444141.0
      }
    ]
  ],
  "model_family": "CP",
  "order_N": 3
}