{
  "attrs": {},
  "name": "SCP_M3",
  "frequency_range": null,
  "allow_gain": false,
  "nonlinear_spec": null,
  "modulation_spec": null,
  "viz_spec": null,
  "heat_spec": null,
  "type": "PoleResidue",
  "eps_inf": 1.2093270276759196,
  "poles": [
    [
      {
        "real": -3097858062031847.0,
        "imag": -1488867178158297.8
      },
      {
        "real": 462911150747639.94,
        "imag": 100418992179765.89
      }
    ],
    [
      {
        "real": -1408618022589421.2,
        "imag": -7591435867928333.0
      },
      {
        "real": 2646729220779777.0,
        "imag": 1.3228699987772328e+16
      }
    ],
    [
      {
        "real": -1009485053617503.6,
        "imag": -7791764726595116.0
      },
      {
        "real": 2327552812970750.5,
        "imag": -7656289224855952.0
      }
    ]
  ]
}