{
  "attrs": {},
  "name": "CP_M3",
  "frequency_range": null,
  "allow_gain": false,
  "nonlinear_spec": null,
  "modulation_spec": null,
  "viz_spec": null,
  "heat_spec": null,
  "type": "PoleResidue",
  "eps_inf": 1.1129659051997758,
  "poles": [
    [
      {
        "real": -3097986747853344.5,
        "imag": -1483812416425848.8
      },
      {
        "real": 451177488470661.25,
        "imag": 101716267813871.78
      }
    ],
    [
      {
        "real": -1411277988253694.5,
        "imag": -7593679785289754.0
      },
      {
        "real": 1637847884699231.5,
        "imag": 1.4094449839299354e+16
      }
    ],
    [
      {
        "real": -1009494776713602.5,
        "imag": -7780301134147133.0
      },
      {
        "real": 3521577479739099.0,
        "imag": -8114506968262979.0
      }
    ]
  ]
}