{
  "attrs": {},
  "name": "SCP_M2",
  "frequency_range": null,
  "allow_gain": false,
  "nonlinear_spec": null,
  "modulation_spec": null,
  "viz_spec": null,
  "heat_spec": null,
  "type": "PoleResidue",
  "eps_inf": 1.6638839857377843,
  "poles": [
    [
      {
        "real": -5275425242963459.0,
        "imag": -104713933808483.52
      },
      {
        "real": -1290706674299326.0,
        "imag": 4.776183762534512e+16
      }
    ],
    [
      {
        "real": -1771165124862537.0,
        "imag": -7690562462831078.0
      },
      {
        "real": 3547946024521077.5,
        "imag": 5705086627520633.0
      }
    ]
  ],
  "model_family": "SCP",
  "order_N": 2
}