{
  "attrs": {},
  "name": "CP_M3",
  "frequency_range": null,
  "allow_gain": false,
  "nonlinear_spec": null,
  "modulation_spec": null,
  "viz_spec": null,
  "heat_spec": null,
  "type": "PoleResidue",
  "eps_inf": 1.6369220149633614,
  "poles": [
    [
      {
        "real": -64955257557138.09,
        "imag": -349601390934209.56
      },
      {
        "real": 1.7766456185585234e+16,
        "imag": 3.195601296589379e+17
      }
    ],
    [
      {
        "real": -122214199562380.28,
        "imag": -807402418181940.2
      },
      {
        "real": -1.4506374588523184e+16,
        "imag": -2.7877033961075372e+16
      }
    ],
    [
      {
        "real": -1048188858700704.2,
        "imag": -6106342270461384.0
      },
      {
        "real": 3942342292043563.0,
        "imag": 1193745339609164.0
      }
    ]
  ]
}