{
  "attrs": {},
  "name": "CP_M3",
  "frequency_range": null,
  "allow_gain": false,
  "nonlinear_spec": null,
  "modulation_spec": null,
  "viz_spec": null,
  "heat_spec": null,
  "type": "PoleResidue",
  "eps_inf": 1.6365274551383335,
  "poles": [
    [
      {
        "real": -63508330046161.94,
        "imag": -353335956653267.44
      },
      {
        "real": 1.6740412180521994e+16,
        "imag": 3.1207424359913715e+17
      }
    ],
    [
      {
        "real": -119165637400154.23,
        "imag": -829083000713418.6
      },
      {
        "real": -1.3482825764956384e+16,
        "imag": -2.5329787901409236e+16
      }
    ],
    [
      {
        "real": -1048476131646804.9,
        "imag": -6105326129897503.0
      },
      {
        "real": 3942838452037450.0,
        "imag": 1189985205725639.2
      }
    ]
  ]
}