{
  "attrs": {},
  "name": "CP_M2",
  "frequency_range": null,
  "allow_gain": false,
  "nonlinear_spec": null,
  "modulation_spec": null,
  "viz_spec": null,
  "heat_spec": null,
  "type": "PoleResidue",
  "eps_inf": 1.3480195042524314,
  "poles": [
    [
      {
        "real": -29433845507627.855,
        "imag": -410681535934882.9
      },
      {
        "real": 2798464152433621.5,
        "imag": 2.1096835486912752e+17
      }
    ],
    [
      {
        "real": -1050020027689651.2,
        "imag": -6087288408595395.0
      },
      {
        "real": 3984533660425787.5,
        "imag": 1288572272624083.8
      }
    ]
  ]
}