{
  "attrs": {},
  "name": "SCP_M3",
  "frequency_range": null,
  "allow_gain": false,
  "nonlinear_spec": null,
  "modulation_spec": null,
  "viz_spec": null,
  "heat_spec": null,
  "type": "PoleResidue",
  "eps_inf": 0.5468253546885832,
  "poles": [
    [
      {
        "real": -216407594892.79443,
        "imag": -91258895475174.02
      },
      {
        "real": 1.3065975592993712e+16,
        "imag": 8.961173300704244e+17
      }
    ],
    [
      {
        "real": -1064155152777460.8,
        "imag": -835273791927331.0
      },
      {
        "real": -8861646774507592.0,
        "imag": -9526014474816030.0
      }
    ],
    [
      {
        "real": -1241859323731556.2,
        "imag": -6241007321346309.0
      },
      {
        "real": 5687136557302686.0,
        "imag": 1599517028484571.5
      }
    ]
  ]
}