{
  "attrs": {},
  "name": "CP_M1",
  "frequency_range": null,
  "allow_gain": false,
  "nonlinear_spec": null,
  "modulation_spec": null,
  "viz_spec": null,
  "heat_spec": null,
  "type": "PoleResidue",
  "eps_inf": 5.630642823653888,
  "poles": [
    [
      {
        "real": -29433845507627.855,
        "imag": -410681535934882.9
      },
      {
        "real": 2218229877599332.0,
        "imag": 2.4206687352532352e+17
      }
    ]
  ]
}