{
  "attrs": {},
  "name": "SCP_M3",
  "frequency_range": null,
  "allow_gain": false,
  "nonlinear_spec": null,
  "modulation_spec": null,
  "viz_spec": null,
  "heat_spec": null,
  "type": "PoleResidue",
  "eps_inf": 0.8534230967470283,
  "poles": [
    [
      {
        "real": -45600601261.24815,
        "imag": -329763495125249.94
      },
      {
        "real": -746237113653391.2,
        "imag": 2.9391363141915795e+17
      }
    ],
    [
      {
        "real": -72573404087901.0,
        "imag": -807400382925620.1
      },
      {
        "real": 3755337186287880.5,
        "imag": -1.0433790822010604e+16
      }
    ],
    [
      {
        "real": -1204603100031645.2,
        "imag": -6303179567673759.0
      },
      {
        "real": 5256494343227108.0,
        "imag": 2215510915705874.2
      }
    ]
  ]
}