{
  "attrs": {},
  "name": "SCP_M2",
  "frequency_range": null,
  "allow_gain": false,
  "nonlinear_spec": null,
  "modulation_spec": null,
  "viz_spec": null,
  "heat_spec": null,
  "type": "PoleResidue",
  "eps_inf": 1.006454936325172,
  "poles": [
    [
      {
        "real": -1582352899563.019,
        "imag": -165376766249871.56
      },
      {
        "real": 3084052571375464.0,
        "imag": 5.368439376384364e+17
      }
    ],
    [
      {
        "real": -1163197333139858.5,
        "imag": -6287633712776314.0
      },
      {
        "real": 4947621968052976.0,
        "imag": 2103262447200040.2
      }
    ]
  ]
}