{
  "attrs": {},
  "name": "RP_M3",
  "frequency_range": null,
  "allow_gain": false,
  "nonlinear_spec": null,
  "modulation_spec": null,
  "viz_spec": null,
  "heat_spec": null,
  "type": "PoleResidue",
  "eps_inf": 0.26624167147171884,
  "poles": [
    [
      {
        "real": -2041707237277182.5,
        "imag": 1112738564257927.0
      },
      {
        "real": 5613254822666360.0,
        "imag": -7629974901844517.0
      }
    ],
    [
      {
        "real": -60118272214842.95,
        "imag": -505827996646606.44
      },
      {
        "real": -3661481756460063.0,
        "imag": 1.7360571015361754e+17
      }
    ],
    [
      {
        "real": -1005683825267519.4,
        "imag": -5823415633455297.0
      },
      {
        "real": 4133134582352949.5,
        "imag": 1101667353404436.2
      }
    ]
  ]
}