{
  "attrs": {},
  "name": "SCP_M2",
  "frequency_range": null,
  "allow_gain": false,
  "nonlinear_spec": null,
  "modulation_spec": null,
  "viz_spec": null,
  "heat_spec": null,
  "type": "PoleResidue",
  "eps_inf": 1.0063457452873183,
  "poles": [
    [
      {
        "real": -1582814522543.5725,
        "imag": -165405534420795.5
      },
      {
        "real": 3084040193813620.0,
        "imag": 5.3674857281718035e+17
      }
    ],
    [
      {
        "real": -1163218688353674.5,
        "imag": -6287655517173773.0
      },
      {
        "real": 4947794590037861.0,
        "imag": 2103381319319775.8
      }
    ]
  ]
}