{
  "attrs": {},
  "name": "CP_M1",
  "frequency_range": null,
  "allow_gain": false,
  "nonlinear_spec": null,
  "modulation_spec": null,
  "viz_spec": null,
  "heat_spec": null,
  "type": "PoleResidue",
  "eps_inf": 5.367914424122507,
  "poles": [
    [
      {
        "real": -283597029947549.25,
        "imag": -202532450030394.1
      },
      {
        "real": 8632946782552976.0,
        "imag": 1.7450603729929688e+16
      }
    ]
  ]
}