{
  "attrs": {},
  "name": "SCP_M2",
  "frequency_range": null,
  "allow_gain": false,
  "nonlinear_spec": null,
  "modulation_spec": null,
  "viz_spec": null,
  "heat_spec": null,
  "type": "PoleResidue",
  "eps_inf": 2.2624905419422774,
  "poles": [
    [
      {
        "real": -876167585496959.8,
        "imag": -6102604716490390.0
      },
      {
        "real": 4340355980547873.0,
        "imag": -494812211978123.6
      }
    ],
    [
      {
        "real": -1765640909696873.5,
        "imag": -7454605382272958.0
      },
      {
        "real": -2153058268308338.8,
        "imag": 1.0579962292795404e+16
      }
    ]
  ]
}