{
  "attrs": {},
  "name": "SCP_M1",
  "frequency_range": null,
  "allow_gain": false,
  "nonlinear_spec": null,
  "modulation_spec": null,
  "viz_spec": null,
  "heat_spec": null,
  "type": "PoleResidue",
  "eps_inf": 1.7953016389771792,
  "poles": [
    [
      {
        "real": -670859350225854.8,
        "imag": -7283037301684767.0
      },
      {
        "real": 1793434851999323.0,
        "imag": 1.0586531103685708e+16
      }
    ]
  ]
}