{
  "attrs": {},
  "name": "CP_M3",
  "frequency_range": null,
  "allow_gain": false,
  "nonlinear_spec": null,
  "modulation_spec": null,
  "viz_spec": null,
  "heat_spec": null,
  "type": "PoleResidue",
  "eps_inf": 1.8556675810561878,
  "poles": [
    [
      {
        "real": -704095798195533.5,
        "imag": -5458031815871929.0
      },
      {
        "real": -106784671387658.06,
        "imag": -632578818860503.4
      }
    ],
    [
      {
        "real": -891527797486693.1,
        "imag": -6369491660443680.0
      },
      {
        "real": 3647723656924703.5,
        "imag": 3804377091676712.0
      }
    ],
    [
      {
        "real": -1631220356083591.0,
        "imag": -9966933798341664.0
      },
      {
        "real": -3206192859515803.5,
        "imag": 1.0165179714584636e+16
      }
    ]
  ]
}