{
  "attrs": {},
  "name": "CP_M2",
  "frequency_range": null,
  "allow_gain": false,
  "nonlinear_spec": null,
  "modulation_spec": null,
  "viz_spec": null,
  "heat_spec": null,
  "type": "PoleResidue",
  "eps_inf": 1.9896675200412195,
  "poles": [
    [
      {
        "real": -926202676081363.1,
        "imag": -6015604453688719.0
      },
      {
        "real": 3885658329528822.0,
        "imag": -1313525400761048.8
      }
    ],
    [
      {
        "real": -1803334753218716.0,
        "imag": -7453474854394919.0
      },
      {
        "real": -970967859649149.4,
        "imag": 1.2411214621097976e+16
      }
    ]
  ]
}