{
    "attrs": {},
    "name": "CP_selected_M2",
    "frequency_range": null,
    "allow_gain": false,
    "nonlinear_spec": null,
    "modulation_spec": null,
    "viz_spec": null,
    "heat_spec": null,
    "type": "PoleResidue",
    "eps_inf": 1.990780994938056,
    "poles": [
        [
            {
                "real": -926008862696229.0,
                "imag": -6015397330846802.0
            },
            {
                "real": 3882504405982307.0,
                "imag": -1314453807119419.2
            }
        ],
        [
            {
                "real": -1801921987175300.2,
                "imag": -7452825882411621.0
            },
            {
                "real": -970373076260206.4,
                "imag": 1.2406596124509884e+16
            }
        ]
    ]
}