{
  "attrs": {},
  "name": "SCP_M3",
  "frequency_range": null,
  "allow_gain": false,
  "nonlinear_spec": null,
  "modulation_spec": null,
  "viz_spec": null,
  "heat_spec": null,
  "type": "PoleResidue",
  "eps_inf": 1.8639075044999827,
  "poles": [
    [
      {
        "real": -569699663259023.8,
        "imag": -5363857804892404.0
      },
      {
        "real": -30919892361193.258,
        "imag": -321389774278575.5
      }
    ],
    [
      {
        "real": -781475838920040.2,
        "imag": -6348174854188547.0
      },
      {
        "real": 3102231901368504.5,
        "imag": 3150560760304657.5
      }
    ],
    [
      {
        "real": -1371245610768886.2,
        "imag": -9783762342249596.0
      },
      {
        "real": -2773292410606972.0,
        "imag": 1.0340077976994132e+16
      }
    ]
  ],
  "model_family": "SCP",
  "order_N": 3
}