{
  "attrs": {},
  "name": "SCP_M1",
  "frequency_range": null,
  "allow_gain": false,
  "nonlinear_spec": null,
  "modulation_spec": null,
  "viz_spec": null,
  "heat_spec": null,
  "type": "PoleResidue",
  "eps_inf": 2.4024441985134963,
  "poles": [
    [
      {
        "real": -2258959435975058.5,
        "imag": -5126250793108874.0
      },
      {
        "real": 134875869648502.92,
        "imag": 1.4275950631592746e+16
      }
    ]
  ]
}