{
  "attrs": {},
  "name": "CP_M1",
  "frequency_range": null,
  "allow_gain": false,
  "nonlinear_spec": null,
  "modulation_spec": null,
  "viz_spec": null,
  "heat_spec": null,
  "type": "PoleResidue",
  "eps_inf": 1.6087295947335085,
  "poles": [
    [
      {
        "real": -2664377535468780.0,
        "imag": -4953615358735340.0
      },
      {
        "real": 2448028821664162.0,
        "imag": 1.5835599252534882e+16
      }
    ]
  ]
}