{
  "attrs": {},
  "name": "CP_M1",
  "frequency_range": null,
  "allow_gain": false,
  "nonlinear_spec": null,
  "modulation_spec": null,
  "viz_spec": null,
  "heat_spec": null,
  "type": "PoleResidue",
  "eps_inf": 1.7610312269377146,
  "poles": [
    [
      {
        "real": -2490453359250330.0,
        "imag": -4917044654921437.0
      },
      {
        "real": 2158020995799298.5,
        "imag": 1.4880289382020918e+16
      }
    ]
  ],
  "model_family": "CP",
  "order_N": 1
}