{
  "attrs": {},
  "name": "CP_M1",
  "frequency_range": null,
  "allow_gain": false,
  "nonlinear_spec": null,
  "modulation_spec": null,
  "viz_spec": null,
  "heat_spec": null,
  "type": "PoleResidue",
  "eps_inf": 0.5093334090076675,
  "poles": [
    [
      {
        "real": -3101778127244851.5,
        "imag": -4495035275899694.0
      },
      {
        "real": 8298541790710897.0,
        "imag": 1.5649261466261064e+16
      }
    ]
  ]
}