{
  "attrs": {},
  "name": "CP_M2",
  "frequency_range": null,
  "allow_gain": false,
  "nonlinear_spec": null,
  "modulation_spec": null,
  "viz_spec": null,
  "heat_spec": null,
  "type": "PoleResidue",
  "eps_inf": 0.9633068231789425,
  "poles": [
    [
      {
        "real": -319675500372352.25,
        "imag": -135720169558056.6
      },
      {
        "real": 4266417203300691.5,
        "imag": 8.662903710755861e+16
      }
    ],
    [
      {
        "real": -3750529965116437.5,
        "imag": -710843558062726.1
      },
      {
        "real": 6076877942944522.0,
        "imag": 1.2862606595258544e+17
      }
    ]
  ],
  "model_family": "CP",
  "order_N": 2
}