{
  "attrs": {},
  "name": "SCP_M3",
  "frequency_range": null,
  "allow_gain": false,
  "nonlinear_spec": null,
  "modulation_spec": null,
  "viz_spec": null,
  "heat_spec": null,
  "type": "PoleResidue",
  "eps_inf": 0.711480492102261,
  "poles": [
    [
      {
        "real": -56785114970929.99,
        "imag": -85622683756509.19
      },
      {
        "real": 1.2342667283367898e+16,
        "imag": 8234194020523730.0
      }
    ],
    [
      {
        "real": -606072583231193.4,
        "imag": -1668189600569211.2
      },
      {
        "real": -363502800834250.2,
        "imag": 779332367994191.5
      }
    ],
    [
      {
        "real": -2060721999341105.5,
        "imag": -3361634239040563.0
      },
      {
        "real": 1311263041636371.0,
        "imag": 9658565906110742.0
      }
    ]
  ]
}