{
  "attrs": {},
  "name": "CP_M3",
  "frequency_range": null,
  "allow_gain": false,
  "nonlinear_spec": null,
  "modulation_spec": null,
  "viz_spec": null,
  "heat_spec": null,
  "type": "PoleResidue",
  "eps_inf": 0.8233951703442511,
  "poles": [
    [
      {
        "real": -74218678296489.17,
        "imag": -85622679776929.1
      },
      {
        "real": 1.0768826323067958e+16,
        "imag": 2.489579112985181e+16
      }
    ],
    [
      {
        "real": -750586600565668.9,
        "imag": -1668981146269068.5
      },
      {
        "real": -1253991022076088.8,
        "imag": 1790946811584632.5
      }
    ],
    [
      {
        "real": -2204825082000998.0,
        "imag": -3102240839702640.0
      },
      {
        "real": 3035798443632797.0,
        "imag": 1.3056794027298912e+16
      }
    ]
  ],
  "model_family": "CP",
  "order_N": 3
}