{
  "attrs": {},
  "name": "SCP_M2",
  "frequency_range": null,
  "allow_gain": false,
  "nonlinear_spec": null,
  "modulation_spec": null,
  "viz_spec": null,
  "heat_spec": null,
  "type": "PoleResidue",
  "eps_inf": 0.4685031018318523,
  "poles": [
    [
      {
        "real": -431678745313768.9,
        "imag": -85622679776929.34
      },
      {
        "real": 1.324993797737498e+16,
        "imag": 6.55609498106754e+16
      }
    ],
    [
      {
        "real": -1818215400332970.8,
        "imag": -3494510420315143.5
      },
      {
        "real": 1139568626711396.5,
        "imag": 6918088642434922.0
      }
    ]
  ]
}