{
  "attrs": {},
  "name": "RP_M3",
  "frequency_range": null,
  "allow_gain": false,
  "nonlinear_spec": null,
  "modulation_spec": null,
  "viz_spec": null,
  "heat_spec": null,
  "type": "PoleResidue",
  "eps_inf": 0.6316066948706814,
  "poles": [
    [
      {
        "real": -2002502251107888.0,
        "imag": 3435694862986462.5
      },
      {
        "real": 933933022136908.9,
        "imag": -8606287025366228.0
      }
    ],
    [
      {
        "real": -458403563932967.3,
        "imag": 1734555811863071.8
      },
      {
        "real": -170243127827596.62,
        "imag": -358842042716880.25
      }
    ],
    [
      {
        "real": -38483453121074.93,
        "imag": -0.03106382881037321
      },
      {
        "real": 1.2933882832038638e+16,
        "imag": 0.0
      }
    ]
  ],
  "model_family": "RP",
  "order_N": 3
}