{
  "attrs": {},
  "name": "CP_M1",
  "frequency_range": null,
  "allow_gain": false,
  "nonlinear_spec": null,
  "modulation_spec": null,
  "viz_spec": null,
  "heat_spec": null,
  "type": "PoleResidue",
  "eps_inf": 5.571363299241029,
  "poles": [
    [
      {
        "real": -38434625384709.1,
        "imag": -662910657250415.2
      },
      {
        "real": 1049319456342133.5,
        "imag": 1.467795350813322e+17
      }
    ]
  ]
}