{
  "attrs": {},
  "name": "CP_M3",
  "frequency_range": null,
  "allow_gain": false,
  "nonlinear_spec": null,
  "modulation_spec": null,
  "viz_spec": null,
  "heat_spec": null,
  "type": "PoleResidue",
  "eps_inf": 3.3818203300793934,
  "poles": [
    [
      {
        "real": -797686093580268.2,
        "imag": -292684988761961.8
      },
      {
        "real": 3.484035640740792e+17,
        "imag": 4.4163894420704186e+17
      }
    ],
    [
      {
        "real": -289656498553510.8,
        "imag": -543386840928537.56
      },
      {
        "real": -3.4802800140944525e+17,
        "imag": 2.6871512408456934e+17
      }
    ],
    [
      {
        "real": -462733870710708.56,
        "imag": -6295203842737014.0
      },
      {
        "real": 979722488976136.5,
        "imag": 1166942545929619.8
      }
    ]
  ]
}