{
  "attrs": {},
  "name": "SCP_M1",
  "frequency_range": null,
  "allow_gain": false,
  "nonlinear_spec": null,
  "modulation_spec": null,
  "viz_spec": null,
  "heat_spec": null,
  "type": "PoleResidue",
  "eps_inf": 6.165489201532479,
  "poles": [
    [
      {
        "real": -6283186647.591145,
        "imag": -85622679777512.84
      },
      {
        "real": 1405973707056519.0,
        "imag": 1.2592362076551657e+18
      }
    ]
  ]
}