{
  "attrs": {},
  "name": "CP_M1",
  "frequency_range": null,
  "allow_gain": false,
  "nonlinear_spec": null,
  "modulation_spec": null,
  "viz_spec": null,
  "heat_spec": null,
  "type": "PoleResidue",
  "eps_inf": 5.483528553095681,
  "poles": [
    [
      {
        "real": -22966002108664.574,
        "imag": -709884338514711.1
      },
      {
        "real": 1176972097486339.8,
        "imag": 1.348546078516945e+17
      }
    ]
  ]
}