{
  "attrs": {},
  "name": "CP_M2",
  "frequency_range": null,
  "allow_gain": false,
  "nonlinear_spec": null,
  "modulation_spec": null,
  "viz_spec": null,
  "heat_spec": null,
  "type": "PoleResidue",
  "eps_inf": 2.908650107626427,
  "poles": [
    [
      {
        "real": -63788193928270.09,
        "imag": -758500553677166.4
      },
      {
        "real": 180537364669729.7,
        "imag": 1.1308302528717928e+17
      }
    ],
    [
      {
        "real": -351767213628427.8,
        "imag": -6283421092605334.0
      },
      {
        "real": 603713041125308.4,
        "imag": 1111663102932224.9
      }
    ]
  ]
}