{
  "attrs": {},
  "name": "SCP_M2",
  "frequency_range": null,
  "allow_gain": false,
  "nonlinear_spec": null,
  "modulation_spec": null,
  "viz_spec": null,
  "heat_spec": null,
  "type": "PoleResidue",
  "eps_inf": 3.4019278225112517,
  "poles": [
    [
      {
        "real": -6283185307.179587,
        "imag": -98787080422497.27
      },
      {
        "real": 1090023018159976.9,
        "imag": 9.87870804224893e+17
      }
    ],
    [
      {
        "real": -473142067046019.94,
        "imag": -6356898328366291.0
      },
      {
        "real": 996847908408512.4,
        "imag": 1297933517124130.2
      }
    ]
  ]
}