{
  "attrs": {},
  "name": "SCP_M3",
  "frequency_range": null,
  "allow_gain": false,
  "nonlinear_spec": null,
  "modulation_spec": null,
  "viz_spec": null,
  "heat_spec": null,
  "type": "PoleResidue",
  "eps_inf": 0.6515548413202307,
  "poles": [
    [
      {
        "real": -198418493615.01114,
        "imag": -97908659114942.08
      },
      {
        "real": 592676365717769.0,
        "imag": 9.776167291445582e+17
      }
    ],
    [
      {
        "real": -322313786746838.94,
        "imag": -6186956189477501.0
      },
      {
        "real": 391722121044880.2,
        "imag": 474188444133363.56
      }
    ],
    [
      {
        "real": -833382545262376.8,
        "imag": -9344492424539594.0
      },
      {
        "real": 1695385827284701.2,
        "imag": 1.0909283842076714e+16
      }
    ]
  ]
}