{
  "attrs": {},
  "name": "CP_M3",
  "frequency_range": null,
  "allow_gain": false,
  "nonlinear_spec": null,
  "modulation_spec": null,
  "viz_spec": null,
  "heat_spec": null,
  "type": "PoleResidue",
  "eps_inf": 3.7918745592932703,
  "poles": [
    [
      {
        "real": -176525966762016.25,
        "imag": -521245960194527.8
      },
      {
        "real": -7.721980574073125e+16,
        "imag": 2.84791444579018e+17
      }
    ],
    [
      {
        "real": -1014986003460539.9,
        "imag": -768684919802171.0
      },
      {
        "real": 7.693764717586531e+16,
        "imag": 2.2761557729691924e+16
      }
    ],
    [
      {
        "real": -371026671096384.56,
        "imag": -6295937970707277.0
      },
      {
        "real": 607544158392611.0,
        "imag": 1082417872675170.2
      }
    ]
  ]
}