{
  "attrs": {},
  "name": "CP_M2",
  "frequency_range": null,
  "allow_gain": false,
  "nonlinear_spec": null,
  "modulation_spec": null,
  "viz_spec": null,
  "heat_spec": null,
  "type": "PoleResidue",
  "eps_inf": 0.7764054618048999,
  "poles": [
    [
      {
        "real": -22615297543718.344,
        "imag": -742817099636931.2
      },
      {
        "real": 818409387818604.8,
        "imag": 1.1049582257812176e+17
      }
    ],
    [
      {
        "real": -767709313724910.5,
        "imag": -6709191901709412.0
      },
      {
        "real": 2851668460485903.5,
        "imag": 3538679548902675.0
      }
    ]
  ]
}