{
  "attrs": {},
  "name": "RP_M3",
  "frequency_range": null,
  "allow_gain": false,
  "nonlinear_spec": null,
  "modulation_spec": null,
  "viz_spec": null,
  "heat_spec": null,
  "type": "PoleResidue",
  "eps_inf": 1.6825332033769231,
  "poles": [
    [
      {
        "real": -6184707977660.265,
        "imag": -939487588309129.6
      },
      {
        "real": -2781879480929631.0,
        "imag": 9.270359767241517e+16
      }
    ],
    [
      {
        "real": -89571469500679.94,
        "imag": -1497214930260377.0
      },
      {
        "real": 2724184625742538.0,
        "imag": -4788514518835012.0
      }
    ],
    [
      {
        "real": -212365638480831.12,
        "imag": -6199271896304768.0
      },
      {
        "real": 227572837317521.0,
        "imag": 910259403634100.4
      }
    ]
  ]
}