{
  "attrs": {},
  "name": "RP_M2",
  "frequency_range": null,
  "allow_gain": false,
  "nonlinear_spec": null,
  "modulation_spec": null,
  "viz_spec": null,
  "heat_spec": null,
  "type": "PoleResidue",
  "eps_inf": 0.6448103233834022,
  "poles": [
    [
      {
        "real": -8746184382371.48,
        "imag": -794531994051222.4
      },
      {
        "real": 265232434097819.3,
        "imag": 9.561890538336774e+16
      }
    ],
    [
      {
        "real": -182236693387296.97,
        "imag": -6193409244319094.0
      },
      {
        "real": 332588172967804.56,
        "imag": 961793873059424.2
      }
    ]
  ]
}