{
  "attrs": {},
  "name": "RP_M3",
  "frequency_range": null,
  "allow_gain": false,
  "nonlinear_spec": null,
  "modulation_spec": null,
  "viz_spec": null,
  "heat_spec": null,
  "type": "PoleResidue",
  "eps_inf": 1.2159109052048467,
  "poles": [
    [
      {
        "real": -620322282200976.6,
        "imag": 6304512139870440.0
      },
      {
        "real": 2151103105062193.5,
        "imag": -1993818257434807.8
      }
    ],
    [
      {
        "real": -148089697834820.16,
        "imag": 455951845281237.5
      },
      {
        "real": -1.4972448388239024e+17,
        "imag": -1.8776887173357504e+17
      }
    ],
    [
      {
        "real": -143219177565671.88,
        "imag": 0.004359835622510539
      },
      {
        "real": 1.5136684958384934e+17,
        "imag": 0.0
      }
    ]
  ],
  "model_family": "RP",
  "order_N": 3
}