{
  "attrs": {},
  "name": "SCP_M3",
  "frequency_range": null,
  "allow_gain": false,
  "nonlinear_spec": null,
  "modulation_spec": null,
  "viz_spec": null,
  "heat_spec": null,
  "type": "PoleResidue",
  "eps_inf": 0.2857554290563255,
  "poles": [
    [
      {
        "real": -6283906100.497593,
        "imag": -131678615269678.69
      },
      {
        "real": 781662391259235.2,
        "imag": 7.244671860832365e+17
      }
    ],
    [
      {
        "real": -2171360839070042.2,
        "imag": -8869507263373732.0
      },
      {
        "real": 7267930090729496.0,
        "imag": 1.0711919162703208e+16
      }
    ],
    [
      {
        "real": -322412681992473.6,
        "imag": -6137777840300941.0
      },
      {
        "real": 424859441133501.06,
        "imag": 305071038548260.4
      }
    ]
  ]
}