{
  "attrs": {},
  "name": "CP_M2",
  "frequency_range": null,
  "allow_gain": false,
  "nonlinear_spec": null,
  "modulation_spec": null,
  "viz_spec": null,
  "heat_spec": null,
  "type": "PoleResidue",
  "eps_inf": 2.0612565179213918,
  "poles": [
    [
      {
        "real": -249556002672707.5,
        "imag": -5117219060575369.0
      },
      {
        "real": 5328094913079174.0,
        "imag": 5901377692561415.0
      }
    ],
    [
      {
        "real": -608820532425059.1,
        "imag": -6556520427740627.0
      },
      {
        "real": -5041276341042381.0,
        "imag": 2.5186726504933916e+16
      }
    ]
  ]
}