{
  "attrs": {},
  "name": "SCP_M3",
  "frequency_range": null,
  "allow_gain": false,
  "nonlinear_spec": null,
  "modulation_spec": null,
  "viz_spec": null,
  "heat_spec": null,
  "type": "PoleResidue",
  "eps_inf": 0.4856253868434661,
  "poles": [
    [
      {
        "real": -227663682626537.12,
        "imag": -5083551647900687.0
      },
      {
        "real": 4290670280812449.5,
        "imag": 4131937037455296.0
      }
    ],
    [
      {
        "real": -1106036111455208.2,
        "imag": -6310970518796852.0
      },
      {
        "real": 1.2184171755515322e+16,
        "imag": 4.463917923498397e+16
      }
    ],
    [
      {
        "real": -1963829680076592.5,
        "imag": -6581000877179335.0
      },
      {
        "real": -1.2324205578694226e+16,
        "imag": -1.396975629297853e+16
      }
    ]
  ]
}