{
  "attrs": {},
  "name": "CP_M1",
  "frequency_range": null,
  "allow_gain": false,
  "nonlinear_spec": null,
  "modulation_spec": null,
  "viz_spec": null,
  "heat_spec": null,
  "type": "PoleResidue",
  "eps_inf": 0.7669719575040016,
  "poles": [
    [
      {
        "real": -899873917902707.1,
        "imag": -5664537557980768.0
      },
      {
        "real": 1.0391160875248314e+16,
        "imag": 3.3850091011177332e+16
      }
    ]
  ]
}