{
  "attrs": {},
  "name": "RP_M3",
  "frequency_range": null,
  "allow_gain": false,
  "nonlinear_spec": null,
  "modulation_spec": null,
  "viz_spec": null,
  "heat_spec": null,
  "type": "PoleResidue",
  "eps_inf": 0.9029955342072851,
  "poles": [
    [
      {
        "real": -450766554475551.7,
        "imag": -4836383829875426.0
      },
      {
        "real": 6170318069900717.0,
        "imag": 4530780418318293.0
      }
    ],
    [
      {
        "real": -1216107867594456.2,
        "imag": -6046526314929853.0
      },
      {
        "real": -491165844177433.3,
        "imag": 2.522357578230672e+16
      }
    ],
    [
      {
        "real": -423758625712943.3,
        "imag": -6247311449272184.0
      },
      {
        "real": -743999887051749.1,
        "imag": 5960258818016423.0
      }
    ]
  ]
}