{
  "attrs": {},
  "name": "RP_M3",
  "frequency_range": null,
  "allow_gain": false,
  "nonlinear_spec": null,
  "modulation_spec": null,
  "viz_spec": null,
  "heat_spec": null,
  "type": "PoleResidue",
  "eps_inf": 1.067424299794618,
  "poles": [
    [
      {
        "real": -995680624114070.1,
        "imag": 6229689205588134.0
      },
      {
        "real": -2052517763137555.8,
        "imag": -2.9191275192529108e+16
      }
    ],
    [
      {
        "real": -229689929289376.3,
        "imag": 6221184016711828.0
      },
      {
        "real": -483946297333867.6,
        "imag": -1148144608295786.8
      }
    ],
    [
      {
        "real": -447896657386727.8,
        "imag": 4861708800762195.0
      },
      {
        "real": 5840936783716936.0,
        "imag": -5299844032469775.0
      }
    ]
  ],
  "model_family": "RP",
  "order_N": 3
}