{
  "attrs": {},
  "name": "SCP_M2",
  "frequency_range": null,
  "allow_gain": false,
  "nonlinear_spec": null,
  "modulation_spec": null,
  "viz_spec": null,
  "heat_spec": null,
  "type": "PoleResidue",
  "eps_inf": 2.105734706851878,
  "poles": [
    [
      {
        "real": -458622091294645.1,
        "imag": -4872427846676679.0
      },
      {
        "real": 6068622790575008.0,
        "imag": 5866766932837648.0
      }
    ],
    [
      {
        "real": -806914658147550.6,
        "imag": -6309349937428810.0
      },
      {
        "real": -5942108758345166.0,
        "imag": 2.7320920272568464e+16
      }
    ]
  ],
  "model_family": "SCP",
  "order_N": 2
}