{
  "attrs": {},
  "name": "SCP_M3",
  "frequency_range": null,
  "allow_gain": false,
  "nonlinear_spec": null,
  "modulation_spec": null,
  "viz_spec": null,
  "heat_spec": null,
  "type": "PoleResidue",
  "eps_inf": 1.2534562539462404,
  "poles": [
    [
      {
        "real": -745427790143442.6,
        "imag": -1339374322195885.0
      },
      {
        "real": -86142347330609.17,
        "imag": 54907078656417.89
      }
    ],
    [
      {
        "real": -1086454169574703.8,
        "imag": -2421215821749577.0
      },
      {
        "real": -7033886859056.989,
        "imag": 98740460531323.8
      }
    ],
    [
      {
        "real": -2747627889073230.0,
        "imag": -9235009133840942.0
      },
      {
        "real": 9397570503593558.0,
        "imag": 1.2464182306137776e+16
      }
    ]
  ]
}