{
  "attrs": {},
  "name": "SCP_M3",
  "frequency_range": null,
  "allow_gain": false,
  "nonlinear_spec": null,
  "modulation_spec": null,
  "viz_spec": null,
  "heat_spec": null,
  "type": "PoleResidue",
  "eps_inf": 0.9856665262320179,
  "poles": [
    [
      {
        "real": -4891877051378963.0,
        "imag": -4758774653423637.0
      },
      {
        "real": -7818319713154827.0,
        "imag": 7614857571738272.0
      }
    ],
    [
      {
        "real": -4187430911314450.0,
        "imag": -6288537328470876.0
      },
      {
        "real": 1.7273316334819344e+16,
        "imag": -1836952196017394.0
      }
    ],
    [
      {
        "real": -152467425027484.22,
        "imag": -9844717738086350.0
      },
      {
        "real": 1180201975804656.8,
        "imag": 6096741300966550.0
      }
    ]
  ]
}