{
  "attrs": {},
  "name": "CP_M3",
  "frequency_range": null,
  "allow_gain": false,
  "nonlinear_spec": null,
  "modulation_spec": null,
  "viz_spec": null,
  "heat_spec": null,
  "type": "PoleResidue",
  "eps_inf": 0.9464728785053638,
  "poles": [
    [
      {
        "real": -4893128704591642.0,
        "imag": -4753043834535645.0
      },
      {
        "real": -7800896812653888.0,
        "imag": 7735268911525701.0
      }
    ],
    [
      {
        "real": -4182712362913579.0,
        "imag": -6286580966048484.0
      },
      {
        "real": 1.7382750618157584e+16,
        "imag": -1836486274124361.2
      }
    ],
    [
      {
        "real": -152049549380839.72,
        "imag": -9836771850078848.0
      },
      {
        "real": 1310684173285333.5,
        "imag": 6074672010308864.0
      }
    ]
  ]
}