{
  "attrs": {},
  "name": "SCP_M3",
  "frequency_range": null,
  "allow_gain": false,
  "nonlinear_spec": null,
  "modulation_spec": null,
  "viz_spec": null,
  "heat_spec": null,
  "type": "PoleResidue",
  "eps_inf": 0.7192072909657087,
  "poles": [
    [
      {
        "real": -1537189400526013.0,
        "imag": -846989002717699.1
      },
      {
        "real": 145342881411887.75,
        "imag": 91344158597159.97
      }
    ],
    [
      {
        "real": -498943855655758.6,
        "imag": -2270741096244128.5
      },
      {
        "real": 11580320259600.78,
        "imag": -2645099497398.07
      }
    ],
    [
      {
        "real": -3422442015789486.5,
        "imag": -9125845743443462.0
      },
      {
        "real": 1.440154789915523e+16,
        "imag": 1.232882667260281e+16
      }
    ]
  ],
  "model_family": "SCP",
  "order_N": 3
}