{
  "attrs": {},
  "name": "SCP_M1",
  "frequency_range": null,
  "allow_gain": false,
  "nonlinear_spec": null,
  "modulation_spec": null,
  "viz_spec": null,
  "heat_spec": null,
  "type": "PoleResidue",
  "eps_inf": 2.3304013652251516,
  "poles": [
    [
      {
        "real": -637746889102349.8,
        "imag": -6504474508841745.0
      },
      {
        "real": 3873413169787507.0,
        "imag": 1.910035200507407e+16
      }
    ]
  ]
}