{
  "attrs": {},
  "name": "CP_M3",
  "frequency_range": null,
  "allow_gain": false,
  "nonlinear_spec": null,
  "modulation_spec": null,
  "viz_spec": null,
  "heat_spec": null,
  "type": "PoleResidue",
  "eps_inf": 0.5938916879565568,
  "poles": [
    [
      {
        "real": -2761516507018226.0,
        "imag": -1509944927192579.0
      },
      {
        "real": 251501036935022.25,
        "imag": 813944875213582.6
      }
    ],
    [
      {
        "real": -184040712151274.03,
        "imag": -6236001230029836.0
      },
      {
        "real": -2985121157397002.5,
        "imag": 1663709360354693.8
      }
    ],
    [
      {
        "real": -636691423630323.0,
        "imag": -6838005709988973.0
      },
      {
        "real": 1.0769686579468992e+16,
        "imag": 2.236078847129907e+16
      }
    ]
  ]
}