{
  "attrs": {},
  "name": "SCP_M3",
  "frequency_range": null,
  "allow_gain": false,
  "nonlinear_spec": null,
  "modulation_spec": null,
  "viz_spec": null,
  "heat_spec": null,
  "type": "PoleResidue",
  "eps_inf": 1.3892258248910647,
  "poles": [
    [
      {
        "real": -200318554545571.56,
        "imag": -5908970526602889.0
      },
      {
        "real": -164151597272154.66,
        "imag": 1845190750703095.2
      }
    ],
    [
      {
        "real": -185433695740851.75,
        "imag": -6198905072166373.0
      },
      {
        "real": -12715007607914.467,
        "imag": 2804105304474482.0
      }
    ],
    [
      {
        "real": -367620240406233.0,
        "imag": -7259512451133193.0
      },
      {
        "real": 2423937331530685.0,
        "imag": 1.920354362869999e+16
      }
    ]
  ]
}