{
  "attrs": {},
  "name": "CP_M1",
  "frequency_range": null,
  "allow_gain": false,
  "nonlinear_spec": null,
  "modulation_spec": null,
  "viz_spec": null,
  "heat_spec": null,
  "type": "PoleResidue",
  "eps_inf": 0.5887017803921264,
  "poles": [
    [
      {
        "real": -636691423630323.0,
        "imag": -6838005709988973.0
      },
      {
        "real": 4829976828794729.0,
        "imag": 2.5399095108702156e+16
      }
    ]
  ]
}