{
  "attrs": {},
  "name": "SCP_M2",
  "frequency_range": null,
  "allow_gain": false,
  "nonlinear_spec": null,
  "modulation_spec": null,
  "viz_spec": null,
  "heat_spec": null,
  "type": "PoleResidue",
  "eps_inf": 2.7610961814222597,
  "poles": [
    [
      {
        "real": -190888535054565.3,
        "imag": -6278898655609460.0
      },
      {
        "real": -3509280665654942.0,
        "imag": 2451955837562315.0
      }
    ],
    [
      {
        "real": -369601648880352.44,
        "imag": -6745651526981180.0
      },
      {
        "real": 6030038442749987.0,
        "imag": 1.6481871510207426e+16
      }
    ]
  ]
}