{
  "attrs": {},
  "name": "CP_M1",
  "frequency_range": null,
  "allow_gain": false,
  "nonlinear_spec": null,
  "modulation_spec": null,
  "viz_spec": null,
  "heat_spec": null,
  "type": "PoleResidue",
  "eps_inf": 1.047356314052923,
  "poles": [
    [
      {
        "real": -524061947025655.3,
        "imag": -6847486112279777.0
      },
      {
        "real": 2994085836111721.0,
        "imag": 2.426338976335037e+16
      }
    ]
  ]
}