{
  "attrs": {},
  "name": "CP_M1",
  "frequency_range": null,
  "allow_gain": false,
  "nonlinear_spec": null,
  "modulation_spec": null,
  "viz_spec": null,
  "heat_spec": null,
  "type": "PoleResidue",
  "eps_inf": 5.547389584377456,
  "poles": [
    [
      {
        "real": -47213594749936.62,
        "imag": -674364665437636.9
      },
      {
        "real": 609362500151087.1,
        "imag": 1.355599030807253e+17
      }
    ]
  ]
}