{
  "attrs": {},
  "name": "SCP_M3",
  "frequency_range": null,
  "allow_gain": false,
  "nonlinear_spec": null,
  "modulation_spec": null,
  "viz_spec": null,
  "heat_spec": null,
  "type": "PoleResidue",
  "eps_inf": 0.31120254114981477,
  "poles": [
    [
      {
        "real": -6283223839.188834,
        "imag": -93040689015536.61
      },
      {
        "real": 3641057460417276.5,
        "imag": 9.069690029735965e+17
      }
    ],
    [
      {
        "real": -2732262747241707.5,
        "imag": -5516374000395833.0
      },
      {
        "real": 8746014699069468.0,
        "imag": -1363108759742640.5
      }
    ],
    [
      {
        "real": -352847843046830.1,
        "imag": -6085790985199336.0
      },
      {
        "real": 1153245286231764.2,
        "imag": 23893785314942.5
      }
    ]
  ]
}