{
  "attrs": {},
  "name": "CP_M2",
  "frequency_range": null,
  "allow_gain": false,
  "nonlinear_spec": null,
  "modulation_spec": null,
  "viz_spec": null,
  "heat_spec": null,
  "type": "PoleResidue",
  "eps_inf": 4.711832305397364,
  "poles": [
    [
      {
        "real": -36510831771649.39,
        "imag": -808773839562349.2
      },
      {
        "real": 3459178237150988.5,
        "imag": 1.0003988988124302e+17
      }
    ],
    [
      {
        "real": -920744122641202.2,
        "imag": -4626643008293781.0
      },
      {
        "real": -689745849914393.5,
        "imag": -1287363584910739.8
      }
    ]
  ]
}