{
  "attrs": {},
  "name": "CP_M3",
  "frequency_range": null,
  "allow_gain": false,
  "nonlinear_spec": null,
  "modulation_spec": null,
  "viz_spec": null,
  "heat_spec": null,
  "type": "PoleResidue",
  "eps_inf": 2.234053126764557,
  "poles": [
    [
      {
        "real": -134362768344081.88,
        "imag": -841425737109639.2
      },
      {
        "real": -1187847101441192.8,
        "imag": 1.1205714374232285e+17
      }
    ],
    [
      {
        "real": -319248011074717.3,
        "imag": -1545282517054597.5
      },
      {
        "real": 2713404637944023.5,
        "imag": -8018154561184496.0
      }
    ],
    [
      {
        "real": -445115718989810.6,
        "imag": -6147556400673434.0
      },
      {
        "real": 1499915897329796.0,
        "imag": 909014770082909.4
      }
    ]
  ]
}