{
  "attrs": {},
  "name": "RP_M2",
  "frequency_range": null,
  "allow_gain": false,
  "nonlinear_spec": null,
  "modulation_spec": null,
  "viz_spec": null,
  "heat_spec": null,
  "type": "PoleResidue",
  "eps_inf": 0.48689188839388914,
  "poles": [
    [
      {
        "real": -5964524555294.091,
        "imag": -723108434203308.1
      },
      {
        "real": 1976830289249686.5,
        "imag": 9.870233237239464e+16
      }
    ],
    [
      {
        "real": -185311559808797.66,
        "imag": -6108417301106017.0
      },
      {
        "real": 745042058219033.4,
        "imag": 809535358069219.5
      }
    ]
  ]
}