{
  "attrs": {},
  "name": "SCP_M3",
  "frequency_range": null,
  "allow_gain": false,
  "nonlinear_spec": null,
  "modulation_spec": null,
  "viz_spec": null,
  "heat_spec": null,
  "type": "PoleResidue",
  "eps_inf": 4.022455983679759,
  "poles": [
    [
      {
        "real": -43669813207992.49,
        "imag": -246401835561477.7
      },
      {
        "real": 8893939977097927.0,
        "imag": 3.741157433929903e+17
      }
    ],
    [
      {
        "real": -710044717588306.4,
        "imag": -1950766593638756.5
      },
      {
        "real": 8519007874894984.0,
        "imag": -1988587203465598.8
      }
    ],
    [
      {
        "real": -3026488141489739.5,
        "imag": -2418946866430966.5
      },
      {
        "real": -6921268139867150.0,
        "imag": -3.773685578546728e+16
      }
    ]
  ],
  "model_family": "SCP",
  "order_N": 3
}