{
  "attrs": {},
  "name": "CP_M1",
  "frequency_range": null,
  "allow_gain": false,
  "nonlinear_spec": null,
  "modulation_spec": null,
  "viz_spec": null,
  "heat_spec": null,
  "type": "PoleResidue",
  "eps_inf": 2.786807324593298,
  "poles": [
    [
      {
        "real": -243165915801880.56,
        "imag": -528120099756092.6
      },
      {
        "real": 5450747490775685.0,
        "imag": 1.0347074229704118e+17
      }
    ]
  ]
}