{
  "attrs": {},
  "name": "SCP_M2",
  "frequency_range": null,
  "allow_gain": false,
  "nonlinear_spec": null,
  "modulation_spec": null,
  "viz_spec": null,
  "heat_spec": null,
  "type": "PoleResidue",
  "eps_inf": 1.2044819065998396,
  "poles": [
    [
      {
        "real": -334622066911965.06,
        "imag": -85622679777186.05
      },
      {
        "real": 6731300944010103.0,
        "imag": 6.610902082973221e+17
      }
    ],
    [
      {
        "real": -502276303942723.75,
        "imag": -3543161990336910.0
      },
      {
        "real": 1252651202656098.5,
        "imag": -2023129270468544.8
      }
    ]
  ]
}