{
  "attrs": {},
  "name": "CP_M3",
  "frequency_range": null,
  "allow_gain": false,
  "nonlinear_spec": null,
  "modulation_spec": null,
  "viz_spec": null,
  "heat_spec": null,
  "type": "PoleResidue",
  "eps_inf": 1.9317158815395583,
  "poles": [
    [
      {
        "real": -312056652982741.8,
        "imag": -447919658619778.2
      },
      {
        "real": -1782768128035575.5,
        "imag": 1.5516976915195466e+17
      }
    ],
    [
      {
        "real": -457063601360959.4,
        "imag": -1563423840237703.8
      },
      {
        "real": 5837319399777421.0,
        "imag": -1283765045696766.2
      }
    ],
    [
      {
        "real": -523555146461042.25,
        "imag": -3687800371315763.5
      },
      {
        "real": 2059520218251874.2,
        "imag": -1346550777338917.0
      }
    ]
  ]
}