{
  "attrs": {},
  "name": "SCP_M3",
  "frequency_range": null,
  "allow_gain": false,
  "nonlinear_spec": null,
  "modulation_spec": null,
  "viz_spec": null,
  "heat_spec": null,
  "type": "PoleResidue",
  "eps_inf": 1.520996565580876,
  "poles": [
    [
      {
        "real": -102041582493162.56,
        "imag": -85626668953251.55
      },
      {
        "real": 1.2621492721723706e+16,
        "imag": 4.97782831659427e+17
      }
    ],
    [
      {
        "real": -1014454428075238.9,
        "imag": -2295452863997636.5
      },
      {
        "real": -5806888970851588.0,
        "imag": 720462462683187.8
      }
    ],
    [
      {
        "real": -486692835613395.2,
        "imag": -3715363525567510.0
      },
      {
        "real": 1709107047736112.5,
        "imag": -785902871366752.6
      }
    ]
  ]
}