{
  "attrs": {},
  "name": "CP_M3",
  "frequency_range": null,
  "allow_gain": false,
  "nonlinear_spec": null,
  "modulation_spec": null,
  "viz_spec": null,
  "heat_spec": null,
  "type": "PoleResidue",
  "eps_inf": 0.923169160365243,
  "poles": [
    [
      {
        "real": -240811985632055.25,
        "imag": -520917509935273.56
      },
      {
        "real": 8460909655426662.0,
        "imag": 9.467955693685685e+16
      }
    ],
    [
      {
        "real": -543007203858087.3,
        "imag": -3542810706191862.5
      },
      {
        "real": 2032327901397168.5,
        "imag": -2726393660802270.0
      }
    ],
    [
      {
        "real": -957387830742861.8,
        "imag": -3701935870881433.5
      },
      {
        "real": -1684750200430760.0,
        "imag": 252093893616581.9
      }
    ]
  ]
}