{
  "attrs": {},
  "name": "SCP_M1",
  "frequency_range": null,
  "allow_gain": false,
  "nonlinear_spec": null,
  "modulation_spec": null,
  "viz_spec": null,
  "heat_spec": null,
  "type": "PoleResidue",
  "eps_inf": 2.2966260447199627,
  "poles": [
    [
      {
        "real": -160875477899203.72,
        "imag": -834637382355509.6
      },
      {
        "real": 5981017003971770.0,
        "imag": 5.742832188997587e+16
      }
    ]
  ]
}