{
  "attrs": {},
  "name": "SCP_M3",
  "frequency_range": null,
  "allow_gain": false,
  "nonlinear_spec": null,
  "modulation_spec": null,
  "viz_spec": null,
  "heat_spec": null,
  "type": "PoleResidue",
  "eps_inf": 1.6306479815030748,
  "poles": [
    [
      {
        "real": -112781537476416.83,
        "imag": -85623755709584.62
      },
      {
        "real": 1.0842330382518746e+16,
        "imag": 5.233588753877458e+17
      }
    ],
    [
      {
        "real": -901753253280240.4,
        "imag": -2132280578793815.0
      },
      {
        "real": -4555232111478558.0,
        "imag": 2656798798787745.5
      }
    ],
    [
      {
        "real": -500378773309475.8,
        "imag": -3691880687095440.5
      },
      {
        "real": 1769142500093894.2,
        "imag": -1013261006614450.5
      }
    ]
  ]
}