{
  "attrs": {},
  "name": "CP_M3",
  "frequency_range": null,
  "allow_gain": false,
  "nonlinear_spec": null,
  "modulation_spec": null,
  "viz_spec": null,
  "heat_spec": null,
  "type": "PoleResidue",
  "eps_inf": 1.8017019402979715,
  "poles": [
    [
      {
        "real": -244336557446623.75,
        "imag": -521505014158552.25
      },
      {
        "real": 1188512687895672.0,
        "imag": 1.0954782675551307e+17
      }
    ],
    [
      {
        "real": -963110839274748.9,
        "imag": -2064930835935884.2
      },
      {
        "real": 543690876365018.7,
        "imag": 7864701853683820.0
      }
    ],
    [
      {
        "real": -779570544634535.4,
        "imag": -3626989001756326.0
      },
      {
        "real": 3974170455922067.0,
        "imag": -2077540743778847.8
      }
    ]
  ],
  "model_family": "CP",
  "order_N": 3
}