{
  "attrs": {},
  "name": "RP_M1",
  "frequency_range": null,
  "allow_gain": false,
  "nonlinear_spec": null,
  "modulation_spec": null,
  "viz_spec": null,
  "heat_spec": null,
  "type": "PoleResidue",
  "eps_inf": 1.624419799742381,
  "poles": [
    [
      {
        "real": -324402129999814.0,
        "imag": -594267022895900.1
      },
      {
        "real": 3938858777176341.0,
        "imag": 9.106560230793251e+16
      }
    ]
  ]
}