{
  "attrs": {},
  "name": "CP_M3",
  "frequency_range": null,
  "allow_gain": false,
  "nonlinear_spec": null,
  "modulation_spec": null,
  "viz_spec": null,
  "heat_spec": null,
  "type": "PoleResidue",
  "eps_inf": 1.8236835442951813,
  "poles": [
    [
      {
        "real": -82166155669462.33,
        "imag": -218500947389153.84
      },
      {
        "real": 3942955726243962.5,
        "imag": 2.917188313652331e+16
      }
    ],
    [
      {
        "real": -1109391717653253.1,
        "imag": -3606865795504816.5
      },
      {
        "real": 5437150442569974.0,
        "imag": 750640040472803.6
      }
    ],
    [
      {
        "real": -1332221756860704.5,
        "imag": -7654375299289978.0
      },
      {
        "real": -733137494677787.0,
        "imag": -470296230973771.06
      }
    ]
  ]
}