{
  "attrs": {},
  "name": "CP_M2",
  "frequency_range": null,
  "allow_gain": false,
  "nonlinear_spec": null,
  "modulation_spec": null,
  "viz_spec": null,
  "heat_spec": null,
  "type": "PoleResidue",
  "eps_inf": 1.5059495198023707,
  "poles": [
    [
      {
        "real": -74205447616594.02,
        "imag": -203255074086635.03
      },
      {
        "real": 3987644372495711.5,
        "imag": 3.055985595913371e+16
      }
    ],
    [
      {
        "real": -1103550616962535.0,
        "imag": -3625431007021145.0
      },
      {
        "real": 5486802760348023.0,
        "imag": 917391760314587.0
      }
    ]
  ]
}