{
  "attrs": {},
  "name": "SCP_M2",
  "frequency_range": null,
  "allow_gain": false,
  "nonlinear_spec": null,
  "modulation_spec": null,
  "viz_spec": null,
  "heat_spec": null,
  "type": "PoleResidue",
  "eps_inf": 1.6569251843795754,
  "poles": [
    [
      {
        "real": -188321380373672.25,
        "imag": -85622679776939.38
      },
      {
        "real": 3222677856015058.5,
        "imag": 9.008604405394792e+16
      }
    ],
    [
      {
        "real": -1134573720478385.2,
        "imag": -3780243903812583.0
      },
      {
        "real": 5354383173298473.0,
        "imag": 1948373564974035.0
      }
    ]
  ]
}