{
  "attrs": {},
  "name": "CP_M1",
  "frequency_range": null,
  "allow_gain": false,
  "nonlinear_spec": null,
  "modulation_spec": null,
  "viz_spec": null,
  "heat_spec": null,
  "type": "PoleResidue",
  "eps_inf": 0.5730589310479853,
  "poles": [
    [
      {
        "real": -2706754306979159.0,
        "imag": -6433148456053399.0
      },
      {
        "real": 8577508524099489.0,
        "imag": 1.110051360766563e+16
      }
    ]
  ]
}