{
  "attrs": {},
  "name": "CP_M3",
  "frequency_range": null,
  "allow_gain": false,
  "nonlinear_spec": null,
  "modulation_spec": null,
  "viz_spec": null,
  "heat_spec": null,
  "type": "PoleResidue",
  "eps_inf": 4.414233144263621,
  "poles": [
    [
      {
        "real": -312842419291687.9,
        "imag": -4075294027112491.0
      },
      {
        "real": -1355100832659301.8,
        "imag": 6632788694708708.0
      }
    ],
    [
      {
        "real": -381841201606083.75,
        "imag": -4605039339363170.0
      },
      {
        "real": 115261839111340.98,
        "imag": 7885773083637768.0
      }
    ],
    [
      {
        "real": -1283157644741285.5,
        "imag": -6254617355116491.0
      },
      {
        "real": 3706565063662542.0,
        "imag": 1.877642445337599e+16
      }
    ]
  ]
}