{
  "attrs": {},
  "name": "CP_M3",
  "frequency_range": null,
  "allow_gain": false,
  "nonlinear_spec": null,
  "modulation_spec": null,
  "viz_spec": null,
  "heat_spec": null,
  "type": "PoleResidue",
  "eps_inf": 4.775956873688962,
  "poles": [
    [
      {
        "real": -312378587200636.2,
        "imag": -4076155730845328.5
      },
      {
        "real": -1247028843862245.0,
        "imag": 6699199463819507.0
      }
    ],
    [
      {
        "real": -383188895060244.25,
        "imag": -4608153880188897.0
      },
      {
        "real": 202872703188663.78,
        "imag": 7774253780706140.0
      }
    ],
    [
      {
        "real": -1225379713380400.5,
        "imag": -6331345229229915.0
      },
      {
        "real": 2000937058161930.8,
        "imag": 1.8361717109580044e+16
      }
    ]
  ]
}