{
  "attrs": {},
  "name": "SCP_M1",
  "frequency_range": null,
  "allow_gain": false,
  "nonlinear_spec": null,
  "modulation_spec": null,
  "viz_spec": null,
  "heat_spec": null,
  "type": "PoleResidue",
  "eps_inf": 5.455361883400374,
  "poles": [
    [
      {
        "real": -949217188238474.8,
        "imag": -4071349596126384.5
      },
      {
        "real": 1.0883497100100472e+16,
        "imag": 2.2975204853405292e+16
      }
    ]
  ]
}