{
  "attrs": {},
  "name": "CP_M1",
  "frequency_range": null,
  "allow_gain": false,
  "nonlinear_spec": null,
  "modulation_spec": null,
  "viz_spec": null,
  "heat_spec": null,
  "type": "PoleResidue",
  "eps_inf": 5.204425640289601,
  "poles": [
    [
      {
        "real": -1729276074295660.8,
        "imag": -4682128704571866.0
      },
      {
        "real": 6387319649888579.0,
        "imag": 3.3046126511739892e+16
      }
    ]
  ]
}