{
  "attrs": {},
  "name": "SCP_M1",
  "frequency_range": null,
  "allow_gain": false,
  "nonlinear_spec": null,
  "modulation_spec": null,
  "viz_spec": null,
  "heat_spec": null,
  "type": "PoleResidue",
  "eps_inf": 5.455855414265359,
  "poles": [
    [
      {
        "real": -948794131199693.6,
        "imag": -4071505583674455.5
      },
      {
        "real": 1.0880750352369462e+16,
        "imag": 2.2966955340830876e+16
      }
    ]
  ]
}