{
  "attrs": {},
  "name": "CP_M3",
  "frequency_range": null,
  "allow_gain": false,
  "nonlinear_spec": null,
  "modulation_spec": null,
  "viz_spec": null,
  "heat_spec": null,
  "type": "PoleResidue",
  "eps_inf": 1.160327431725321,
  "poles": [
    [
      {
        "real": -295293767916028.8,
        "imag": -5014164164443450.0
      },
      {
        "real": 54579406655397.45,
        "imag": 1838758315854324.2
      }
    ],
    [
      {
        "real": -356798855939310.0,
        "imag": -5917752537071127.0
      },
      {
        "real": -427571365295072.2,
        "imag": 1402690579411128.5
      }
    ],
    [
      {
        "real": -2310045992672296.0,
        "imag": -7448675372322539.0
      },
      {
        "real": 3810022533673545.0,
        "imag": 2.1218949151669692e+16
      }
    ]
  ]
}