{
  "attrs": {},
  "name": "CP_M2",
  "frequency_range": null,
  "allow_gain": false,
  "nonlinear_spec": null,
  "modulation_spec": null,
  "viz_spec": null,
  "heat_spec": null,
  "type": "PoleResidue",
  "eps_inf": 1.1116614171820192,
  "poles": [
    [
      {
        "real": -295293767916028.8,
        "imag": -5014164164443450.0
      },
      {
        "real": 679227749646030.1,
        "imag": 1886355957547196.8
      }
    ],
    [
      {
        "real": -2310045992672296.0,
        "imag": -7448675372322539.0
      },
      {
        "real": 361361147446225.8,
        "imag": 2.4562812360363224e+16
      }
    ]
  ]
}