{
  "attrs": {},
  "name": "SCP_M2",
  "frequency_range": null,
  "allow_gain": false,
  "nonlinear_spec": null,
  "modulation_spec": null,
  "viz_spec": null,
  "heat_spec": null,
  "type": "PoleResidue",
  "eps_inf": 1.8043245599195785,
  "poles": [
    [
      {
        "real": -201980073447217.47,
        "imag": -4962532341210880.0
      },
      {
        "real": 324325004440347.7,
        "imag": 902960320994703.1
      }
    ],
    [
      {
        "real": -1887420953391999.8,
        "imag": -5966135682742313.0
      },
      {
        "real": 5206192598521422.0,
        "imag": 1.681227314448287e+16
      }
    ]
  ]
}