{
  "attrs": {},
  "name": "CP_M2",
  "frequency_range": null,
  "allow_gain": false,
  "nonlinear_spec": null,
  "modulation_spec": null,
  "viz_spec": null,
  "heat_spec": null,
  "type": "PoleResidue",
  "eps_inf": 1.1252648683532798,
  "poles": [
    [
      {
        "real": -295454171235975.3,
        "imag": -5014075761172003.0
      },
      {
        "real": 681378568002570.8,
        "imag": 1888141217902069.2
      }
    ],
    [
      {
        "real": -2306045920619168.5,
        "imag": -7454493968070747.0
      },
      {
        "real": 271992763441735.47,
        "imag": 2.454617996994329e+16
      }
    ]
  ]
}