{
  "attrs": {},
  "name": "CP_M3",
  "frequency_range": null,
  "allow_gain": false,
  "nonlinear_spec": null,
  "modulation_spec": null,
  "viz_spec": null,
  "heat_spec": null,
  "type": "PoleResidue",
  "eps_inf": 1.1688698000541948,
  "poles": [
    [
      {
        "real": -295454171235975.3,
        "imag": -5014075761172003.0
      },
      {
        "real": 55043611441761.16,
        "imag": 1840893702637026.0
      }
    ],
    [
      {
        "real": -356886300564903.75,
        "imag": -5917542160267483.0
      },
      {
        "real": -426451224371748.94,
        "imag": 1405350210763958.5
      }
    ],
    [
      {
        "real": -2306045920619168.5,
        "imag": -7454493968070747.0
      },
      {
        "real": 3744066198557396.0,
        "imag": 2.121091016643227e+16
      }
    ]
  ]
}