{
  "attrs": {},
  "name": "SCP_M3",
  "frequency_range": null,
  "allow_gain": false,
  "nonlinear_spec": null,
  "modulation_spec": null,
  "viz_spec": null,
  "heat_spec": null,
  "type": "PoleResidue",
  "eps_inf": 1.4206420932883046,
  "poles": [
    [
      {
        "real": -295573104970813.56,
        "imag": -2506936359201244.0
      },
      {
        "real": 360177800016903.9,
        "imag": 48263004147544.05
      }
    ],
    [
      {
        "real": -244938562758170.97,
        "imag": -4937658892925172.0
      },
      {
        "real": 527561003386499.94,
        "imag": 1143895565735447.5
      }
    ],
    [
      {
        "real": -1889115826316069.0,
        "imag": -6160360303896157.0
      },
      {
        "real": 4712066009917160.0,
        "imag": 1.6843284174764398e+16
      }
    ]
  ],
  "model_family": "SCP",
  "order_N": 3
}