{
  "attrs": {},
  "name": "SCP_M3",
  "frequency_range": null,
  "allow_gain": false,
  "nonlinear_spec": null,
  "modulation_spec": null,
  "viz_spec": null,
  "heat_spec": null,
  "type": "PoleResidue",
  "eps_inf": 1.4507699909349547,
  "poles": [
    [
      {
        "real": -296159314744563.5,
        "imag": -2507007424255044.5
      },
      {
        "real": 361329999977121.3,
        "imag": 48199457616803.63
      }
    ],
    [
      {
        "real": -244498472083226.84,
        "imag": -4939655652863574.0
      },
      {
        "real": 514711166939188.6,
        "imag": 1149797599482708.0
      }
    ],
    [
      {
        "real": -1870465592010683.0,
        "imag": -6169591439614506.0
      },
      {
        "real": 4549636428551500.0,
        "imag": 1.6795639340762978e+16
      }
    ]
  ]
}