{
  "attrs": {},
  "name": "SCP_M3",
  "frequency_range": null,
  "allow_gain": false,
  "nonlinear_spec": null,
  "modulation_spec": null,
  "viz_spec": null,
  "heat_spec": null,
  "type": "PoleResidue",
  "eps_inf": 0.8455283389632827,
  "poles": [
    [
      {
        "real": -15483565129375.582,
        "imag": -100861057270715.94
      },
      {
        "real": 1096398567672582.5,
        "imag": 1.5723483471065457e+18
      }
    ],
    [
      {
        "real": -6181085977536078.0,
        "imag": -1018134698012427.5
      },
      {
        "real": 2.5806878954675316e+16,
        "imag": -1.0262655966028723e+17
      }
    ],
    [
      {
        "real": -1917080691980129.5,
        "imag": -5436954324747150.0
      },
      {
        "real": -2693325542194580.0,
        "imag": 1.138066712943388e+16
      }
    ]
  ]
}