{
  "attrs": {},
  "name": "CP_M1",
  "frequency_range": null,
  "allow_gain": false,
  "nonlinear_spec": null,
  "modulation_spec": null,
  "viz_spec": null,
  "heat_spec": null,
  "type": "PoleResidue",
  "eps_inf": 4.488758001065662,
  "poles": [
    [
      {
        "real": -16786504345929.826,
        "imag": -356277154401532.94
      },
      {
        "real": 1.0009236531835272e+16,
        "imag": 3.952842532927296e+17
      }
    ]
  ]
}