{
  "attrs": {},
  "name": "SCP_M3",
  "frequency_range": null,
  "allow_gain": false,
  "nonlinear_spec": null,
  "modulation_spec": null,
  "viz_spec": null,
  "heat_spec": null,
  "type": "PoleResidue",
  "eps_inf": 0.8667953996371972,
  "poles": [
    [
      {
        "real": -15602263000563.836,
        "imag": -96238202041553.03
      },
      {
        "real": 1094894046251264.5,
        "imag": 1.6483786058536015e+18
      }
    ],
    [
      {
        "real": -6153088323931599.0,
        "imag": -871776917514559.4
      },
      {
        "real": 2.5584076044010636e+16,
        "imag": -1.1882050327569066e+17
      }
    ],
    [
      {
        "real": -1914495505974896.8,
        "imag": -5436960728086267.0
      },
      {
        "real": -2670678096922598.5,
        "imag": 1.1338496427327912e+16
      }
    ]
  ]
}