{
  "attrs": {},
  "name": "SCP_M1",
  "frequency_range": null,
  "allow_gain": false,
  "nonlinear_spec": null,
  "modulation_spec": null,
  "viz_spec": null,
  "heat_spec": null,
  "type": "PoleResidue",
  "eps_inf": 4.97421696869534,
  "poles": [
    [
      {
        "real": -10693109802935.006,
        "imag": -157698354386591.97
      },
      {
        "real": 1.027884540529226e+16,
        "imag": 9.227537289309843e+17
      }
    ]
  ]
}