{
  "attrs": {},
  "name": "RP_M2",
  "frequency_range": null,
  "allow_gain": false,
  "nonlinear_spec": null,
  "modulation_spec": null,
  "viz_spec": null,
  "heat_spec": null,
  "type": "PoleResidue",
  "eps_inf": 2.1046560874455778,
  "poles": [
    [
      {
        "real": -81660636987050.23,
        "imag": 576390314817411.4
      },
      {
        "real": -3.478860143173703e+16,
        "imag": -2.9468161460382554e+17
      }
    ],
    [
      {
        "real": -1274677247233293.0,
        "imag": 0.06975736996017264
      },
      {
        "real": 4.617852107190404e+16,
        "imag": 0.0
      }
    ]
  ],
  "model_family": "RP",
  "order_N": 2
}