{
  "attrs": {},
  "name": "SCP_M2",
  "frequency_range": null,
  "allow_gain": false,
  "nonlinear_spec": null,
  "modulation_spec": null,
  "viz_spec": null,
  "heat_spec": null,
  "type": "PoleResidue",
  "eps_inf": 0.40815731571786096,
  "poles": [
    [
      {
        "real": -269882481660030.66,
        "imag": -5035238055002018.0
      },
      {
        "real": 5242259324996162.0,
        "imag": 4597132331093489.0
      }
    ],
    [
      {
        "real": -832780513829057.6,
        "imag": -6357032341695642.0
      },
      {
        "real": 393792432418225.9,
        "imag": 3.0596875032753028e+16
      }
    ]
  ]
}