{
  "attrs": {},
  "name": "SCP_M3",
  "frequency_range": null,
  "allow_gain": false,
  "nonlinear_spec": null,
  "modulation_spec": null,
  "viz_spec": null,
  "heat_spec": null,
  "type": "PoleResidue",
  "eps_inf": 2.171109799481421,
  "poles": [
    [
      {
        "real": -1845635645807594.2,
        "imag": -4622813272961646.0
      },
      {
        "real": -2946348703616322.0,
        "imag": -3931478781188575.0
      }
    ],
    [
      {
        "real": -591810664482398.0,
        "imag": -5328076890633883.0
      },
      {
        "real": 6477741078836078.0,
        "imag": 1.5783516034629168e+16
      }
    ],
    [
      {
        "real": -418753108405934.44,
        "imag": -6535426351935930.0
      },
      {
        "real": -3355030629843474.0,
        "imag": 1.8067495520056132e+16
      }
    ]
  ]
}