{
  "attrs": {},
  "name": "SCP_M1",
  "frequency_range": null,
  "allow_gain": false,
  "nonlinear_spec": null,
  "modulation_spec": null,
  "viz_spec": null,
  "heat_spec": null,
  "type": "PoleResidue",
  "eps_inf": 0.3999597472765277,
  "poles": [
    [
      {
        "real": -937794075021857.8,
        "imag": -5647928099836727.0
      },
      {
        "real": 1.1975523951433864e+16,
        "imag": 3.5509962893500656e+16
      }
    ]
  ]
}