{
  "attrs": {},
  "name": "CP_M3",
  "frequency_range": null,
  "allow_gain": false,
  "nonlinear_spec": null,
  "modulation_spec": null,
  "viz_spec": null,
  "heat_spec": null,
  "type": "PoleResidue",
  "eps_inf": 1.0313467503472105,
  "poles": [
    [
      {
        "real": -222937854299604.6,
        "imag": -5111917991209966.0
      },
      {
        "real": 3940994529188469.5,
        "imag": 4204406342992488.0
      }
    ],
    [
      {
        "real": -808754319453497.0,
        "imag": -6065253446111269.0
      },
      {
        "real": -796407565723101.8,
        "imag": 2.2095202978829052e+16
      }
    ],
    [
      {
        "real": -265689714744289.12,
        "imag": -6451580118880464.0
      },
      {
        "real": 1855838573288022.0,
        "imag": 6092331878148347.0
      }
    ]
  ]
}