{
  "attrs": {},
  "name": "SCP_M3",
  "frequency_range": null,
  "allow_gain": false,
  "nonlinear_spec": null,
  "modulation_spec": null,
  "viz_spec": null,
  "heat_spec": null,
  "type": "PoleResidue",
  "eps_inf": 1.8394258884766181,
  "poles": [
    [
      {
        "real": -203566385240633.72,
        "imag": -5122155472127251.0
      },
      {
        "real": 2724829892766835.0,
        "imag": 4311094995141554.5
      }
    ],
    [
      {
        "real": -496322448123409.7,
        "imag": -5490986508404128.0
      },
      {
        "real": 3375767421782933.5,
        "imag": 4090990593717617.5
      }
    ],
    [
      {
        "real": -623488035219171.8,
        "imag": -6593572634404045.0
      },
      {
        "real": -5338797369662831.0,
        "imag": 2.3274568875636256e+16
      }
    ]
  ]
}