{
  "attrs": {},
  "name": "RP_M3",
  "frequency_range": null,
  "allow_gain": false,
  "nonlinear_spec": null,
  "modulation_spec": null,
  "viz_spec": null,
  "heat_spec": null,
  "type": "PoleResidue",
  "eps_inf": 1.697816665627942,
  "poles": [
    [
      {
        "real": -598068752416113.0,
        "imag": 6524452108225635.0
      },
      {
        "real": -2434012538156930.5,
        "imag": -2.286696797682423e+16
      }
    ],
    [
      {
        "real": -465484961237995.56,
        "imag": 5602183699363657.0
      },
      {
        "real": 1247168658549943.2,
        "imag": -4581236617559728.0
      }
    ],
    [
      {
        "real": -208572578576229.1,
        "imag": 5117869365810672.0
      },
      {
        "real": 3122250603388970.0,
        "imag": -4329092110685488.5
      }
    ]
  ],
  "model_family": "RP",
  "order_N": 3
}