{
  "attrs": {},
  "name": "CP_M3",
  "frequency_range": null,
  "allow_gain": false,
  "nonlinear_spec": null,
  "modulation_spec": null,
  "viz_spec": null,
  "heat_spec": null,
  "type": "PoleResidue",
  "eps_inf": 2.0948078533480956,
  "poles": [
    [
      {
        "real": -136356477795907.05,
        "imag": -3028220579175584.5
      },
      {
        "real": 646779444079706.8,
        "imag": 1610661720042305.0
      }
    ],
    [
      {
        "real": -426073996357176.2,
        "imag": -4346372887368464.0
      },
      {
        "real": 2574135141510914.5,
        "imag": 1.50814911020298e+16
      }
    ],
    [
      {
        "real": -448370656459015.7,
        "imag": -6458846491969025.0
      },
      {
        "real": -2546428827781403.5,
        "imag": 7569801665453657.0
      }
    ]
  ]
}