{
  "attrs": {},
  "name": "SCP_M3",
  "frequency_range": null,
  "allow_gain": false,
  "nonlinear_spec": null,
  "modulation_spec": null,
  "viz_spec": null,
  "heat_spec": null,
  "type": "PoleResidue",
  "eps_inf": 1.5988419119997714,
  "poles": [
    [
      {
        "real": -202966076357307.47,
        "imag": -2916607924106419.0
      },
      {
        "real": 1523475595332542.8,
        "imag": 1724730880492232.8
      }
    ],
    [
      {
        "real": -419272632729436.25,
        "imag": -4363606634237654.5
      },
      {
        "real": 1864047032374310.5,
        "imag": 1.4335680070615034e+16
      }
    ],
    [
      {
        "real": -545186028295577.6,
        "imag": -6541971533461716.0
      },
      {
        "real": -3031057515577771.5,
        "imag": 9129295318877310.0
      }
    ]
  ]
}