{
  "attrs": {},
  "name": "SCP_M1",
  "frequency_range": null,
  "allow_gain": false,
  "nonlinear_spec": null,
  "modulation_spec": null,
  "viz_spec": null,
  "heat_spec": null,
  "type": "PoleResidue",
  "eps_inf": 2.5702116092007388,
  "poles": [
    [
      {
        "real": -823574908445246.5,
        "imag": -4183870764545924.5
      },
      {
        "real": 8579842200096454.0,
        "imag": 2.0606955414393576e+16
      }
    ]
  ]
}