{
  "attrs": {},
  "name": "CP_M1",
  "frequency_range": null,
  "allow_gain": false,
  "nonlinear_spec": null,
  "modulation_spec": null,
  "viz_spec": null,
  "heat_spec": null,
  "type": "PoleResidue",
  "eps_inf": 5.27777477805287,
  "poles": [
    [
      {
        "real": -519682126762262.9,
        "imag": -4314705687560332.0
      },
      {
        "real": 4079926246324668.0,
        "imag": 1.7431937497716796e+16
      }
    ]
  ]
}