{
  "attrs": {},
  "name": "RP_M2",
  "frequency_range": null,
  "allow_gain": false,
  "nonlinear_spec": null,
  "modulation_spec": null,
  "viz_spec": null,
  "heat_spec": null,
  "type": "PoleResidue",
  "eps_inf": 6.353629980002597,
  "poles": [
    [
      {
        "real": -152765656668815.72,
        "imag": -2799217682429940.0
      },
      {
        "real": 909131371948405.4,
        "imag": 856380533066231.0
      }
    ],
    [
      {
        "real": -384544101590392.5,
        "imag": -4385481963718923.0
      },
      {
        "real": 392660566321136.2,
        "imag": 1.477836004468202e+16
      }
    ]
  ]
}