{
  "attrs": {},
  "name": "RP_M3",
  "frequency_range": null,
  "allow_gain": false,
  "nonlinear_spec": null,
  "modulation_spec": null,
  "viz_spec": null,
  "heat_spec": null,
  "type": "PoleResidue",
  "eps_inf": 3.404033827358451,
  "poles": [
    [
      {
        "real": -267118133519736.62,
        "imag": -6302467486217151.0
      },
      {
        "real": -2130550835094341.0,
        "imag": 4602449732558669.0
      }
    ],
    [
      {
        "real": -463541310938837.25,
        "imag": -4378854894140662.0
      },
      {
        "real": 1305519326107315.2,
        "imag": 1.6024647370581878e+16
      }
    ],
    [
      {
        "real": -101424786976684.39,
        "imag": -2875910356337809.5
      },
      {
        "real": 997349126260273.5,
        "imag": 897407414903583.6
      }
    ]
  ]
}