{
  "attrs": {},
  "name": "SCP_M2",
  "frequency_range": null,
  "allow_gain": false,
  "nonlinear_spec": null,
  "modulation_spec": null,
  "viz_spec": null,
  "heat_spec": null,
  "type": "PoleResidue",
  "eps_inf": 0.9171792016155093,
  "poles": [
    [
      {
        "real": -528499323985358.8,
        "imag": -4484543055550808.0
      },
      {
        "real": -4407942375166656.0,
        "imag": 1.836975058358235e+16
      }
    ],
    [
      {
        "real": -929349585135402.1,
        "imag": -6167544725509491.0
      },
      {
        "real": 5380232633608418.0,
        "imag": 1.4851050200311046e+16
      }
    ]
  ],
  "model_family": "SCP",
  "order_N": 2
}