{
  "attrs": {},
  "name": "SCP_M3",
  "frequency_range": null,
  "allow_gain": false,
  "nonlinear_spec": null,
  "modulation_spec": null,
  "viz_spec": null,
  "heat_spec": null,
  "type": "PoleResidue",
  "eps_inf": 0.9068303805253832,
  "poles": [
    [
      {
        "real": -176760680548379.16,
        "imag": -2904888453728852.5
      },
      {
        "real": 1390780470619173.8,
        "imag": 1425118724474878.8
      }
    ],
    [
      {
        "real": -447316247072574.6,
        "imag": -4397315017160206.0
      },
      {
        "real": 870943365987801.8,
        "imag": 1.5688204260324228e+16
      }
    ],
    [
      {
        "real": -625642778894932.4,
        "imag": -6270594224612386.0
      },
      {
        "real": 1015866343610919.1,
        "imag": 9335007884872484.0
      }
    ]
  ],
  "model_family": "SCP",
  "order_N": 3
}