{
  "attrs": {},
  "name": "SCP_M3",
  "frequency_range": null,
  "allow_gain": false,
  "nonlinear_spec": null,
  "modulation_spec": null,
  "viz_spec": null,
  "heat_spec": null,
  "type": "PoleResidue",
  "eps_inf": 0.28752117634223534,
  "poles": [
    [
      {
        "real": -39165632769.04741,
        "imag": -113529253323864.97
      },
      {
        "real": -7210314329220549.0,
        "imag": 5.962871487629055e+17
      }
    ],
    [
      {
        "real": -945474664868749.6,
        "imag": -1467820584901031.2
      },
      {
        "real": 6.238051791901778e+16,
        "imag": 3.822548128077248e+16
      }
    ],
    [
      {
        "real": -745331039200524.0,
        "imag": -1568264174457055.5
      },
      {
        "real": -4.0883279363881384e+16,
        "imag": -5085363626372458.0
      }
    ]
  ]
}