{
  "attrs": {},
  "name": "SCP_M3",
  "frequency_range": null,
  "allow_gain": false,
  "nonlinear_spec": null,
  "modulation_spec": null,
  "viz_spec": null,
  "heat_spec": null,
  "type": "PoleResidue",
  "eps_inf": 0.2688947849672176,
  "poles": [
    [
      {
        "real": -11320061134179.17,
        "imag": -460488149737927.0
      },
      {
        "real": -4278640942222324.0,
        "imag": 1.2779428557659558e+17
      }
    ],
    [
      {
        "real": -948444413364023.8,
        "imag": -1012119185807288.9
      },
      {
        "real": 1.9209541521127496e+16,
        "imag": 3.558719479801052e+16
      }
    ],
    [
      {
        "real": -1034426721021239.6,
        "imag": -5024493737697716.0
      },
      {
        "real": -732834864026229.2,
        "imag": -181649631488623.5
      }
    ]
  ]
}