{
  "attrs": {},
  "name": "CP_M1",
  "frequency_range": null,
  "allow_gain": false,
  "nonlinear_spec": null,
  "modulation_spec": null,
  "viz_spec": null,
  "heat_spec": null,
  "type": "PoleResidue",
  "eps_inf": 4.829382203216333,
  "poles": [
    [
      {
        "real": -42167713050517.56,
        "imag": -353582898777662.44
      },
      {
        "real": 2657685128397346.0,
        "imag": 2.5201949514692054e+17
      }
    ]
  ]
}