{
  "attrs": {},
  "name": "SCP_M3",
  "frequency_range": null,
  "allow_gain": false,
  "nonlinear_spec": null,
  "modulation_spec": null,
  "viz_spec": null,
  "heat_spec": null,
  "type": "PoleResidue",
  "eps_inf": 2.800359334595345,
  "poles": [
    [
      {
        "real": -60729814418780.46,
        "imag": -85622756704993.31
      },
      {
        "real": 1872772924853030.5,
        "imag": 1.0052924350493774e+18
      }
    ],
    [
      {
        "real": -564933210123761.0,
        "imag": -3564697990427601.5
      },
      {
        "real": 282873321370969.2,
        "imag": 711849516331402.1
      }
    ],
    [
      {
        "real": -444908912274165.0,
        "imag": -6367491917836457.0
      },
      {
        "real": 1051469665483411.1,
        "imag": 1217440010316638.0
      }
    ]
  ]
}