{
  "attrs": {},
  "name": "CP_M2",
  "frequency_range": null,
  "allow_gain": false,
  "nonlinear_spec": null,
  "modulation_spec": null,
  "viz_spec": null,
  "heat_spec": null,
  "type": "PoleResidue",
  "eps_inf": 0.5610019479614423,
  "poles": [
    [
      {
        "real": -32108114258706.44,
        "imag": -863998593982171.4
      },
      {
        "real": 3556985792573271.0,
        "imag": 7.665022586762485e+16
      }
    ],
    [
      {
        "real": -561380262783677.7,
        "imag": -6439893553641891.0
      },
      {
        "real": 2059349333215429.0,
        "imag": 1718270645892754.2
      }
    ]
  ]
}