{
  "attrs": {},
  "name": "SCP_M3",
  "frequency_range": null,
  "allow_gain": false,
  "nonlinear_spec": null,
  "modulation_spec": null,
  "viz_spec": null,
  "heat_spec": null,
  "type": "PoleResidue",
  "eps_inf": 2.799741731979561,
  "poles": [
    [
      {
        "real": -60697195064856.75,
        "imag": -87038012419547.39
      },
      {
        "real": 1873942883276691.8,
        "imag": 9.888637465072768e+17
      }
    ],
    [
      {
        "real": -564793400063897.0,
        "imag": -3564800867272688.0
      },
      {
        "real": 282608038726762.56,
        "imag": 711532504466024.4
      }
    ],
    [
      {
        "real": -444958272805667.75,
        "imag": -6367481529302235.0
      },
      {
        "real": 1051763854369989.1,
        "imag": 1217432107656485.2
      }
    ]
  ]
}