{
  "attrs": {},
  "name": "CP_M3",
  "frequency_range": null,
  "allow_gain": false,
  "nonlinear_spec": null,
  "modulation_spec": null,
  "viz_spec": null,
  "heat_spec": null,
  "type": "PoleResidue",
  "eps_inf": 2.0016752362999903,
  "poles": [
    [
      {
        "real": -103714557990630.27,
        "imag": -428945400436949.94
      },
      {
        "real": 504564319054336.0,
        "imag": 2.0387447182660803e+17
      }
    ],
    [
      {
        "real": -880163217621542.8,
        "imag": -1373494185527035.0
      },
      {
        "real": 3197829251066922.0,
        "imag": -5279477537766091.0
      }
    ],
    [
      {
        "real": -444921021423386.94,
        "imag": -6301169317888102.0
      },
      {
        "real": 1308976898757928.5,
        "imag": 929333480452581.4
      }
    ]
  ]
}