{
  "attrs": {},
  "name": "RP_M1",
  "frequency_range": null,
  "allow_gain": false,
  "nonlinear_spec": null,
  "modulation_spec": null,
  "viz_spec": null,
  "heat_spec": null,
  "type": "PoleResidue",
  "eps_inf": 1.8727558090656482,
  "poles": [
    [
      {
        "real": -74241261855458.42,
        "imag": -776589183764599.5
      },
      {
        "real": 1115342126975343.1,
        "imag": 8.927978003242882e+16
      }
    ]
  ]
}