{
  "attrs": {},
  "name": "CP_M2",
  "frequency_range": null,
  "allow_gain": false,
  "nonlinear_spec": null,
  "modulation_spec": null,
  "viz_spec": null,
  "heat_spec": null,
  "type": "PoleResidue",
  "eps_inf": 0.9946716668762516,
  "poles": [
    [
      {
        "real": -476255285239576.5,
        "imag": -85622679776929.1
      },
      {
        "real": -6.7968962985361736e+16,
        "imag": 1.7056001449941834e+18
      }
    ],
    [
      {
        "real": -1163941399564137.2,
        "imag": -804384380439715.4
      },
      {
        "real": 8.390334979265112e+16,
        "imag": 5.521256073094293e+16
      }
    ]
  ]
}