{
  "attrs": {},
  "name": "CP_M2",
  "frequency_range": null,
  "allow_gain": false,
  "nonlinear_spec": null,
  "modulation_spec": null,
  "viz_spec": null,
  "heat_spec": null,
  "type": "PoleResidue",
  "eps_inf": 1.0065697875830686,
  "poles": [
    [
      {
        "real": -505549030053988.44,
        "imag": -85622679776929.1
      },
      {
        "real": -8.970728510631931e+16,
        "imag": 1.887043480318317e+18
      }
    ],
    [
      {
        "real": -1152690560178474.5,
        "imag": -774780879641639.4
      },
      {
        "real": 1.0551263919184947e+17,
        "imag": 5.2276325966077976e+16
      }
    ]
  ],
  "model_family": "CP",
  "order_N": 2
}