{
  "attrs": {},
  "name": "CP_M3",
  "frequency_range": null,
  "allow_gain": false,
  "nonlinear_spec": null,
  "modulation_spec": null,
  "viz_spec": null,
  "heat_spec": null,
  "type": "PoleResidue",
  "eps_inf": 1.0896979927654722,
  "poles": [
    [
      {
        "real": -592784369457332.6,
        "imag": -398195561416048.2
      },
      {
        "real": -8.095790089982837e+16,
        "imag": 5.835170593710107e+17
      }
    ],
    [
      {
        "real": -782728508345590.1,
        "imag": -1028344267811657.5
      },
      {
        "real": 9.691036345694646e+16,
        "imag": -7.0699763767045304e+16
      }
    ],
    [
      {
        "real": -774766563559559.6,
        "imag": -2450103452441362.0
      },
      {
        "real": -400853362785430.75,
        "imag": -1624464890097137.8
      }
    ]
  ]
}