{
  "attrs": {},
  "name": "SCP_M2",
  "frequency_range": null,
  "allow_gain": false,
  "nonlinear_spec": null,
  "modulation_spec": null,
  "viz_spec": null,
  "heat_spec": null,
  "type": "PoleResidue",
  "eps_inf": 1.1304031836518196,
  "poles": [
    [
      {
        "real": -51953353625397.625,
        "imag": -85622736551208.45
      },
      {
        "real": 3.228203878192402e+16,
        "imag": 4.511478980115689e+17
      }
    ],
    [
      {
        "real": -1162077362271264.5,
        "imag": -93423374454186.78
      },
      {
        "real": -1.5884097683910112e+16,
        "imag": 7.566346087738975e+17
      }
    ]
  ]
}