{
  "attrs": {},
  "name": "CP_M3",
  "frequency_range": null,
  "allow_gain": false,
  "nonlinear_spec": null,
  "modulation_spec": null,
  "viz_spec": null,
  "heat_spec": null,
  "type": "PoleResidue",
  "eps_inf": 1.1162482735897334,
  "poles": [
    [
      {
        "real": -619451784522242.1,
        "imag": -464682264067023.75
      },
      {
        "real": -7.292287402296563e+16,
        "imag": 5.789900047867674e+17
      }
    ],
    [
      {
        "real": -703362042196118.0,
        "imag": -1009215644497204.8
      },
      {
        "real": 8.817253956738933e+16,
        "imag": -1.1603401387364946e+17
      }
    ],
    [
      {
        "real": -919758439104673.1,
        "imag": -2463104752207248.5
      },
      {
        "real": 172992066600428.84,
        "imag": -2369932099415290.0
      }
    ]
  ]
}