{
  "attrs": {},
  "name": "RP_M3",
  "frequency_range": null,
  "allow_gain": false,
  "nonlinear_spec": null,
  "modulation_spec": null,
  "viz_spec": null,
  "heat_spec": null,
  "type": "PoleResidue",
  "eps_inf": 0.7420972877698855,
  "poles": [
    [
      {
        "real": -590042857869121.9,
        "imag": -424388070065119.56
      },
      {
        "real": -7.452276661734994e+16,
        "imag": 5.301424733724768e+17
      }
    ],
    [
      {
        "real": -748529575137439.6,
        "imag": -1034429251557536.4
      },
      {
        "real": 8.949823882020123e+16,
        "imag": -6.758558801672355e+16
      }
    ],
    [
      {
        "real": -827010192723701.5,
        "imag": -2425432448612667.0
      },
      {
        "real": 262538313011271.5,
        "imag": -2033252198805939.5
      }
    ]
  ]
}