{
  "attrs": {},
  "name": "RP_M3",
  "frequency_range": null,
  "allow_gain": false,
  "nonlinear_spec": null,
  "modulation_spec": null,
  "viz_spec": null,
  "heat_spec": null,
  "type": "PoleResidue",
  "eps_inf": 1.1772879576403195,
  "poles": [
    [
      {
        "real": -78107892609145.0,
        "imag": 1401169396584248.8
      },
      {
        "real": 738439555443501.1,
        "imag": 1728074567122277.2
      }
    ],
    [
      {
        "real": -1705906377708281.2,
        "imag": 47.43501157291739
      },
      {
        "real": -5.1440856893969176e+16,
        "imag": -2.453220120404669e+29
      }
    ],
    [
      {
        "real": -156666224881476.47,
        "imag": 41.68933479299097
      },
      {
        "real": 6.694781310678968e+16,
        "imag": -9.9979288512624e+29
      }
    ]
  ],
  "model_family": "RP",
  "order_N": 3
}