{
  "attrs": {},
  "name": "RP_M2",
  "frequency_range": null,
  "allow_gain": false,
  "nonlinear_spec": null,
  "modulation_spec": null,
  "viz_spec": null,
  "heat_spec": null,
  "type": "PoleResidue",
  "eps_inf": 0.8803214377445108,
  "poles": [
    [
      {
        "real": -1800253335297320.0,
        "imag": 2.9246324911145355e-81
      },
      {
        "real": -8.767335266664384e+16,
        "imag": 0.0
      }
    ],
    [
      {
        "real": -145534948220176.9,
        "imag": 1.0592862335214565e-84
      },
      {
        "real": 9.468376400431848e+16,
        "imag": 0.0
      }
    ]
  ],
  "model_family": "RP",
  "order_N": 2
}