{
  "attrs": {},
  "name": "CP_M3",
  "frequency_range": null,
  "allow_gain": false,
  "nonlinear_spec": null,
  "modulation_spec": null,
  "viz_spec": null,
  "heat_spec": null,
  "type": "PoleResidue",
  "eps_inf": 1.9222739429854427,
  "poles": [
    [
      {
        "real": -43264414434272.56,
        "imag": -7454692626183668.0
      },
      {
        "real": 86243347825943.75,
        "imag": 1459259864725544.5
      }
    ],
    [
      {
        "real": -1444244745433632.2,
        "imag": -1.009347815338047e+16
      },
      {
        "real": -4431723630943696.5,
        "imag": -1748112751902716.0
      }
    ],
    [
      {
        "real": -414962733452054.56,
        "imag": -1.0371230987914094e+16
      },
      {
        "real": 4796808886760545.0,
        "imag": 1.2683896612250358e+16
      }
    ]
  ]
}