{
  "attrs": {},
  "name": "SCP_M3",
  "frequency_range": null,
  "allow_gain": false,
  "nonlinear_spec": null,
  "modulation_spec": null,
  "viz_spec": null,
  "heat_spec": null,
  "type": "PoleResidue",
  "eps_inf": 1.9312360022441062,
  "poles": [
    [
      {
        "real": -49991189625929.8,
        "imag": -7456401288220470.0
      },
      {
        "real": 107796549865448.4,
        "imag": 1465996989057241.0
      }
    ],
    [
      {
        "real": -1424526576072189.5,
        "imag": -1.0005557503365992e+16
      },
      {
        "real": -4276588733497707.5,
        "imag": -1967778313207831.8
      }
    ],
    [
      {
        "real": -430904229584277.56,
        "imag": -1.0350766253501264e+16
      },
      {
        "real": 4652435062465241.0,
        "imag": 1.2822356142439012e+16
      }
    ]
  ]
}