{
  "attrs": {},
  "name": "SCP_M1",
  "frequency_range": null,
  "allow_gain": false,
  "nonlinear_spec": null,
  "modulation_spec": null,
  "viz_spec": null,
  "heat_spec": null,
  "type": "PoleResidue",
  "eps_inf": 2.659565480142709,
  "poles": [
    [
      {
        "real": -201662753250.72562,
        "imag": -8577588725349236.0
      },
      {
        "real": 315269607264.3023,
        "imag": 7192332416130743.0
      }
    ]
  ]
}