{
  "attrs": {},
  "name": "SCP_M3",
  "frequency_range": null,
  "allow_gain": false,
  "nonlinear_spec": null,
  "modulation_spec": null,
  "viz_spec": null,
  "heat_spec": null,
  "type": "PoleResidue",
  "eps_inf": 2.553954295150318,
  "poles": [
    [
      {
        "real": -533981251381102.1,
        "imag": -4643598794564739.0
      },
      {
        "real": -314615218273189.7,
        "imag": -606115686370270.6
      }
    ],
    [
      {
        "real": -474403936821491.56,
        "imag": -5037760076207429.0
      },
      {
        "real": 3105779036115199.5,
        "imag": 3578705028923022.5
      }
    ],
    [
      {
        "real": -1314971215183205.0,
        "imag": -7782555693356732.0
      },
      {
        "real": -2311212864537543.0,
        "imag": 1.0373866980163924e+16
      }
    ]
  ]
}