{
  "attrs": {},
  "name": "SCP_M1",
  "frequency_range": null,
  "allow_gain": false,
  "nonlinear_spec": null,
  "modulation_spec": null,
  "viz_spec": null,
  "heat_spec": null,
  "type": "PoleResidue",
  "eps_inf": 2.077367020587846,
  "poles": [
    [
      {
        "real": -1205479707634351.2,
        "imag": -5580567685447774.0
      },
      {
        "real": 5001360179249937.0,
        "imag": 1.1101679657698558e+16
      }
    ]
  ]
}