{
  "attrs": {},
  "name": "SCP_M2",
  "frequency_range": null,
  "allow_gain": false,
  "nonlinear_spec": null,
  "modulation_spec": null,
  "viz_spec": null,
  "heat_spec": null,
  "type": "PoleResidue",
  "eps_inf": 2.2962894359376187,
  "poles": [
    [
      {
        "real": -1031647364875435.9,
        "imag": -4691554217970867.0
      },
      {
        "real": 8853599791488461.0,
        "imag": -2013992420330650.8
      }
    ],
    [
      {
        "real": -2372854480978583.0,
        "imag": -5349831880192065.0
      },
      {
        "real": -4381851290331469.0,
        "imag": 1.5270111161627568e+16
      }
    ]
  ],
  "model_family": "SCP",
  "order_N": 2
}