{
  "attrs": {},
  "name": "CP_M3",
  "frequency_range": null,
  "allow_gain": false,
  "nonlinear_spec": null,
  "modulation_spec": null,
  "viz_spec": null,
  "heat_spec": null,
  "type": "PoleResidue",
  "eps_inf": 1.387436402662853,
  "poles": [
    [
      {
        "real": -6283185307.179586,
        "imag": -1073122124727327.1
      },
      {
        "real": 269927042.01536226,
        "imag": 21726587017367.55
      }
    ],
    [
      {
        "real": -6283185307.179586,
        "imag": -2075971660946572.0
      },
      {
        "real": -4136090.958588992,
        "imag": 2834392895.722552
      }
    ],
    [
      {
        "real": -6283185307.179586,
        "imag": -1.1559958544236918e+16
      },
      {
        "real": 46319475340.20582,
        "imag": 3.760490342688798e+16
      }
    ]
  ]
}