{
  "attrs": {},
  "name": "SCP_M2",
  "frequency_range": null,
  "allow_gain": false,
  "nonlinear_spec": null,
  "modulation_spec": null,
  "viz_spec": null,
  "heat_spec": null,
  "type": "PoleResidue",
  "eps_inf": 0.36845609828139375,
  "poles": [
    [
      {
        "real": -18983846934.332428,
        "imag": -1631412747810810.0
      },
      {
        "real": 43947320.68543972,
        "imag": 480662803793.6591
      }
    ],
    [
      {
        "real": -7863724393.490879,
        "imag": -1.2170359248912586e+16
      },
      {
        "real": 60822372422.64798,
        "imag": 4.5652242889456664e+16
      }
    ]
  ]
}