{
  "attrs": {},
  "name": "SCP_M1",
  "frequency_range": null,
  "allow_gain": false,
  "nonlinear_spec": null,
  "modulation_spec": null,
  "viz_spec": null,
  "heat_spec": null,
  "type": "PoleResidue",
  "eps_inf": 0.277886342489956,
  "poles": [
    [
      {
        "real": -7528413045.3701935,
        "imag": -1.222609985088079e+16
      },
      {
        "real": 39620404084.235886,
        "imag": 4.640592985364272e+16
      }
    ]
  ]
}