{
  "attrs": {},
  "name": "CP_M3",
  "frequency_range": null,
  "allow_gain": false,
  "nonlinear_spec": null,
  "modulation_spec": null,
  "viz_spec": null,
  "heat_spec": null,
  "type": "PoleResidue",
  "eps_inf": 0.48483022148583393,
  "poles": [
    [
      {
        "real": -6283185307.179586,
        "imag": -2063420190285658.8
      },
      {
        "real": -2176030.1809285157,
        "imag": 730202785.9074247
      }
    ],
    [
      {
        "real": -6283185307.179586,
        "imag": -5422490691318119.0
      },
      {
        "real": -8088120.851739436,
        "imag": 32042662325.929565
      }
    ],
    [
      {
        "real": -6283185307.179586,
        "imag": -1.2089866172949374e+16
      },
      {
        "real": 35595946914.63475,
        "imag": 4.4643659538483864e+16
      }
    ]
  ]
}