{
  "attrs": {},
  "name": "SCP_M3",
  "frequency_range": null,
  "allow_gain": false,
  "nonlinear_spec": null,
  "modulation_spec": null,
  "viz_spec": null,
  "heat_spec": null,
  "type": "PoleResidue",
  "eps_inf": 0.5678466999796052,
  "poles": [
    [
      {
        "real": -6283185307.807905,
        "imag": -5519378644029175.0
      },
      {
        "real": 12014194.486374678,
        "imag": 4091725092.381568
      }
    ],
    [
      {
        "real": -6283185307.807905,
        "imag": -1.2828693898889406e+16
      },
      {
        "real": 154771503210.46234,
        "imag": 6.714522015926499e+16
      }
    ],
    [
      {
        "real": -6283185307.807905,
        "imag": -1.5949906049426204e+16
      },
      {
        "real": -176668996314.3753,
        "imag": -2.5275359131384148e+16
      }
    ]
  ]
}