{
  "attrs": {},
  "name": "SCP_M3",
  "frequency_range": null,
  "allow_gain": false,
  "nonlinear_spec": null,
  "modulation_spec": null,
  "viz_spec": null,
  "heat_spec": null,
  "type": "PoleResidue",
  "eps_inf": 0.32270992343483085,
  "poles": [
    [
      {
        "real": -10843694670.203465,
        "imag": -620916123757214.8
      },
      {
        "real": 595585286.7963359,
        "imag": 11898216381078.512
      }
    ],
    [
      {
        "real": -8055164455.692273,
        "imag": -4649997032254357.0
      },
      {
        "real": -1623835.4045490315,
        "imag": 1023996755.4745965
      }
    ],
    [
      {
        "real": -6318910659.440163,
        "imag": -1.2208132534966624e+16
      },
      {
        "real": 56639818361.15839,
        "imag": 4.608867059081458e+16
      }
    ]
  ]
}