{
  "attrs": {},
  "name": "RP_M1",
  "frequency_range": null,
  "allow_gain": false,
  "nonlinear_spec": null,
  "modulation_spec": null,
  "viz_spec": null,
  "heat_spec": null,
  "type": "PoleResidue",
  "eps_inf": 4.06640182479766,
  "poles": [
    [
      {
        "real": -0.12237225862912043,
        "imag": -9629785267014074.0
      },
      {
        "real": -2622046923.6937275,
        "imag": 1.8588835779244796e+16
      }
    ]
  ]
}