{
  "attrs": {},
  "name": "RP_M2",
  "frequency_range": null,
  "allow_gain": false,
  "nonlinear_spec": null,
  "modulation_spec": null,
  "viz_spec": null,
  "heat_spec": null,
  "type": "PoleResidue",
  "eps_inf": 2.354368228891064,
  "poles": [
    [
      {
        "real": -0.23051925959560207,
        "imag": -1.0922443093437292e+16
      },
      {
        "real": -1374724817.4942667,
        "imag": 3.033126101057723e+16
      }
    ],
    [
      {
        "real": -1.0426156841812775,
        "imag": -1521031321105878.0
      },
      {
        "real": 31206439.629814565,
        "imag": 9646997419256.05
      }
    ]
  ]
}