{
  "attrs": {},
  "name": "SCP_M3",
  "frequency_range": null,
  "allow_gain": false,
  "nonlinear_spec": null,
  "modulation_spec": null,
  "viz_spec": null,
  "heat_spec": null,
  "type": "PoleResidue",
  "eps_inf": 0.3951522672556696,
  "poles": [
    [
      {
        "real": -675244741482.67,
        "imag": -968969729409711.6
      },
      {
        "real": -1.758292895144297e+16,
        "imag": 2.830507258444743e+16
      }
    ],
    [
      {
        "real": -1345937673448094.8,
        "imag": -1217829080201319.0
      },
      {
        "real": 2.7697922026161548e+16,
        "imag": 1.3353673008566325e+17
      }
    ],
    [
      {
        "real": -314431109901766.56,
        "imag": -2624369017642772.0
      },
      {
        "real": 2162261133231815.5,
        "imag": 557514732652795.06
      }
    ]
  ]
}