{
  "attrs": {},
  "name": "SCP_M3",
  "frequency_range": null,
  "allow_gain": false,
  "nonlinear_spec": null,
  "modulation_spec": null,
  "viz_spec": null,
  "heat_spec": null,
  "type": "PoleResidue",
  "eps_inf": 1.6922294686171067,
  "poles": [
    [
      {
        "real": -339861161409113.94,
        "imag": -85631879178608.4
      },
      {
        "real": 3.0391295660865116e+16,
        "imag": 2.899330189476891e+17
      }
    ],
    [
      {
        "real": -676614650647783.9,
        "imag": -4391827021799056.5
      },
      {
        "real": 2931723631520996.5,
        "imag": -522462821021624.2
      }
    ],
    [
      {
        "real": -1914640606953941.0,
        "imag": -2674393413858034.5
      },
      {
        "real": -2.7410481509614892e+16,
        "imag": 4.514105960340469e+16
      }
    ]
  ]
}