{
  "attrs": {},
  "name": "SCP_M1",
  "frequency_range": null,
  "allow_gain": false,
  "nonlinear_spec": null,
  "modulation_spec": null,
  "viz_spec": null,
  "heat_spec": null,
  "type": "PoleResidue",
  "eps_inf": 2.9909937205279844,
  "poles": [
    [
      {
        "real": -167500841681979.47,
        "imag": -5690675671422841.0
      },
      {
        "real": 1525110184288302.2,
        "imag": 2.472416268149604e+16
      }
    ]
  ]
}