{
  "attrs": {},
  "name": "SCP_M3",
  "frequency_range": null,
  "allow_gain": false,
  "nonlinear_spec": null,
  "modulation_spec": null,
  "viz_spec": null,
  "heat_spec": null,
  "type": "PoleResidue",
  "eps_inf": 1.321516924438123,
  "poles": [
    [
      {
        "real": -3433233810094046.5,
        "imag": -907283796667396.1
      },
      {
        "real": 7459953480477405.0,
        "imag": -1.2076859053283284e+16
      }
    ],
    [
      {
        "real": -1665273708941412.5,
        "imag": -1268770549359057.8
      },
      {
        "real": -1010704358820637.4,
        "imag": 802090916572792.0
      }
    ],
    [
      {
        "real": -258707155199663.84,
        "imag": -5637663172928545.0
      },
      {
        "real": 5097726314096670.0,
        "imag": 2.3645665561811692e+16
      }
    ]
  ]
}