{
  "attrs": {},
  "name": "CP_M1",
  "frequency_range": null,
  "allow_gain": false,
  "nonlinear_spec": null,
  "modulation_spec": null,
  "viz_spec": null,
  "heat_spec": null,
  "type": "PoleResidue",
  "eps_inf": 1.2486594285988577,
  "poles": [
    [
      {
        "real": -2363805339866098.0,
        "imag": -4635645391398906.0
      },
      {
        "real": 1.6499273622112916e+16,
        "imag": 4.909777616073414e+16
      }
    ]
  ],
  "model_family": "CP",
  "order_N": 1
}