{
  "attrs": {},
  "name": "SCP_M1",
  "frequency_range": null,
  "allow_gain": false,
  "nonlinear_spec": null,
  "modulation_spec": null,
  "viz_spec": null,
  "heat_spec": null,
  "type": "PoleResidue",
  "eps_inf": 1.115941384748263,
  "poles": [
    [
      {
        "real": -2600213873789321.0,
        "imag": -3137016928436126.0
      },
      {
        "real": 4.271323662392311e+16,
        "imag": 2.1333168325555988e+16
      }
    ]
  ]
}