{
  "attrs": {},
  "name": "CP_M2",
  "frequency_range": null,
  "allow_gain": false,
  "nonlinear_spec": null,
  "modulation_spec": null,
  "viz_spec": null,
  "heat_spec": null,
  "type": "PoleResidue",
  "eps_inf": 3.8248022413867493,
  "poles": [
    [
      {
        "real": -2250973767934579.8,
        "imag": -4322377792259940.0
      },
      {
        "real": 1.1781029637042604e+16,
        "imag": 3.8336407964797976e+16
      }
    ],
    [
      {
        "real": -429532953960232.1,
        "imag": -6666344262502725.0
      },
      {
        "real": -6036427238413389.0,
        "imag": 4987663866256410.0
      }
    ]
  ]
}