{
  "attrs": {},
  "name": "CP_M2",
  "frequency_range": null,
  "allow_gain": false,
  "nonlinear_spec": null,
  "modulation_spec": null,
  "viz_spec": null,
  "heat_spec": null,
  "type": "PoleResidue",
  "eps_inf": 4.103115349477308,
  "poles": [
    [
      {
        "real": -44330887304854.445,
        "imag": -2499531027954055.5
      },
      {
        "real": 427055416991940.6,
        "imag": 604846720092406.2
      }
    ],
    [
      {
        "real": -778001231469261.9,
        "imag": -4434099279335509.0
      },
      {
        "real": 1065746627467084.0,
        "imag": 2.1765079533831844e+16
      }
    ]
  ]
}