{
  "attrs": {},
  "name": "CP_M1",
  "frequency_range": null,
  "allow_gain": false,
  "nonlinear_spec": null,
  "modulation_spec": null,
  "viz_spec": null,
  "heat_spec": null,
  "type": "PoleResidue",
  "eps_inf": 4.748220878468949,
  "poles": [
    [
      {
        "real": -781758154203158.2,
        "imag": -4420865405869708.5
      },
      {
        "real": 30084586249433.543,
        "imag": 2.2442408247077796e+16
      }
    ]
  ]
}