{
  "attrs": {},
  "name": "RP_M3",
  "frequency_range": null,
  "allow_gain": false,
  "nonlinear_spec": null,
  "modulation_spec": null,
  "viz_spec": null,
  "heat_spec": null,
  "type": "PoleResidue",
  "eps_inf": 0.35793824029559085,
  "poles": [
    [
      {
        "real": -1108786597931988.5,
        "imag": -5332463197790397.0
      },
      {
        "real": 1.550045486847959e+16,
        "imag": 1.9084854277021988e+16
      }
    ],
    [
      {
        "real": -599303841997942.2,
        "imag": -4511941237575856.0
      },
      {
        "real": -1.2763063724798238e+16,
        "imag": 1.395564602522156e+16
      }
    ],
    [
      {
        "real": -53858236099861.02,
        "imag": -2528371239451967.0
      },
      {
        "real": 271984441309161.9,
        "imag": 647146793407990.5
      }
    ]
  ]
}