{
  "attrs": {},
  "name": "CP_M1",
  "frequency_range": null,
  "allow_gain": false,
  "nonlinear_spec": null,
  "modulation_spec": null,
  "viz_spec": null,
  "heat_spec": null,
  "type": "PoleResidue",
  "eps_inf": 1.931318207356507,
  "poles": [
    [
      {
        "real": -475756255814257.2,
        "imag": -1.0259255868442832e+16
      },
      {
        "real": 43511314632184.94,
        "imag": 987909963582389.6
      }
    ]
  ]
}