{
  "attrs": {},
  "name": "SCP_M3",
  "frequency_range": null,
  "allow_gain": false,
  "nonlinear_spec": null,
  "modulation_spec": null,
  "viz_spec": null,
  "heat_spec": null,
  "type": "PoleResidue",
  "eps_inf": 1.191261302683856,
  "poles": [
    [
      {
        "real": -7820118822164063.0,
        "imag": -7004999012838876.0
      },
      {
        "real": -91848133883987.9,
        "imag": -24247906475942.07
      }
    ],
    [
      {
        "real": -5744045644442794.0,
        "imag": -9734759734408784.0
      },
      {
        "real": -173206475639708.22,
        "imag": 111312117429458.53
      }
    ],
    [
      {
        "real": -1253822564560753.5,
        "imag": -1.8667232081487492e+16
      },
      {
        "real": 1291448889717902.0,
        "imag": 8762697520016756.0
      }
    ]
  ]
}