{
  "attrs": {},
  "name": "CP_M2",
  "frequency_range": null,
  "allow_gain": false,
  "nonlinear_spec": null,
  "modulation_spec": null,
  "viz_spec": null,
  "heat_spec": null,
  "type": "PoleResidue",
  "eps_inf": 1.3854488473202662,
  "poles": [
    [
      {
        "real": -6570047047299536.0,
        "imag": -9447290145249376.0
      },
      {
        "real": -14429854979434.762,
        "imag": 144771240469451.7
      }
    ],
    [
      {
        "real": -55111026302860.2,
        "imag": -1.7053227939747122e+16
      },
      {
        "real": 121145976119603.52,
        "imag": 6102609766795759.0
      }
    ]
  ]
}