{
  "attrs": {},
  "name": "SCP_M2",
  "frequency_range": null,
  "allow_gain": false,
  "nonlinear_spec": null,
  "modulation_spec": null,
  "viz_spec": null,
  "heat_spec": null,
  "type": "PoleResidue",
  "eps_inf": 1.2224473822852457,
  "poles": [
    [
      {
        "real": -2824100374272311.5,
        "imag": -1.4272762072310824e+16
      },
      {
        "real": 806056282694694.6,
        "imag": -440948975443920.6
      }
    ],
    [
      {
        "real": -1403617648949018.8,
        "imag": -1.9605758930844924e+16
      },
      {
        "real": -661884280783388.5,
        "imag": 9268997072972088.0
      }
    ]
  ],
  "model_family": "SCP",
  "order_N": 2
}