{
  "attrs": {},
  "name": "SCP_M1",
  "frequency_range": null,
  "allow_gain": false,
  "nonlinear_spec": null,
  "modulation_spec": null,
  "viz_spec": null,
  "heat_spec": null,
  "type": "PoleResidue",
  "eps_inf": 1.3623279657472547,
  "poles": [
    [
      {
        "real": -318432292071835.7,
        "imag": -1.781550575735483e+16
      },
      {
        "real": 8831991920253.592,
        "imag": 6755685454520791.0
      }
    ]
  ]
}