{
  "attrs": {},
  "name": "SCP_M2",
  "frequency_range": null,
  "allow_gain": false,
  "nonlinear_spec": null,
  "modulation_spec": null,
  "viz_spec": null,
  "heat_spec": null,
  "type": "PoleResidue",
  "eps_inf": 1.7820407466297001,
  "poles": [
    [
      {
        "real": -2004380204852983.2,
        "imag": -635974289264944.0
      },
      {
        "real": 5.8523883812462536e+16,
        "imag": 1.1495621645949803e+17
      }
    ],
    [
      {
        "real": -140517669639.93613,
        "imag": -1129498560931323.5
      },
      {
        "real": -4.310294474121578e+16,
        "imag": 1.0398719708229187e+17
      }
    ]
  ]
}