{
  "attrs": {},
  "name": "SCP_M3",
  "frequency_range": null,
  "allow_gain": false,
  "nonlinear_spec": null,
  "modulation_spec": null,
  "viz_spec": null,
  "heat_spec": null,
  "type": "PoleResidue",
  "eps_inf": 1.772853299386408,
  "poles": [
    [
      {
        "real": -993495204913326.1,
        "imag": -655253867849929.6
      },
      {
        "real": 2.3240757720525892e+16,
        "imag": 2.741420513183934e+17
      }
    ],
    [
      {
        "real": -154450953623.82605,
        "imag": -2553819378960915.5
      },
      {
        "real": -1.846094072158193e+16,
        "imag": -1.017463272107592e+16
      }
    ],
    [
      {
        "real": -2490735676627047.0,
        "imag": -5881070304236103.0
      },
      {
        "real": 5909395942771765.0,
        "imag": 3563713313922669.0
      }
    ]
  ]
}