{
  "attrs": {},
  "name": "SCP_M3",
  "frequency_range": null,
  "allow_gain": false,
  "nonlinear_spec": null,
  "modulation_spec": null,
  "viz_spec": null,
  "heat_spec": null,
  "type": "PoleResidue",
  "eps_inf": 3.2569713229927046,
  "poles": [
    [
      {
        "real": -697470245199378.9,
        "imag": -768499330774868.5
      },
      {
        "real": 7.784933555334357e+16,
        "imag": 3.620414056543603e+17
      }
    ],
    [
      {
        "real": -92076525404.65654,
        "imag": -1903180477618733.5
      },
      {
        "real": -7.0592783118173896e+16,
        "imag": -4.643361177242651e+16
      }
    ],
    [
      {
        "real": -2187183460809701.2,
        "imag": -6407858056702536.0
      },
      {
        "real": 1781886738226961.0,
        "imag": 4199848936394963.0
      }
    ]
  ],
  "model_family": "SCP",
  "order_N": 3
}