{
  "attrs": {},
  "name": "SCP_M1",
  "frequency_range": null,
  "allow_gain": false,
  "nonlinear_spec": null,
  "modulation_spec": null,
  "viz_spec": null,
  "heat_spec": null,
  "type": "PoleResidue",
  "eps_inf": 0.9829533537114828,
  "poles": [
    [
      {
        "real": -1721861389144297.5,
        "imag": -8649385952366152.0
      },
      {
        "real": 7086508203888494.0,
        "imag": 1.6794709011439044e+16
      }
    ]
  ]
}