{
  "attrs": {},
  "name": "CP_M1",
  "frequency_range": null,
  "allow_gain": false,
  "nonlinear_spec": null,
  "modulation_spec": null,
  "viz_spec": null,
  "heat_spec": null,
  "type": "PoleResidue",
  "eps_inf": 2.4309334012602166,
  "poles": [
    [
      {
        "real": -832308254082544.2,
        "imag": -7970421753232809.0
      },
      {
        "real": 2046375059763336.8,
        "imag": 1.0543645450963978e+16
      }
    ]
  ]
}