{
  "attrs": {},
  "name": "CP_M3",
  "frequency_range": null,
  "allow_gain": false,
  "nonlinear_spec": null,
  "modulation_spec": null,
  "viz_spec": null,
  "heat_spec": null,
  "type": "PoleResidue",
  "eps_inf": 1.6844875478030987,
  "poles": [
    [
      {
        "real": -560882888979201.3,
        "imag": -5395882708860453.0
      },
      {
        "real": 453996609343562.0,
        "imag": 98947829236657.36
      }
    ],
    [
      {
        "real": -2684807556269272.0,
        "imag": -6491482753994757.0
      },
      {
        "real": -2.2502172533279014e+17,
        "imag": 6.420564315190728e+16
      }
    ],
    [
      {
        "real": -2624134009120758.0,
        "imag": -6558310292941829.0
      },
      {
        "real": 2.3490886399691587e+17,
        "imag": -5.2102283687180856e+16
      }
    ]
  ]
}