{
  "attrs": {},
  "name": "CP_M3",
  "frequency_range": null,
  "allow_gain": false,
  "nonlinear_spec": null,
  "modulation_spec": null,
  "viz_spec": null,
  "heat_spec": null,
  "type": "PoleResidue",
  "eps_inf": 2.254118307147229,
  "poles": [
    [
      {
        "real": -5238440858578681.0,
        "imag": -4888441127168140.0
      },
      {
        "real": -8619202518731719.0,
        "imag": 49146391506156.7
      }
    ],
    [
      {
        "real": -600183044077444.4,
        "imag": -5343504342575558.0
      },
      {
        "real": 478825879165816.44,
        "imag": -127742041906627.66
      }
    ],
    [
      {
        "real": -2525645923174920.0,
        "imag": -8675770837520291.0
      },
      {
        "real": 8266946088957407.0,
        "imag": 1.9756369367886292e+16
      }
    ]
  ]
}