{
  "attrs": {},
  "name": "CP_M3",
  "frequency_range": null,
  "allow_gain": false,
  "nonlinear_spec": null,
  "modulation_spec": null,
  "viz_spec": null,
  "heat_spec": null,
  "type": "PoleResidue",
  "eps_inf": 1.5730274876764114,
  "poles": [
    [
      {
        "real": -623401811191107.1,
        "imag": -5411015781791285.0
      },
      {
        "real": 893877722987767.0,
        "imag": -159521738904856.4
      }
    ],
    [
      {
        "real": -663413866791790.5,
        "imag": -6026058390264741.0
      },
      {
        "real": -98935195246541.58,
        "imag": -498821602652815.3
      }
    ],
    [
      {
        "real": -2681743420472305.0,
        "imag": -8626221728179110.0
      },
      {
        "real": 7490553750578185.0,
        "imag": 1.5397879015575818e+16
      }
    ]
  ],
  "model_family": "CP",
  "order_N": 3
}