{
  "attrs": {},
  "name": "RP_M2",
  "frequency_range": null,
  "allow_gain": false,
  "nonlinear_spec": null,
  "modulation_spec": null,
  "viz_spec": null,
  "heat_spec": null,
  "type": "PoleResidue",
  "eps_inf": 2.707526899304397,
  "poles": [
    [
      {
        "real": -1491701598839787.0,
        "imag": -8657731018031226.0
      },
      {
        "real": 679384384438204.9,
        "imag": 1.1345588870697114e+16
      }
    ],
    [
      {
        "real": -930621221098863.6,
        "imag": -5378639510330852.0
      },
      {
        "real": 944389899145301.9,
        "imag": -456711209877259.7
      }
    ]
  ]
}