{
  "attrs": {},
  "name": "CP_M1",
  "frequency_range": null,
  "allow_gain": false,
  "nonlinear_spec": null,
  "modulation_spec": null,
  "viz_spec": null,
  "heat_spec": null,
  "type": "PoleResidue",
  "eps_inf": 4.599836550677503,
  "poles": [
    [
      {
        "real": -1073669955318802.6,
        "imag": -3795939659518017.5
      },
      {
        "real": 1.0632694529207938e+16,
        "imag": 1.8853808754446508e+16
      }
    ]
  ],
  "model_family": "CP",
  "order_N": 1
}