{
  "attrs": {},
  "name": "CP_M3",
  "frequency_range": null,
  "allow_gain": false,
  "nonlinear_spec": null,
  "modulation_spec": null,
  "viz_spec": null,
  "heat_spec": null,
  "type": "PoleResidue",
  "eps_inf": 0.4392271473712484,
  "poles": [
    [
      {
        "real": -1079966737140391.8,
        "imag": -3796059805446940.0
      },
      {
        "real": 3918996459218465.5,
        "imag": 1.9042000712729884e+16
      }
    ],
    [
      {
        "real": -770727208160340.6,
        "imag": -5610153577084050.0
      },
      {
        "real": 4180143247524952.0,
        "imag": 1.1839351716797616e+16
      }
    ],
    [
      {
        "real": -325627191098386.25,
        "imag": -6096694933482139.0
      },
      {
        "real": 1052674658882605.9,
        "imag": 1630302140448513.8
      }
    ]
  ]
}