{
  "attrs": {},
  "name": "CP_M1",
  "frequency_range": null,
  "allow_gain": false,
  "nonlinear_spec": null,
  "modulation_spec": null,
  "viz_spec": null,
  "heat_spec": null,
  "type": "PoleResidue",
  "eps_inf": 4.812068552953469,
  "poles": [
    [
      {
        "real": -6283185307.179586,
        "imag": -5646414848098615.0
      },
      {
        "real": 5696815270.01939,
        "imag": 2533146166846195.5
      }
    ]
  ]
}