{
  "attrs": {},
  "name": "CP_M2",
  "frequency_range": null,
  "allow_gain": false,
  "nonlinear_spec": null,
  "modulation_spec": null,
  "viz_spec": null,
  "heat_spec": null,
  "type": "PoleResidue",
  "eps_inf": 2.9139890160643733,
  "poles": [
    [
      {
        "real": -6283185307.179586,
        "imag": -5014070117477498.0
      },
      {
        "real": 7348518395.169773,
        "imag": 242974337437611.66
      }
    ],
    [
      {
        "real": -6283185307.179586,
        "imag": -8152311876979444.0
      },
      {
        "real": -16879620581.030182,
        "imag": 1.0650734234902428e+16
      }
    ]
  ]
}