{
  "attrs": {},
  "name": "SCP_M3",
  "frequency_range": null,
  "allow_gain": false,
  "nonlinear_spec": null,
  "modulation_spec": null,
  "viz_spec": null,
  "heat_spec": null,
  "type": "PoleResidue",
  "eps_inf": 1.146371366162015,
  "poles": [
    [
      {
        "real": -295376716028250.44,
        "imag": -6151309213287456.0
      },
      {
        "real": -1031583064.2826605,
        "imag": 597286472.6863533
      }
    ],
    [
      {
        "real": -295376707416473.5,
        "imag": -6151309241661207.0
      },
      {
        "real": -1031594975.6735976,
        "imag": 597238796.1631545
      }
    ],
    [
      {
        "real": -10016282858.025274,
        "imag": -1.3667947028082436e+16
      },
      {
        "real": 34711188973.44139,
        "imag": 1.61622344543627e+16
      }
    ]
  ]
}