{
  "attrs": {},
  "name": "CP_M1",
  "frequency_range": null,
  "allow_gain": false,
  "nonlinear_spec": null,
  "modulation_spec": null,
  "viz_spec": null,
  "heat_spec": null,
  "type": "PoleResidue",
  "eps_inf": 1.1464459599598302,
  "poles": [
    [
      {
        "real": -6283185307.179586,
        "imag": -1.3668092244079824e+16
      },
      {
        "real": 12709589045.001875,
        "imag": 1.6161990380632316e+16
      }
    ]
  ]
}