{
  "attrs": {},
  "name": "RP_M1",
  "frequency_range": null,
  "allow_gain": false,
  "nonlinear_spec": null,
  "modulation_spec": null,
  "viz_spec": null,
  "heat_spec": null,
  "type": "PoleResidue",
  "eps_inf": 2.3826797808103515,
  "poles": [
    [
      {
        "real": -0.11284974653950489,
        "imag": -1.0588532585015008e+16
      },
      {
        "real": -1692992396.7587266,
        "imag": 6117638421411597.0
      }
    ]
  ]
}