{
  "attrs": {},
  "name": "RP_M2",
  "frequency_range": null,
  "allow_gain": false,
  "nonlinear_spec": null,
  "modulation_spec": null,
  "viz_spec": null,
  "heat_spec": null,
  "type": "PoleResidue",
  "eps_inf": 2.3944979338465,
  "poles": [
    [
      {
        "real": -0.08030000098479532,
        "imag": -1.055556340499779e+16
      },
      {
        "real": -1681596069.8395708,
        "imag": 6038286770967134.0
      }
    ],
    [
      {
        "real": -0.21022210657577614,
        "imag": -5577081632887134.0
      },
      {
        "real": 15992.282935959403,
        "imag": 75561053292.09653
      }
    ]
  ]
}