{
  "attrs": {},
  "name": "RP_M3",
  "frequency_range": null,
  "allow_gain": false,
  "nonlinear_spec": null,
  "modulation_spec": null,
  "viz_spec": null,
  "heat_spec": null,
  "type": "PoleResidue",
  "eps_inf": 2.0870469538090735,
  "poles": [
    [
      {
        "real": -628.3185307179587,
        "imag": 1.1383919185794054e+16
      },
      {
        "real": 681482324768.4967,
        "imag": -8190704860144619.0
      }
    ],
    [
      {
        "real": -531795519360995.3,
        "imag": 5742586005887956.0
      },
      {
        "real": 822577509376.2817,
        "imag": -3666112069093.0703
      }
    ],
    [
      {
        "real": -628.3185307179587,
        "imag": 5554290125214079.0
      },
      {
        "real": -9009682787.113409,
        "imag": -129124913210.37279
      }
    ]
  ],
  "model_family": "RP",
  "order_N": 3
}