{
  "attrs": {},
  "name": "SCP_M2",
  "frequency_range": null,
  "allow_gain": false,
  "nonlinear_spec": null,
  "modulation_spec": null,
  "viz_spec": null,
  "heat_spec": null,
  "type": "PoleResidue",
  "eps_inf": 0.8353444762298747,
  "poles": [
    [
      {
        "real": -9133750889635016.0,
        "imag": -4857112748935448.0
      },
      {
        "real": -82604116901.7124,
        "imag": -193610591989.79504
      }
    ],
    [
      {
        "real": -945428235185.7906,
        "imag": -1.4338169683234152e+16
      },
      {
        "real": 1828784706855.7751,
        "imag": 1.915450158171364e+16
      }
    ]
  ],
  "model_family": "SCP",
  "order_N": 2
}