{
  "attrs": {},
  "name": "SCP_M1",
  "frequency_range": null,
  "allow_gain": false,
  "nonlinear_spec": null,
  "modulation_spec": null,
  "viz_spec": null,
  "heat_spec": null,
  "type": "PoleResidue",
  "eps_inf": 1.0680400067463371,
  "poles": [
    [
      {
        "real": -6283185307.807905,
        "imag": -1.3841537027640708e+16
      },
      {
        "real": 15821129833.102013,
        "imag": 1.6903277361099634e+16
      }
    ]
  ],
  "model_family": "SCP",
  "order_N": 1
}