{
  "attrs": {},
  "name": "SCP_M3",
  "frequency_range": null,
  "allow_gain": false,
  "nonlinear_spec": null,
  "modulation_spec": null,
  "viz_spec": null,
  "heat_spec": null,
  "type": "PoleResidue",
  "eps_inf": 0.6305733388524472,
  "poles": [
    [
      {
        "real": -179646959424468.66,
        "imag": -85622681573965.64
      },
      {
        "real": -4842352146875288.0,
        "imag": 4.127871368684445e+17
      }
    ],
    [
      {
        "real": -1056111882609585.5,
        "imag": -1074870905313331.1
      },
      {
        "real": 9854067732364386.0,
        "imag": 1.5309144796172734e+16
      }
    ],
    [
      {
        "real": -1886867029881118.8,
        "imag": -2398451440523253.0
      },
      {
        "real": -1459846701120199.5,
        "imag": 5.2718530703755096e+16
      }
    ]
  ]
}