{
  "attrs": {},
  "name": "SCP_M2",
  "frequency_range": null,
  "allow_gain": false,
  "nonlinear_spec": null,
  "modulation_spec": null,
  "viz_spec": null,
  "heat_spec": null,
  "type": "PoleResidue",
  "eps_inf": 0.6298135713176116,
  "poles": [
    [
      {
        "real": -1973277878820940.5,
        "imag": -2415106837492702.5
      },
      {
        "real": -9864874749811610.0,
        "imag": 5.411278620764983e+16
      }
    ],
    [
      {
        "real": -21359466086503.617,
        "imag": -108240085998050.97
      },
      {
        "real": 1.3666041423989302e+16,
        "imag": 1.7552097274135446e+17
      }
    ]
  ]
}