{
  "attrs": {},
  "name": "RP_M2",
  "frequency_range": null,
  "allow_gain": false,
  "nonlinear_spec": null,
  "modulation_spec": null,
  "viz_spec": null,
  "heat_spec": null,
  "type": "PoleResidue",
  "eps_inf": 0.5647078500734914,
  "poles": [
    [
      {
        "real": -1971905720785359.0,
        "imag": 2440797044020653.5
      },
      {
        "real": -9615055989611566.0,
        "imag": -5.44202416226381e+16
      }
    ],
    [
      {
        "real": -83501238634739.7,
        "imag": 356727576050468.3
      },
      {
        "real": 1.2484673840746162e+16,
        "imag": -5.683471488710635e+16
      }
    ]
  ],
  "model_family": "RP",
  "order_N": 2
}