{
  "attrs": {},
  "name": "CP_M3",
  "frequency_range": null,
  "allow_gain": false,
  "nonlinear_spec": null,
  "modulation_spec": null,
  "viz_spec": null,
  "heat_spec": null,
  "type": "PoleResidue",
  "eps_inf": 1.735456223243946,
  "poles": [
    [
      {
        "real": -281405002966973.38,
        "imag": -845768733840661.2
      },
      {
        "real": -2.869363422731583e+16,
        "imag": 1.6050775422541482e+17
      }
    ],
    [
      {
        "real": -665346654775592.1,
        "imag": -1405349041496093.2
      },
      {
        "real": 2.8547932963794748e+16,
        "imag": -2.426345251161382e+16
      }
    ],
    [
      {
        "real": -661300835674890.5,
        "imag": -6128948586929284.0
      },
      {
        "real": 2341120348292140.5,
        "imag": 1682112298708298.8
      }
    ]
  ]
}