{
  "attrs": {},
  "name": "CP_M2",
  "frequency_range": null,
  "allow_gain": false,
  "nonlinear_spec": null,
  "modulation_spec": null,
  "viz_spec": null,
  "heat_spec": null,
  "type": "PoleResidue",
  "eps_inf": 1.6173062177435156,
  "poles": [
    [
      {
        "real": -28170149354714.793,
        "imag": -499091633343241.0
      },
      {
        "real": 8212140152339337.0,
        "imag": 1.6288667979367494e+17
      }
    ],
    [
      {
        "real": -3169959748740455.5,
        "imag": -3872180392191421.5
      },
      {
        "real": 8484344720719833.0,
        "imag": -1.9535598762749348e+16
      }
    ]
  ]
}