{
  "attrs": {},
  "name": "SCP_M1",
  "frequency_range": null,
  "allow_gain": false,
  "nonlinear_spec": null,
  "modulation_spec": null,
  "viz_spec": null,
  "heat_spec": null,
  "type": "PoleResidue",
  "eps_inf": 6.08211982865068,
  "poles": [
    [
      {
        "real": -6283185307.182451,
        "imag": -102134099879871.31
      },
      {
        "real": 2092887484459668.2,
        "imag": 1.0213409987984658e+18
      }
    ]
  ]
}