{
  "attrs": {},
  "name": "SCP_M1",
  "frequency_range": null,
  "allow_gain": false,
  "nonlinear_spec": null,
  "modulation_spec": null,
  "viz_spec": null,
  "heat_spec": null,
  "type": "PoleResidue",
  "eps_inf": 6.082135189296374,
  "poles": [
    [
      {
        "real": -6283185324.340199,
        "imag": -102134133154358.36
      },
      {
        "real": 2092842878189975.5,
        "imag": 1.0213413315435834e+18
      }
    ]
  ]
}