{
  "attrs": {},
  "name": "SCP_M3",
  "frequency_range": null,
  "allow_gain": false,
  "nonlinear_spec": null,
  "modulation_spec": null,
  "viz_spec": null,
  "heat_spec": null,
  "type": "PoleResidue",
  "eps_inf": 3.1414658183973163,
  "poles": [
    [
      {
        "real": -65112981357151.24,
        "imag": -371910028966825.94
      },
      {
        "real": 1.1078688197567878e+16,
        "imag": 2.4747780597517677e+17
      }
    ],
    [
      {
        "real": -1527460136839909.2,
        "imag": -2052690840613009.2
      },
      {
        "real": 2.6591300613333484e+16,
        "imag": -4.244535286542418e+16
      }
    ],
    [
      {
        "real": -1411664398041700.2,
        "imag": -2951857214765203.0
      },
      {
        "real": -2.6301751032012384e+16,
        "imag": 7356793788770236.0
      }
    ]
  ]
}