{
  "attrs": {},
  "name": "SCP_M1",
  "frequency_range": null,
  "allow_gain": false,
  "nonlinear_spec": null,
  "modulation_spec": null,
  "viz_spec": null,
  "heat_spec": null,
  "type": "PoleResidue",
  "eps_inf": 2.713756541818663,
  "poles": [
    [
      {
        "real": -6387849688.226513,
        "imag": -8549532146173735.0
      },
      {
        "real": 9241485021.799458,
        "imag": 7252278795882810.0
      }
    ]
  ]
}