{
  "attrs": {},
  "name": "CP_M1",
  "frequency_range": null,
  "allow_gain": false,
  "nonlinear_spec": null,
  "modulation_spec": null,
  "viz_spec": null,
  "heat_spec": null,
  "type": "PoleResidue",
  "eps_inf": 2.7013273679709413,
  "poles": [
    [
      {
        "real": -6283185307.179586,
        "imag": -8566308544390363.0
      },
      {
        "real": 9124515192.41579,
        "imag": 7317698918230074.0
      }
    ]
  ]
}