{
  "attrs": {},
  "name": "SCP_M3",
  "frequency_range": null,
  "allow_gain": false,
  "nonlinear_spec": null,
  "modulation_spec": null,
  "viz_spec": null,
  "heat_spec": null,
  "type": "PoleResidue",
  "eps_inf": 2.0836288768851814,
  "poles": [
    [
      {
        "real": -6283185307.807905,
        "imag": -7262288761506693.0
      },
      {
        "real": 13768469265.766289,
        "imag": 944216762420029.1
      }
    ],
    [
      {
        "real": -6283185307.807905,
        "imag": -1.0008118986616226e+16
      },
      {
        "real": -26103935809.78634,
        "imag": 9524426651269884.0
      }
    ],
    [
      {
        "real": -6283185307.807905,
        "imag": -1.627354456927762e+16
      },
      {
        "real": 40398944772.097305,
        "imag": 1277178059595995.2
      }
    ]
  ]
}