{
  "attrs": {},
  "name": "SCP_M2",
  "frequency_range": null,
  "allow_gain": false,
  "nonlinear_spec": null,
  "modulation_spec": null,
  "viz_spec": null,
  "heat_spec": null,
  "type": "PoleResidue",
  "eps_inf": 2.401162773880409,
  "poles": [
    [
      {
        "real": -6283185307.807905,
        "imag": -6806225853846341.0
      },
      {
        "real": 6085728696.315223,
        "imag": 211906734983675.34
      }
    ],
    [
      {
        "real": -6283185307.807905,
        "imag": -9212340882994446.0
      },
      {
        "real": -458311084.6271906,
        "imag": 8943783035080108.0
      }
    ]
  ]
}