{
  "attrs": {},
  "name": "RP_M3",
  "frequency_range": null,
  "allow_gain": false,
  "nonlinear_spec": null,
  "modulation_spec": null,
  "viz_spec": null,
  "heat_spec": null,
  "type": "PoleResidue",
  "eps_inf": 2.1148546403987587,
  "poles": [
    [
      {
        "real": -628.3185307179587,
        "imag": 1.0442405808800734e+16
      },
      {
        "real": -1515117631.1724029,
        "imag": -9787412783859494.0
      }
    ],
    [
      {
        "real": -628.3185307179587,
        "imag": 7555010815064242.0
      },
      {
        "real": -1147837859.7980719,
        "imag": -1548395058015886.5
      }
    ],
    [
      {
        "real": -628.3185307179587,
        "imag": 6525531518756774.0
      },
      {
        "real": 248962064.2592494,
        "imag": -15840596810143.043
      }
    ]
  ],
  "model_family": "RP",
  "order_N": 3
}