{
    "attrs": {},
    "name": "GlobalCP_selected_N3",
    "frequency_range": null,
    "allow_gain": false,
    "nonlinear_spec": null,
    "modulation_spec": null,
    "viz_spec": null,
    "heat_spec": null,
    "type": "PoleResidue",
    "eps_inf": 0.6682627780216339,
    "poles": [
        [
            {
                "real": -44789515208471.87,
                "imag": -2585541903231593.0
            },
            {
                "real": 24677399032770.316,
                "imag": 9521005588240.287
            }
        ],
        [
            {
                "real": -1090465806411530.0,
                "imag": -3172022836768452.5
            },
            {
                "real": 1493030728926579.5,
                "imag": 1150644959425995.2
            }
        ],
        [
            {
                "real": -1289642813364218.2,
                "imag": -6855119575957066.0
            },
            {
                "real": 2010411454852628.8,
                "imag": 1.3224176482163988e+16
            }
        ]
    ]
}