{
  "attrs": {},
  "name": "RP_M3",
  "frequency_range": null,
  "allow_gain": false,
  "nonlinear_spec": null,
  "modulation_spec": null,
  "viz_spec": null,
  "heat_spec": null,
  "type": "PoleResidue",
  "eps_inf": 1.4307577515700214,
  "poles": [
    [
      {
        "real": -1153248283235295.8,
        "imag": 6932384591410795.0
      },
      {
        "real": -545370571682026.44,
        "imag": -1.2678549177838416e+16
      }
    ],
    [
      {
        "real": -882943787196539.6,
        "imag": 3189803911721069.5
      },
      {
        "real": 989211675277047.4,
        "imag": -822870877372453.5
      }
    ],
    [
      {
        "real": -42800501498295.164,
        "imag": 2592816451788155.0
      },
      {
        "real": 23335053098408.38,
        "imag": -13367630535578.732
      }
    ]
  ],
  "model_family": "RP",
  "order_N": 3
}