{
  "attrs": {},
  "name": "SCP_M3",
  "frequency_range": null,
  "allow_gain": false,
  "nonlinear_spec": null,
  "modulation_spec": null,
  "viz_spec": null,
  "heat_spec": null,
  "type": "PoleResidue",
  "eps_inf": 1.279217819572,
  "poles": [
    [
      {
        "real": -6283185307.807905,
        "imag": -1.1692115409414146e+16
      },
      {
        "real": 22564187426.894627,
        "imag": 3943173782042987.5
      }
    ],
    [
      {
        "real": -6283185307.807905,
        "imag": -1.5542368675451628e+16
      },
      {
        "real": -12615456347.10801,
        "imag": 1714102496775781.5
      }
    ],
    [
      {
        "real": -6283185307.807905,
        "imag": -1.7027389600082836e+16
      },
      {
        "real": -3457435667.5921903,
        "imag": 2.90120525134877e+16
      }
    ]
  ]
}