{
  "attrs": {},
  "name": "CP_M2",
  "frequency_range": null,
  "allow_gain": false,
  "nonlinear_spec": null,
  "modulation_spec": null,
  "viz_spec": null,
  "heat_spec": null,
  "type": "PoleResidue",
  "eps_inf": 1.2545383226863183,
  "poles": [
    [
      {
        "real": -6283185307.179586,
        "imag": -1.1692115409414146e+16
      },
      {
        "real": 37120495324.057816,
        "imag": 4048109716734458.5
      }
    ],
    [
      {
        "real": -6283185307.179586,
        "imag": -1.7027389600082836e+16
      },
      {
        "real": -55407479223.60436,
        "imag": 3.094715623759457e+16
      }
    ]
  ]
}