{
  "attrs": {},
  "name": "SCP_M1",
  "frequency_range": null,
  "allow_gain": false,
  "nonlinear_spec": null,
  "modulation_spec": null,
  "viz_spec": null,
  "heat_spec": null,
  "type": "PoleResidue",
  "eps_inf": 1.9107098731325793,
  "poles": [
    [
      {
        "real": -6424276136.7388315,
        "imag": -1.4468795011334998e+16
      },
      {
        "real": 17077567342.745493,
        "imag": 2.656112178635521e+16
      }
    ]
  ]
}