{
  "attrs": {},
  "name": "CP_M1",
  "frequency_range": null,
  "allow_gain": false,
  "nonlinear_spec": null,
  "modulation_spec": null,
  "viz_spec": null,
  "heat_spec": null,
  "type": "PoleResidue",
  "eps_inf": 2.250371993920108,
  "poles": [
    [
      {
        "real": -6283185307.179586,
        "imag": -1.389724256024903e+16
      },
      {
        "real": 15713694226.299969,
        "imag": 2.316256332007663e+16
      }
    ]
  ]
}