{
  "attrs": {},
  "name": "SCP_M2",
  "frequency_range": null,
  "allow_gain": false,
  "nonlinear_spec": null,
  "modulation_spec": null,
  "viz_spec": null,
  "heat_spec": null,
  "type": "PoleResidue",
  "eps_inf": 1.9445547577498599,
  "poles": [
    [
      {
        "real": -6283185307.807905,
        "imag": -1.4720394587113242e+16
      },
      {
        "real": 260085989812.07288,
        "imag": 3.736417525304012e+16
      }
    ],
    [
      {
        "real": -6283185307.807905,
        "imag": -1.5622835698328184e+16
      },
      {
        "real": -268586785623.87885,
        "imag": -1.1239301012217072e+16
      }
    ]
  ]
}