{
  "attrs": {},
  "name": "SCP_M3",
  "frequency_range": null,
  "allow_gain": false,
  "nonlinear_spec": null,
  "modulation_spec": null,
  "viz_spec": null,
  "heat_spec": null,
  "type": "PoleResidue",
  "eps_inf": 1.1136429085095363,
  "poles": [
    [
      {
        "real": -6283185307.807905,
        "imag": -1.2098704167383236e+16
      },
      {
        "real": 32534480610.070457,
        "imag": 5876724550252821.0
      }
    ],
    [
      {
        "real": -6283185307.807905,
        "imag": -1.631126533021693e+16
      },
      {
        "real": -65955640269.76927,
        "imag": 8208338603974241.0
      }
    ],
    [
      {
        "real": -6283185307.807905,
        "imag": -1.862083158454098e+16
      },
      {
        "real": 43833211673.06687,
        "imag": 2.318675231290624e+16
      }
    ]
  ]
}