{
  "attrs": {},
  "name": "RP_M1",
  "frequency_range": null,
  "allow_gain": false,
  "nonlinear_spec": null,
  "modulation_spec": null,
  "viz_spec": null,
  "heat_spec": null,
  "type": "PoleResidue",
  "eps_inf": 4.319240340778681,
  "poles": [
    [
      {
        "real": -0.051136491797138715,
        "imag": -9778839397949552.0
      },
      {
        "real": -2706516613.347203,
        "imag": 6298496044461523.0
      }
    ]
  ]
}