{
  "attrs": {},
  "name": "RP_M1",
  "frequency_range": null,
  "allow_gain": false,
  "nonlinear_spec": null,
  "modulation_spec": null,
  "viz_spec": null,
  "heat_spec": null,
  "type": "PoleResidue",
  "eps_inf": 4.319226206748824,
  "poles": [
    [
      {
        "real": -0.0511689862213501,
        "imag": -9778872575792624.0
      },
      {
        "real": -2706535559.817437,
        "imag": 6298585723214335.0
      }
    ]
  ]
}