{
  "attrs": {},
  "name": "SCP_M2",
  "frequency_range": null,
  "allow_gain": false,
  "nonlinear_spec": null,
  "modulation_spec": null,
  "viz_spec": null,
  "heat_spec": null,
  "type": "PoleResidue",
  "eps_inf": 1.2544687393103802,
  "poles": [
    [
      {
        "real": -6283185307.807905,
        "imag": -1.1692115409414146e+16
      },
      {
        "real": 21305912814.911053,
        "imag": 4047837591753633.5
      }
    ],
    [
      {
        "real": -6283185307.807905,
        "imag": -1.7027389600082836e+16
      },
      {
        "real": -15890169984.200872,
        "imag": 3.0948142065385428e+16
      }
    ]
  ]
}