{
  "attrs": {},
  "name": "CP_M1",
  "frequency_range": null,
  "allow_gain": false,
  "nonlinear_spec": null,
  "modulation_spec": null,
  "viz_spec": null,
  "heat_spec": null,
  "type": "PoleResidue",
  "eps_inf": 1.243517920374207,
  "poles": [
    [
      {
        "real": -6283185307.179586,
        "imag": -2.036744833353295e+16
      },
      {
        "real": -7905649137.792671,
        "imag": 6632503005749562.0
      }
    ]
  ]
}