{
  "attrs": {},
  "name": "SCP_M2",
  "frequency_range": null,
  "allow_gain": false,
  "nonlinear_spec": null,
  "modulation_spec": null,
  "viz_spec": null,
  "heat_spec": null,
  "type": "PoleResidue",
  "eps_inf": 0.7750220950860643,
  "poles": [
    [
      {
        "real": -54545903308254.09,
        "imag": -4428020523944806.0
      },
      {
        "real": 9607609233.019272,
        "imag": 42351617311.72318
      }
    ],
    [
      {
        "real": -1013914848314.7639,
        "imag": -2.6233552955568144e+16
      },
      {
        "real": 402647818401.7414,
        "imag": 1.468350466060985e+16
      }
    ]
  ]
}