{
  "attrs": {},
  "name": "RP_M1",
  "frequency_range": null,
  "allow_gain": false,
  "nonlinear_spec": null,
  "modulation_spec": null,
  "viz_spec": null,
  "heat_spec": null,
  "type": "PoleResidue",
  "eps_inf": 1.5637851584172329,
  "poles": [
    [
      {
        "real": -1672251.0550238988,
        "imag": -1.5109300652743212e+16
      },
      {
        "real": -6579595578.464784,
        "imag": 2505760905360022.5
      }
    ]
  ]
}