{
  "attrs": {},
  "name": "RP_M1",
  "frequency_range": null,
  "allow_gain": false,
  "nonlinear_spec": null,
  "modulation_spec": null,
  "viz_spec": null,
  "heat_spec": null,
  "type": "PoleResidue",
  "eps_inf": 1.563785400121673,
  "poles": [
    [
      {
        "real": -1672240.5640001714,
        "imag": -1.5109299553393978e+16
      },
      {
        "real": -6579594612.387923,
        "imag": 2505758938637253.0
      }
    ]
  ]
}