{
  "attrs": {},
  "name": "CP_M1",
  "frequency_range": null,
  "allow_gain": false,
  "nonlinear_spec": null,
  "modulation_spec": null,
  "viz_spec": null,
  "heat_spec": null,
  "type": "PoleResidue",
  "eps_inf": 1.3831124430428292,
  "poles": [
    [
      {
        "real": -2060826461345892.5,
        "imag": -1.0069787812260248e+16
      },
      {
        "real": 5696404246991607.0,
        "imag": 1.3304247939692628e+16
      }
    ]
  ]
}