{
  "attrs": {},
  "name": "CP_M2",
  "frequency_range": null,
  "allow_gain": false,
  "nonlinear_spec": null,
  "modulation_spec": null,
  "viz_spec": null,
  "heat_spec": null,
  "type": "PoleResidue",
  "eps_inf": 1.8397322362793733,
  "poles": [
    [
      {
        "real": -3090545491298365.5,
        "imag": -4333544162738004.0
      },
      {
        "real": 65779727167948.84,
        "imag": -250908171194131.62
      }
    ],
    [
      {
        "real": -1322304402533648.0,
        "imag": -1.0027832359653738e+16
      },
      {
        "real": 2049869778982293.5,
        "imag": 1.181740772319755e+16
      }
    ]
  ]
}