{
  "attrs": {},
  "name": "SCP_M3",
  "frequency_range": null,
  "allow_gain": false,
  "nonlinear_spec": null,
  "modulation_spec": null,
  "viz_spec": null,
  "heat_spec": null,
  "type": "PoleResidue",
  "eps_inf": 1.703088959913675,
  "poles": [
    [
      {
        "real": -770501593544471.5,
        "imag": -3427501114680582.5
      },
      {
        "real": -3128018460281.827,
        "imag": -6446748324100.372
      }
    ],
    [
      {
        "real": -594582378272803.0,
        "imag": -5819878197339889.0
      },
      {
        "real": -19967092053150.31,
        "imag": -29108543347543.246
      }
    ],
    [
      {
        "real": -1903299483723311.0,
        "imag": -9607056387403082.0
      },
      {
        "real": 4681242109110693.0,
        "imag": 1.1353043956497926e+16
      }
    ]
  ]
}