{
  "attrs": {},
  "name": "CP_M3",
  "frequency_range": null,
  "allow_gain": false,
  "nonlinear_spec": null,
  "modulation_spec": null,
  "viz_spec": null,
  "heat_spec": null,
  "type": "PoleResidue",
  "eps_inf": 2.0645832781544144,
  "poles": [
    [
      {
        "real": -3098743501274282.0,
        "imag": -4336389459734441.0
      },
      {
        "real": 84359472443934.78,
        "imag": -445174232485284.06
      }
    ],
    [
      {
        "real": -550405292230160.44,
        "imag": -6257669023942050.0
      },
      {
        "real": 54719215780679.14,
        "imag": -36369551227563.81
      }
    ],
    [
      {
        "real": -1318604525127265.0,
        "imag": -1.0040875521632254e+16
      },
      {
        "real": 978547085920882.6,
        "imag": 1.1184014601109278e+16
      }
    ]
  ]
}