{
  "attrs": {},
  "name": "CP_M3",
  "frequency_range": null,
  "allow_gain": false,
  "nonlinear_spec": null,
  "modulation_spec": null,
  "viz_spec": null,
  "heat_spec": null,
  "type": "PoleResidue",
  "eps_inf": 2.063101709656333,
  "poles": [
    [
      {
        "real": -3090545491298365.5,
        "imag": -4333544162738004.0
      },
      {
        "real": 84370957390692.17,
        "imag": -435899248594357.0
      }
    ],
    [
      {
        "real": -548405177031039.6,
        "imag": -6259633453980464.0
      },
      {
        "real": 54147720639416.95,
        "imag": -35853187814098.91
      }
    ],
    [
      {
        "real": -1322304402533648.0,
        "imag": -1.0027832359653738e+16
      },
      {
        "real": 1021502969346214.6,
        "imag": 1.1158335693521356e+16
      }
    ]
  ]
}