{
  "attrs": {},
  "name": "SCP_M1",
  "frequency_range": null,
  "allow_gain": false,
  "nonlinear_spec": null,
  "modulation_spec": null,
  "viz_spec": null,
  "heat_spec": null,
  "type": "PoleResidue",
  "eps_inf": 1.6618187307975758,
  "poles": [
    [
      {
        "real": -1784290917267857.5,
        "imag": -9771241722947724.0
      },
      {
        "real": 4379565660826606.0,
        "imag": 1.1747035636309574e+16
      }
    ]
  ]
}