{
  "attrs": {},
  "name": "RP_M1",
  "frequency_range": null,
  "allow_gain": false,
  "nonlinear_spec": null,
  "modulation_spec": null,
  "viz_spec": null,
  "heat_spec": null,
  "type": "PoleResidue",
  "eps_inf": 1.7682283626310797,
  "poles": [
    [
      {
        "real": -1693884869251326.0,
        "imag": 9648431261240278.0
      },
      {
        "real": 3962153088688573.5,
        "imag": -1.1145723198885598e+16
      }
    ]
  ],
  "model_family": "RP",
  "order_N": 1
}