{
  "attrs": {},
  "name": "SCP_M3",
  "frequency_range": null,
  "allow_gain": false,
  "nonlinear_spec": null,
  "modulation_spec": null,
  "viz_spec": null,
  "heat_spec": null,
  "type": "PoleResidue",
  "eps_inf": 1.706036863650881,
  "poles": [
    [
      {
        "real": -764547670456128.1,
        "imag": -3432422924480594.0
      },
      {
        "real": -2962750013513.523,
        "imag": -6412484716224.362
      }
    ],
    [
      {
        "real": -589874136225979.0,
        "imag": -5814873347407829.0
      },
      {
        "real": -19827247801031.707,
        "imag": -28214210243779.695
      }
    ],
    [
      {
        "real": -1896910777902882.2,
        "imag": -9606167227889326.0
      },
      {
        "real": 4658242750634278.0,
        "imag": 1.1340095043361432e+16
      }
    ]
  ],
  "model_family": "SCP",
  "order_N": 3
}