{
  "attrs": {},
  "name": "CP_M3",
  "frequency_range": null,
  "allow_gain": false,
  "nonlinear_spec": null,
  "modulation_spec": null,
  "viz_spec": null,
  "heat_spec": null,
  "type": "PoleResidue",
  "eps_inf": 4.8194051933215,
  "poles": [
    [
      {
        "real": -244218366170429.7,
        "imag": -4442727769220724.0
      },
      {
        "real": -7958417993584.523,
        "imag": -609950343372281.1
      }
    ],
    [
      {
        "real": -244218366170432.2,
        "imag": -4442727769220725.5
      },
      {
        "real": 9617292387173.85,
        "imag": 630528648702313.6
      }
    ],
    [
      {
        "real": -6283185307.179586,
        "imag": -5683516721316892.0
      },
      {
        "real": 1966823846824.568,
        "imag": 1606670550336494.0
      }
    ]
  ]
}