{
  "attrs": {},
  "name": "CP_M2",
  "frequency_range": null,
  "allow_gain": false,
  "nonlinear_spec": null,
  "modulation_spec": null,
  "viz_spec": null,
  "heat_spec": null,
  "type": "PoleResidue",
  "eps_inf": 1.1732124443120746,
  "poles": [
    [
      {
        "real": -6283185307.179586,
        "imag": -5298090607088043.0
      },
      {
        "real": 3468450143.0018563,
        "imag": 279149994415328.0
      }
    ],
    [
      {
        "real": -6283185307.179586,
        "imag": -1.1064985456924338e+16
      },
      {
        "real": -4174886559.36404,
        "imag": 2.214561655061058e+16
      }
    ]
  ]
}