{
  "attrs": {},
  "name": "SCP_M3",
  "frequency_range": null,
  "allow_gain": false,
  "nonlinear_spec": null,
  "modulation_spec": null,
  "viz_spec": null,
  "heat_spec": null,
  "type": "PoleResidue",
  "eps_inf": 4.064553360224877,
  "poles": [
    [
      {
        "real": -19496706421883.195,
        "imag": -5068591357833251.0
      },
      {
        "real": 4011734565.9434934,
        "imag": -10291055581.622751
      }
    ],
    [
      {
        "real": -188607373793.1793,
        "imag": -5327661871060100.0
      },
      {
        "real": 15054017266.52335,
        "imag": 213355315772346.28
      }
    ],
    [
      {
        "real": -8970749508.72693,
        "imag": -6973847925267138.0
      },
      {
        "real": -42411084259.66114,
        "imag": 4130062092179886.0
      }
    ]
  ]
}