{
  "attrs": {},
  "name": "RP_M1",
  "frequency_range": null,
  "allow_gain": false,
  "nonlinear_spec": null,
  "modulation_spec": null,
  "viz_spec": null,
  "heat_spec": null,
  "type": "PoleResidue",
  "eps_inf": 4.857187218807656,
  "poles": [
    [
      {
        "real": -0.009388219249087693,
        "imag": -5688595131685419.0
      },
      {
        "real": -756915593.3841724,
        "imag": 1569897708424442.0
      }
    ]
  ]
}