{
  "attrs": {},
  "name": "RP_M2",
  "frequency_range": null,
  "allow_gain": false,
  "nonlinear_spec": null,
  "modulation_spec": null,
  "viz_spec": null,
  "heat_spec": null,
  "type": "PoleResidue",
  "eps_inf": 4.704278996224136,
  "poles": [
    [
      {
        "real": -628.3185307179587,
        "imag": 5841877217481826.0
      },
      {
        "real": -803147976.1700577,
        "imag": -1977763216181745.8
      }
    ],
    [
      {
        "real": -628.3185307179587,
        "imag": 2858069826350415.0
      },
      {
        "real": -44004.8894428764,
        "imag": 149917607089.1255
      }
    ]
  ],
  "model_family": "RP",
  "order_N": 2
}