{
  "attrs": {},
  "name": "SCP_M1",
  "frequency_range": null,
  "allow_gain": false,
  "nonlinear_spec": null,
  "modulation_spec": null,
  "viz_spec": null,
  "heat_spec": null,
  "type": "PoleResidue",
  "eps_inf": 1.642615176803217,
  "poles": [
    [
      {
        "real": -1221008259668597.8,
        "imag": -5708084854690339.0
      },
      {
        "real": 1.596468478778115e+16,
        "imag": 3.5726423322065976e+16
      }
    ]
  ]
}