{
  "attrs": {},
  "name": "CP_M3",
  "frequency_range": null,
  "allow_gain": false,
  "nonlinear_spec": null,
  "modulation_spec": null,
  "viz_spec": null,
  "heat_spec": null,
  "type": "PoleResidue",
  "eps_inf": 2.9174032795693097,
  "poles": [
    [
      {
        "real": -325048193511080.0,
        "imag": -5049324222618946.0
      },
      {
        "real": 6243748610045146.0,
        "imag": 9714325004297222.0
      }
    ],
    [
      {
        "real": -206745345729935.56,
        "imag": -5230577358772478.0
      },
      {
        "real": 827626343002715.9,
        "imag": -2604606798689625.0
      }
    ],
    [
      {
        "real": -573074069205572.4,
        "imag": -6469451388410352.0
      },
      {
        "real": -6604097359600836.0,
        "imag": 2.1745745506571844e+16
      }
    ]
  ]
}