{
  "attrs": {},
  "name": "CP_M2",
  "frequency_range": null,
  "allow_gain": false,
  "nonlinear_spec": null,
  "modulation_spec": null,
  "viz_spec": null,
  "heat_spec": null,
  "type": "PoleResidue",
  "eps_inf": 2.977048712748221,
  "poles": [
    [
      {
        "real": -337382829897441.9,
        "imag": -4992509377769887.0
      },
      {
        "real": 6344763730839817.0,
        "imag": 5867993822462816.0
      }
    ],
    [
      {
        "real": -592072604736454.2,
        "imag": -6442091759639806.0
      },
      {
        "real": -6267374551516819.0,
        "imag": 2.3391647364037976e+16
      }
    ]
  ],
  "model_family": "CP",
  "order_N": 2
}