{
  "attrs": {},
  "name": "RP_M3",
  "frequency_range": null,
  "allow_gain": false,
  "nonlinear_spec": null,
  "modulation_spec": null,
  "viz_spec": null,
  "heat_spec": null,
  "type": "PoleResidue",
  "eps_inf": 3.1235011814459797,
  "poles": [
    [
      {
        "real": -578312337529056.1,
        "imag": -6468992322522548.0
      },
      {
        "real": -7091197041419998.0,
        "imag": 2.181897699591483e+16
      }
    ],
    [
      {
        "real": -320335863103281.4,
        "imag": -5040785954679266.0
      },
      {
        "real": 6025321651296502.0,
        "imag": 9443376758403392.0
      }
    ],
    [
      {
        "real": -220869181359726.1,
        "imag": -5227054695166407.0
      },
      {
        "real": 1052032385491408.2,
        "imag": -2640709056044814.5
      }
    ]
  ]
}