{
  "attrs": {},
  "name": "SCP_M3",
  "frequency_range": null,
  "allow_gain": false,
  "nonlinear_spec": null,
  "modulation_spec": null,
  "viz_spec": null,
  "heat_spec": null,
  "type": "PoleResidue",
  "eps_inf": 1.2751672451860752,
  "poles": [
    [
      {
        "real": -1880806493918930.5,
        "imag": -4494115135979207.5
      },
      {
        "real": -908174764308243.0,
        "imag": 8986871934099673.0
      }
    ],
    [
      {
        "real": -520705393765478.5,
        "imag": -4939473818568935.0
      },
      {
        "real": 1.2653038007895176e+16,
        "imag": 5951359806713175.0
      }
    ],
    [
      {
        "real": -495643193284350.5,
        "imag": -6426471112166798.0
      },
      {
        "real": -3817446581886098.0,
        "imag": 1.5892169006898576e+16
      }
    ]
  ],
  "model_family": "SCP",
  "order_N": 3
}