{
  "attrs": {},
  "name": "SCP_M3",
  "frequency_range": null,
  "allow_gain": false,
  "nonlinear_spec": null,
  "modulation_spec": null,
  "viz_spec": null,
  "heat_spec": null,
  "type": "PoleResidue",
  "eps_inf": 0.7477620138950394,
  "poles": [
    [
      {
        "real": -1197763122129505.2,
        "imag": -4031277474822018.0
      },
      {
        "real": 5579952642836876.0,
        "imag": 3.1856361145753348e+16
      }
    ],
    [
      {
        "real": -1138021508978346.5,
        "imag": -6182702300441996.0
      },
      {
        "real": 8695838444115610.0,
        "imag": 8547116246441127.0
      }
    ],
    [
      {
        "real": -1239451374576476.0,
        "imag": -7875834111946493.0
      },
      {
        "real": -2363604641047716.0,
        "imag": -2609933011507672.0
      }
    ]
  ]
}