{
  "attrs": {},
  "name": "RP_M3",
  "frequency_range": null,
  "allow_gain": false,
  "nonlinear_spec": null,
  "modulation_spec": null,
  "viz_spec": null,
  "heat_spec": null,
  "type": "PoleResidue",
  "eps_inf": 2.2935252071022387,
  "poles": [
    [
      {
        "real": -2472432298273070.5,
        "imag": -4563425089979603.0
      },
      {
        "real": -2318592671045247.5,
        "imag": 4.963509039574466e+16
      }
    ],
    [
      {
        "real": -464563570108272.0,
        "imag": -3096851125051870.5
      },
      {
        "real": 5306548640752096.0,
        "imag": -541171732423485.6
      }
    ],
    [
      {
        "real": -81502528503995.44,
        "imag": -2470493346511845.5
      },
      {
        "real": 411206282654582.25,
        "imag": 820251287222039.2
      }
    ]
  ]
}