{
  "attrs": {},
  "name": "RP_M3",
  "frequency_range": null,
  "allow_gain": false,
  "nonlinear_spec": null,
  "modulation_spec": null,
  "viz_spec": null,
  "heat_spec": null,
  "type": "PoleResidue",
  "eps_inf": 2.575527389188621,
  "poles": [
    [
      {
        "real": -2488552519898866.0,
        "imag": -4624978721972848.0
      },
      {
        "real": -4072307958109011.5,
        "imag": 4.993019274861453e+16
      }
    ],
    [
      {
        "real": -471303303429999.06,
        "imag": -3106995799967431.5
      },
      {
        "real": 5438961917185294.0,
        "imag": -382032531538435.0
      }
    ],
    [
      {
        "real": -80624184978229.89,
        "imag": -2471058036016988.5
      },
      {
        "real": 398166989573648.7,
        "imag": 815125285205632.2
      }
    ]
  ]
}