{
  "attrs": {},
  "name": "CP_M1",
  "frequency_range": null,
  "allow_gain": false,
  "nonlinear_spec": null,
  "modulation_spec": null,
  "viz_spec": null,
  "heat_spec": null,
  "type": "PoleResidue",
  "eps_inf": 3.5959635126211165,
  "poles": [
    [
      {
        "real": -382538353614817.06,
        "imag": -202380961062971.44
      },
      {
        "real": 2779375659292790.0,
        "imag": 1.3415043362207226e+16
      }
    ]
  ],
  "model_family": "CP",
  "order_N": 1
}