{
  "attrs": {},
  "name": "CP_M3",
  "frequency_range": null,
  "allow_gain": false,
  "nonlinear_spec": null,
  "modulation_spec": null,
  "viz_spec": null,
  "heat_spec": null,
  "type": "PoleResidue",
  "eps_inf": 1.1010846884235617,
  "poles": [
    [
      {
        "real": -599991425655582.5,
        "imag": -4568820898311583.0
      },
      {
        "real": 4497185131150836.5,
        "imag": 8053343850934675.0
      }
    ],
    [
      {
        "real": -5384465162169488.0,
        "imag": -5513159979141833.0
      },
      {
        "real": 382737592810046.1,
        "imag": 1.930145221279132e+16
      }
    ],
    [
      {
        "real": -706367605547364.2,
        "imag": -6829239997924257.0
      },
      {
        "real": 1241879451115258.2,
        "imag": 1.0485717633464178e+16
      }
    ]
  ],
  "model_family": "CP",
  "order_N": 3
}