{
  "attrs": {},
  "name": "CP_M3",
  "frequency_range": null,
  "allow_gain": false,
  "nonlinear_spec": null,
  "modulation_spec": null,
  "viz_spec": null,
  "heat_spec": null,
  "type": "PoleResidue",
  "eps_inf": 0.5959243299812322,
  "poles": [
    [
      {
        "real": -131532846142536.02,
        "imag": -2830318635644962.0
      },
      {
        "real": 568897062731775.6,
        "imag": 544293083692659.94
      }
    ],
    [
      {
        "real": -629375426707505.6,
        "imag": -4338712027938506.5
      },
      {
        "real": -1970862929611695.5,
        "imag": 1.883639972858037e+16
      }
    ],
    [
      {
        "real": -1379468301198337.8,
        "imag": -6320624679379597.0
      },
      {
        "real": 8887513862586937.0,
        "imag": 2.0429173576791108e+16
      }
    ]
  ]
}