{
  "attrs": {},
  "name": "CP_M2",
  "frequency_range": null,
  "allow_gain": false,
  "nonlinear_spec": null,
  "modulation_spec": null,
  "viz_spec": null,
  "heat_spec": null,
  "type": "PoleResidue",
  "eps_inf": 1.3387354971986893,
  "poles": [
    [
      {
        "real": -629375426707505.6,
        "imag": -4338712027938506.5
      },
      {
        "real": -2667535757478397.5,
        "imag": 1.9266886504296412e+16
      }
    ],
    [
      {
        "real": -1379468301198337.8,
        "imag": -6320624679379597.0
      },
      {
        "real": 8008095234760520.0,
        "imag": 2.1104225967711852e+16
      }
    ]
  ]
}