{
  "attrs": {},
  "name": "SCP_M2",
  "frequency_range": null,
  "allow_gain": false,
  "nonlinear_spec": null,
  "modulation_spec": null,
  "viz_spec": null,
  "heat_spec": null,
  "type": "PoleResidue",
  "eps_inf": 2.7155666044697733,
  "poles": [
    [
      {
        "real": -5362341092954198.0,
        "imag": -85832890208840.5
      },
      {
        "real": 223859964940365.03,
        "imag": 8.341605773683044e+17
      }
    ],
    [
      {
        "real": -1017215865348122.5,
        "imag": -3914287198682861.0
      },
      {
        "real": 1.3963796582803172e+16,
        "imag": 1.9308221414204576e+16
      }
    ]
  ]
}