{
  "attrs": {},
  "name": "SCP_M1",
  "frequency_range": null,
  "allow_gain": false,
  "nonlinear_spec": null,
  "modulation_spec": null,
  "viz_spec": null,
  "heat_spec": null,
  "type": "PoleResidue",
  "eps_inf": 3.4199157024033786,
  "poles": [
    [
      {
        "real": -1089914560717895.6,
        "imag": -4042732671061372.5
      },
      {
        "real": 1.2324643381461926e+16,
        "imag": 2.491604005023955e+16
      }
    ]
  ]
}