{
  "attrs": {},
  "name": "CP_M1",
  "frequency_range": null,
  "allow_gain": false,
  "nonlinear_spec": null,
  "modulation_spec": null,
  "viz_spec": null,
  "heat_spec": null,
  "type": "PoleResidue",
  "eps_inf": 3.805897394305598,
  "poles": [
    [
      {
        "real": -1014843438924864.9,
        "imag": -4032432930560911.5
      },
      {
        "real": 1.159032072233118e+16,
        "imag": 2.4011813820818756e+16
      }
    ]
  ]
}