{
  "attrs": {},
  "name": "CP_M1",
  "frequency_range": null,
  "allow_gain": false,
  "nonlinear_spec": null,
  "modulation_spec": null,
  "viz_spec": null,
  "heat_spec": null,
  "type": "PoleResidue",
  "eps_inf": 3.749239384138155,
  "poles": [
    [
      {
        "real": -1014393964384642.4,
        "imag": -4023013421842284.5
      },
      {
        "real": 1.1771427584461238e+16,
        "imag": 2.3928703271751196e+16
      }
    ]
  ],
  "model_family": "CP",
  "order_N": 1
}