{
  "attrs": {},
  "name": "CP_M1",
  "frequency_range": null,
  "allow_gain": false,
  "nonlinear_spec": null,
  "modulation_spec": null,
  "viz_spec": null,
  "heat_spec": null,
  "type": "PoleResidue",
  "eps_inf": 3.884575989035926,
  "poles": [
    [
      {
        "real": -1007166570673197.9,
        "imag": -4037796723005641.0
      },
      {
        "real": 1.140027234299958e+16,
        "imag": 2.3969102815941116e+16
      }
    ]
  ]
}