{
  "attrs": {},
  "name": "RP_M1",
  "frequency_range": null,
  "allow_gain": false,
  "nonlinear_spec": null,
  "modulation_spec": null,
  "viz_spec": null,
  "heat_spec": null,
  "type": "PoleResidue",
  "eps_inf": 2.5830123231379427,
  "poles": [
    [
      {
        "real": -1028116761830749.2,
        "imag": -4031112829794035.0
      },
      {
        "real": 1.3148186023840188e+16,
        "imag": 2.5714503069984456e+16
      }
    ]
  ]
}