{
  "attrs": {},
  "name": "RP_M3",
  "frequency_range": null,
  "allow_gain": false,
  "nonlinear_spec": null,
  "modulation_spec": null,
  "viz_spec": null,
  "heat_spec": null,
  "type": "PoleResidue",
  "eps_inf": 1.429335836169819,
  "poles": [
    [
      {
        "real": -77187648776042.98,
        "imag": -2975960997276375.5
      },
      {
        "real": -28283726635382.266,
        "imag": 664860705497610.8
      }
    ],
    [
      {
        "real": -660726829920831.5,
        "imag": -4154780831254343.5
      },
      {
        "real": 3477634475157758.0,
        "imag": 1.9876108443911216e+16
      }
    ],
    [
      {
        "real": -1258834642581280.5,
        "imag": -5957449934499106.0
      },
      {
        "real": 6733661490654815.0,
        "imag": 1.224014315033549e+16
      }
    ]
  ]
}