{
  "attrs": {},
  "name": "RP_M3",
  "frequency_range": null,
  "allow_gain": false,
  "nonlinear_spec": null,
  "modulation_spec": null,
  "viz_spec": null,
  "heat_spec": null,
  "type": "PoleResidue",
  "eps_inf": 0.5640895550025411,
  "poles": [
    [
      {
        "real": -944198073960038.5,
        "imag": 5603594701787161.0
      },
      {
        "real": 1.2987271679310636e+16,
        "imag": -4805395294251460.0
      }
    ],
    [
      {
        "real": -686866413452079.6,
        "imag": 4256477182539308.5
      },
      {
        "real": 2363539117467263.5,
        "imag": -2.5557205640915308e+16
      }
    ],
    [
      {
        "real": -169661690476318.2,
        "imag": 3085401966033274.5
      },
      {
        "real": -682950579237664.0,
        "imag": -1291946473416325.0
      }
    ]
  ],
  "model_family": "RP",
  "order_N": 3
}