{
  "attrs": {},
  "name": "SCP_M2",
  "frequency_range": null,
  "allow_gain": false,
  "nonlinear_spec": null,
  "modulation_spec": null,
  "viz_spec": null,
  "heat_spec": null,
  "type": "PoleResidue",
  "eps_inf": 6.732698797113872,
  "poles": [
    [
      {
        "real": -6283185307.807905,
        "imag": -2184971363478912.8
      },
      {
        "real": 2993519732.2562284,
        "imag": 46476023849376.74
      }
    ],
    [
      {
        "real": -6283185307.807905,
        "imag": -3845992395854611.5
      },
      {
        "real": 16432653672.76905,
        "imag": 8124330711173103.0
      }
    ]
  ]
}