{
  "attrs": {},
  "name": "RP_M2",
  "frequency_range": null,
  "allow_gain": false,
  "nonlinear_spec": null,
  "modulation_spec": null,
  "viz_spec": null,
  "heat_spec": null,
  "type": "PoleResidue",
  "eps_inf": 7.457859717075819,
  "poles": [
    [
      {
        "real": -19.823806128516235,
        "imag": -3623955442751592.5
      },
      {
        "real": -343278714.3592401,
        "imag": 6410405768689583.0
      }
    ],
    [
      {
        "real": -0.8463580933528884,
        "imag": -2181715349679917.5
      },
      {
        "real": 8139569.343097125,
        "imag": 41983571579862.34
      }
    ]
  ]
}