{
  "attrs": {},
  "name": "RP_M2",
  "frequency_range": null,
  "allow_gain": false,
  "nonlinear_spec": null,
  "modulation_spec": null,
  "viz_spec": null,
  "heat_spec": null,
  "type": "PoleResidue",
  "eps_inf": 5.502607321476585,
  "poles": [
    [
      {
        "real": -628.3185307179587,
        "imag": 4187050098630251.0
      },
      {
        "real": -481412688.3849187,
        "imag": -1.1318679595061584e+16
      }
    ],
    [
      {
        "real": -628.3185307179587,
        "imag": 2184676596850440.8
      },
      {
        "real": 6952080.76135589,
        "imag": -49245814604510.69
      }
    ]
  ],
  "model_family": "RP",
  "order_N": 2
}