{
  "attrs": {},
  "name": "RP_M3",
  "frequency_range": null,
  "allow_gain": false,
  "nonlinear_spec": null,
  "modulation_spec": null,
  "viz_spec": null,
  "heat_spec": null,
  "type": "PoleResidue",
  "eps_inf": 5.8632114064408505,
  "poles": [
    [
      {
        "real": -48.23181716421491,
        "imag": -4119485731167646.5
      },
      {
        "real": -151344428.70753938,
        "imag": 1.0475641946582382e+16
      }
    ],
    [
      {
        "real": -105.3372369485307,
        "imag": -277129589127071.88
      },
      {
        "real": 53887952.52322955,
        "imag": 93937211762655.9
      }
    ],
    [
      {
        "real": -0.3426086096654245,
        "imag": -2185977308570581.8
      },
      {
        "real": 306449.03723498987,
        "imag": 50118786557380.72
      }
    ]
  ]
}