{
  "attrs": {},
  "name": "RP_M1",
  "frequency_range": null,
  "allow_gain": false,
  "nonlinear_spec": null,
  "modulation_spec": null,
  "viz_spec": null,
  "heat_spec": null,
  "type": "PoleResidue",
  "eps_inf": 10.391249663110282,
  "poles": [
    [
      {
        "real": -0.03932839887693155,
        "imag": -2600172225703060.0
      },
      {
        "real": -111788201.23463638,
        "imag": 1273622693304975.5
      }
    ]
  ]
}