{
  "attrs": {},
  "name": "SCP_M3",
  "frequency_range": null,
  "allow_gain": false,
  "nonlinear_spec": null,
  "modulation_spec": null,
  "viz_spec": null,
  "heat_spec": null,
  "type": "PoleResidue",
  "eps_inf": 5.338714906914931,
  "poles": [
    [
      {
        "real": -6283185307.807905,
        "imag": -2185289699424354.0
      },
      {
        "real": 4274895801.6031923,
        "imag": 49695574779220.22
      }
    ],
    [
      {
        "real": -6283185307.807905,
        "imag": -3203038301332591.5
      },
      {
        "real": -68965130297.56544,
        "imag": 96194481723469.27
      }
    ],
    [
      {
        "real": -6283185307.807905,
        "imag": -4255953704422518.0
      },
      {
        "real": 155405106423.6765,
        "imag": 1.1719665331790998e+16
      }
    ]
  ],
  "model_family": "SCP",
  "order_N": 3
}