{
  "attrs": {},
  "name": "SCP_M2",
  "frequency_range": null,
  "allow_gain": false,
  "nonlinear_spec": null,
  "modulation_spec": null,
  "viz_spec": null,
  "heat_spec": null,
  "type": "PoleResidue",
  "eps_inf": 0.3135175452016351,
  "poles": [
    [
      {
        "real": -173372750611572.94,
        "imag": -100581798815551.8
      },
      {
        "real": -2.3549886494503348e+16,
        "imag": 1.3056737191726607e+18
      }
    ],
    [
      {
        "real": -3084121046649756.5,
        "imag": -1422421730470082.8
      },
      {
        "real": 1.0682408544582018e+17,
        "imag": 1.2656689215197344e+17
      }
    ]
  ]
}