{
  "attrs": {},
  "name": "CP_M1",
  "frequency_range": null,
  "allow_gain": false,
  "nonlinear_spec": null,
  "modulation_spec": null,
  "viz_spec": null,
  "heat_spec": null,
  "type": "PoleResidue",
  "eps_inf": 13.192142307706028,
  "poles": [
    [
      {
        "real": -176983245339890.2,
        "imag": -278459707229377.03
      },
      {
        "real": 3.806647467187748e+16,
        "imag": 1.4564639741318218e+17
      }
    ]
  ]
}