{
  "attrs": {},
  "name": "CP_M1",
  "frequency_range": null,
  "allow_gain": false,
  "nonlinear_spec": null,
  "modulation_spec": null,
  "viz_spec": null,
  "heat_spec": null,
  "type": "PoleResidue",
  "eps_inf": 12.926779807214649,
  "poles": [
    [
      {
        "real": -192874661176558.34,
        "imag": -329120169371480.25
      },
      {
        "real": 3.752669768799579e+16,
        "imag": 1.2243745797474613e+17
      }
    ]
  ],
  "model_family": "CP",
  "order_N": 1
}