{
  "attrs": {},
  "name": "CP_M2",
  "frequency_range": null,
  "allow_gain": false,
  "nonlinear_spec": null,
  "modulation_spec": null,
  "viz_spec": null,
  "heat_spec": null,
  "type": "PoleResidue",
  "eps_inf": 2.5496190542855417,
  "poles": [
    [
      {
        "real": -465603643265882.7,
        "imag": -401946495243880.6
      },
      {
        "real": 1.992409226625185e+16,
        "imag": 2.3763967582565654e+17
      }
    ],
    [
      {
        "real": -1045050942340594.9,
        "imag": -2561984536086436.0
      },
      {
        "real": 3.638996059334874e+16,
        "imag": -396490220669345.5
      }
    ]
  ],
  "model_family": "CP",
  "order_N": 2
}