{
  "attrs": {},
  "name": "CP_M1",
  "frequency_range": null,
  "allow_gain": false,
  "nonlinear_spec": null,
  "modulation_spec": null,
  "viz_spec": null,
  "heat_spec": null,
  "type": "PoleResidue",
  "eps_inf": 13.513381315522645,
  "poles": [
    [
      {
        "real": -147774316012585.1,
        "imag": -389672654945216.75
      },
      {
        "real": 3.774535608251949e+16,
        "imag": 1.0215382174362808e+17
      }
    ]
  ]
}