{
  "attrs": {},
  "name": "CP_M1",
  "frequency_range": null,
  "allow_gain": false,
  "nonlinear_spec": null,
  "modulation_spec": null,
  "viz_spec": null,
  "heat_spec": null,
  "type": "PoleResidue",
  "eps_inf": 12.53741913639864,
  "poles": [
    [
      {
        "real": -591776116723249.5,
        "imag": -4025785425316949.5
      },
      {
        "real": 3735615135504797.5,
        "imag": 1.3559448258000086e+16
      }
    ]
  ]
}