{
  "attrs": {},
  "name": "CP_M3",
  "frequency_range": null,
  "allow_gain": false,
  "nonlinear_spec": null,
  "modulation_spec": null,
  "viz_spec": null,
  "heat_spec": null,
  "type": "PoleResidue",
  "eps_inf": 13.546070504480994,
  "poles": [
    [
      {
        "real": -38645649351666.445,
        "imag": -2932655779558517.0
      },
      {
        "real": -284606645868470.1,
        "imag": 187997458988929.7
      }
    ],
    [
      {
        "real": -166433462597390.53,
        "imag": -3057225226351545.5
      },
      {
        "real": 458930879471708.0,
        "imag": 1930226927109310.2
      }
    ],
    [
      {
        "real": -439964865841570.7,
        "imag": -4343216660692518.5
      },
      {
        "real": 1124945761070684.8,
        "imag": 1.228595471480452e+16
      }
    ]
  ]
}