{
  "attrs": {},
  "name": "RP_M2",
  "frequency_range": null,
  "allow_gain": false,
  "nonlinear_spec": null,
  "modulation_spec": null,
  "viz_spec": null,
  "heat_spec": null,
  "type": "PoleResidue",
  "eps_inf": 14.720400134262258,
  "poles": [
    [
      {
        "real": -351130058100037.1,
        "imag": 4327349107441782.0
      },
      {
        "real": 578788875790267.2,
        "imag": -1.0601146974704166e+16
      }
    ],
    [
      {
        "real": -120814050220483.75,
        "imag": 2908787644853949.0
      },
      {
        "real": 646145218973364.4,
        "imag": -1391528573071191.0
      }
    ]
  ],
  "model_family": "RP",
  "order_N": 2
}