{
  "attrs": {},
  "name": "RP_M3",
  "frequency_range": null,
  "allow_gain": false,
  "nonlinear_spec": null,
  "modulation_spec": null,
  "viz_spec": null,
  "heat_spec": null,
  "type": "PoleResidue",
  "eps_inf": 13.31730179658896,
  "poles": [
    [
      {
        "real": -447806275221787.0,
        "imag": -4327717534697227.5
      },
      {
        "real": 2024901680618406.5,
        "imag": 1.2978053007916394e+16
      }
    ],
    [
      {
        "real": -11304628365943.332,
        "imag": -2887157787835765.0
      },
      {
        "real": -15926250492160.746,
        "imag": 112145445553477.6
      }
    ],
    [
      {
        "real": -157259811131551.28,
        "imag": -3051790434179793.5
      },
      {
        "real": -9097052510368.244,
        "imag": 1768900458653238.5
      }
    ]
  ]
}