{
  "attrs": {},
  "name": "CP_M2",
  "frequency_range": null,
  "allow_gain": false,
  "nonlinear_spec": null,
  "modulation_spec": null,
  "viz_spec": null,
  "heat_spec": null,
  "type": "PoleResidue",
  "eps_inf": 0.5309388555611891,
  "poles": [
    [
      {
        "real": -190843427299807.22,
        "imag": -4460880934431485.5
      },
      {
        "real": -2593828737967173.0,
        "imag": -2702408138700675.5
      }
    ],
    [
      {
        "real": -467447613638090.2,
        "imag": -4583513345846530.0
      },
      {
        "real": 4490431030223933.5,
        "imag": 2.4815715075766828e+16
      }
    ]
  ]
}