{
  "attrs": {},
  "name": "SCP_M1",
  "frequency_range": null,
  "allow_gain": false,
  "nonlinear_spec": null,
  "modulation_spec": null,
  "viz_spec": null,
  "heat_spec": null,
  "type": "PoleResidue",
  "eps_inf": 1.083786671236651,
  "poles": [
    [
      {
        "real": -514101048863360.9,
        "imag": -4664618413442745.0
      },
      {
        "real": 147410791199167.34,
        "imag": 2.295660473996231e+16
      }
    ]
  ]
}