{
  "attrs": {},
  "name": "RP_M2",
  "frequency_range": null,
  "allow_gain": false,
  "nonlinear_spec": null,
  "modulation_spec": null,
  "viz_spec": null,
  "heat_spec": null,
  "type": "PoleResidue",
  "eps_inf": 1.4736385920580481,
  "poles": [
    [
      {
        "real": -348715179184864.3,
        "imag": -4510920030131128.0
      },
      {
        "real": -2445773463297488.5,
        "imag": 2.435876503292638e+16
      }
    ],
    [
      {
        "real": -117577213837523.19,
        "imag": -4595254807044159.0
      },
      {
        "real": 3832976610367004.0,
        "imag": -2926331701346575.0
      }
    ]
  ]
}