{
    "attrs": {},
    "name": "GlobalCP_selected_N3",
    "frequency_range": null,
    "allow_gain": false,
    "nonlinear_spec": null,
    "modulation_spec": null,
    "viz_spec": null,
    "heat_spec": null,
    "type": "PoleResidue",
    "eps_inf": 2.1256211956229882,
    "poles": [
        [
            {
                "real": -6283185307.179587,
                "imag": -266475722367369.94
            },
            {
                "real": 774480994461350.9,
                "imag": 3.374829987611535e+17
            }
        ],
        [
            {
                "real": -572238403216671.9,
                "imag": -3963909486578108.0
            },
            {
                "real": 1817934699027628.0,
                "imag": 897907345372722.6
            }
        ],
        [
            {
                "real": -2179733642390111.0,
                "imag": -6286532263967838.0
            },
            {
                "real": 614416888178564.9,
                "imag": 1.2202635268347434e+16
            }
        ]
    ]
}