{
  "attrs": {},
  "name": "SCP_M1",
  "frequency_range": null,
  "allow_gain": false,
  "nonlinear_spec": null,
  "modulation_spec": null,
  "viz_spec": null,
  "heat_spec": null,
  "type": "PoleResidue",
  "eps_inf": 3.1346076769120335,
  "poles": [
    [
      {
        "real": -80287303705901.75,
        "imag": -688549595897016.5
      },
      {
        "real": 7274682696085034.0,
        "imag": 7.653218058840578e+16
      }
    ]
  ]
}