{
  "attrs": {},
  "name": "SCP_M2",
  "frequency_range": null,
  "allow_gain": false,
  "nonlinear_spec": null,
  "modulation_spec": null,
  "viz_spec": null,
  "heat_spec": null,
  "type": "PoleResidue",
  "eps_inf": 1.8496337599266304,
  "poles": [
    [
      {
        "real": -906148379525.6329,
        "imag": -1163922658260570.5
      },
      {
        "real": -5263209986528215.0,
        "imag": 8.236785939631067e+16
      }
    ],
    [
      {
        "real": -2163808526706999.0,
        "imag": -3982420492358683.5
      },
      {
        "real": 1.5364460888290654e+16,
        "imag": 1.258510376403156e+16
      }
    ]
  ]
}