{
  "attrs": {},
  "name": "CP_M2",
  "frequency_range": null,
  "allow_gain": false,
  "nonlinear_spec": null,
  "modulation_spec": null,
  "viz_spec": null,
  "heat_spec": null,
  "type": "PoleResidue",
  "eps_inf": 0.29593398029713436,
  "poles": [
    [
      {
        "real": -48448852314268.016,
        "imag": -821289317354733.9
      },
      {
        "real": -354614745089369.94,
        "imag": 9.959950539219493e+16
      }
    ],
    [
      {
        "real": -342542784999009.94,
        "imag": -6913651607401227.0
      },
      {
        "real": 953180055279098.4,
        "imag": 5104553143853476.0
      }
    ]
  ]
}