{
  "attrs": {},
  "name": "SCP_M1",
  "frequency_range": null,
  "allow_gain": false,
  "nonlinear_spec": null,
  "modulation_spec": null,
  "viz_spec": null,
  "heat_spec": null,
  "type": "PoleResidue",
  "eps_inf": 6.591568474705691,
  "poles": [
    [
      {
        "real": -6283185307.179996,
        "imag": -105944900351164.77
      },
      {
        "real": 1102101385788595.2,
        "imag": 1.0594490035116475e+18
      }
    ]
  ]
}