{
  "attrs": {},
  "name": "SCP_M3",
  "frequency_range": null,
  "allow_gain": false,
  "nonlinear_spec": null,
  "modulation_spec": null,
  "viz_spec": null,
  "heat_spec": null,
  "type": "PoleResidue",
  "eps_inf": 3.118209078390261,
  "poles": [
    [
      {
        "real": -9672712954323.758,
        "imag": -100058002240307.89
      },
      {
        "real": 598608290970622.1,
        "imag": 1.0005798545333546e+18
      }
    ],
    [
      {
        "real": -279145149993243.62,
        "imag": -6189375273276260.0
      },
      {
        "real": 344874410977416.44,
        "imag": 337682530037980.4
      }
    ],
    [
      {
        "real": -402120597641614.94,
        "imag": -6798999271270682.0
      },
      {
        "real": 367534146083588.1,
        "imag": 1988083553422332.0
      }
    ]
  ]
}