{
  "attrs": {},
  "name": "CP_M3",
  "frequency_range": null,
  "allow_gain": false,
  "nonlinear_spec": null,
  "modulation_spec": null,
  "viz_spec": null,
  "heat_spec": null,
  "type": "PoleResidue",
  "eps_inf": 2.8459260779716082,
  "poles": [
    [
      {
        "real": -2322390967325626.5,
        "imag": -241368582829782.66
      },
      {
        "real": 1.723092784693669e+16,
        "imag": 9.154621775313843e+16
      }
    ],
    [
      {
        "real": -116876252519662.14,
        "imag": -635465286152280.2
      },
      {
        "real": -1.6243361788731302e+16,
        "imag": 1.705124721956835e+17
      }
    ],
    [
      {
        "real": -358708740320097.8,
        "imag": -6271579685909168.0
      },
      {
        "real": 998552251256495.9,
        "imag": 1195295948334083.8
      }
    ]
  ]
}