{
  "attrs": {},
  "name": "SCP_M1",
  "frequency_range": null,
  "allow_gain": false,
  "nonlinear_spec": null,
  "modulation_spec": null,
  "viz_spec": null,
  "heat_spec": null,
  "type": "PoleResidue",
  "eps_inf": 6.59158682851008,
  "poles": [
    [
      {
        "real": -6283185307.179589,
        "imag": -105944984344975.53
      },
      {
        "real": 1101673992591117.1,
        "imag": 1.0594498434497551e+18
      }
    ]
  ]
}