{
  "attrs": {},
  "name": "SCP_M3",
  "frequency_range": null,
  "allow_gain": false,
  "nonlinear_spec": null,
  "modulation_spec": null,
  "viz_spec": null,
  "heat_spec": null,
  "type": "PoleResidue",
  "eps_inf": 3.1182286605003493,
  "poles": [
    [
      {
        "real": -9652619593494.41,
        "imag": -100057612834636.2
      },
      {
        "real": 599656045716628.8,
        "imag": 1.0005761216585654e+18
      }
    ],
    [
      {
        "real": -278534026434648.16,
        "imag": -6189188756825348.0
      },
      {
        "real": 342189688121793.8,
        "imag": 336478027084913.25
      }
    ],
    [
      {
        "real": -402018809973654.06,
        "imag": -6797007921632382.0
      },
      {
        "real": 372234624506571.44,
        "imag": 1987776300085448.5
      }
    ]
  ]
}