{
  "attrs": {},
  "name": "CP_M2",
  "frequency_range": null,
  "allow_gain": false,
  "nonlinear_spec": null,
  "modulation_spec": null,
  "viz_spec": null,
  "heat_spec": null,
  "type": "PoleResidue",
  "eps_inf": 2.8112752705026836,
  "poles": [
    [
      {
        "real": -9384853521749.908,
        "imag": -825739769687898.0
      },
      {
        "real": 770607375282100.0,
        "imag": 1.0402769702611248e+17
      }
    ],
    [
      {
        "real": -258062768243946.8,
        "imag": -6335061812274630.0
      },
      {
        "real": 561210577716307.8,
        "imag": 1328864154070668.0
      }
    ]
  ],
  "model_family": "CP",
  "order_N": 2
}