{
  "attrs": {},
  "name": "SCP_M3",
  "frequency_range": null,
  "allow_gain": false,
  "nonlinear_spec": null,
  "modulation_spec": null,
  "viz_spec": null,
  "heat_spec": null,
  "type": "PoleResidue",
  "eps_inf": 2.4895148678511654,
  "poles": [
    [
      {
        "real": -2163709399341.6318,
        "imag": -180784247966963.78
      },
      {
        "real": 3770376108149339.0,
        "imag": 5.2974560178097056e+17
      }
    ],
    [
      {
        "real": -1083384251362030.2,
        "imag": -6756595678996049.0
      },
      {
        "real": 2696266779393937.0,
        "imag": 2708351470394192.0
      }
    ],
    [
      {
        "real": -331613367703339.44,
        "imag": -6017239023778832.0
      },
      {
        "real": 576965939039697.1,
        "imag": -184445058152651.7
      }
    ]
  ]
}