{
  "attrs": {},
  "name": "CP_M1",
  "frequency_range": null,
  "allow_gain": false,
  "nonlinear_spec": null,
  "modulation_spec": null,
  "viz_spec": null,
  "heat_spec": null,
  "type": "PoleResidue",
  "eps_inf": 6.437162605695798,
  "poles": [
    [
      {
        "real": -64252220352881.266,
        "imag": -411535550698944.3
      },
      {
        "real": 1159130207672991.0,
        "imag": 2.586450075696823e+17
      }
    ]
  ]
}