{
  "attrs": {},
  "name": "SCP_M2",
  "frequency_range": null,
  "allow_gain": false,
  "nonlinear_spec": null,
  "modulation_spec": null,
  "viz_spec": null,
  "heat_spec": null,
  "type": "PoleResidue",
  "eps_inf": 3.653882146728397,
  "poles": [
    [
      {
        "real": -6283185307.179587,
        "imag": -98913494737808.75
      },
      {
        "real": 3826776625732292.0,
        "imag": 9.891349473780332e+17
      }
    ],
    [
      {
        "real": -409318348505475.44,
        "imag": -6240684752985892.0
      },
      {
        "real": 1475808113764797.5,
        "imag": 814967474434534.2
      }
    ]
  ]
}