{
  "attrs": {},
  "name": "SCP_M1",
  "frequency_range": null,
  "allow_gain": false,
  "nonlinear_spec": null,
  "modulation_spec": null,
  "viz_spec": null,
  "heat_spec": null,
  "type": "PoleResidue",
  "eps_inf": 6.6596953616615275,
  "poles": [
    [
      {
        "real": -60579377893087.63,
        "imag": -85622679776932.05
      },
      {
        "real": 1191796867488434.0,
        "imag": 1.2895249665989407e+18
      }
    ]
  ]
}