{
  "attrs": {},
  "name": "CP_M2",
  "frequency_range": null,
  "allow_gain": false,
  "nonlinear_spec": null,
  "modulation_spec": null,
  "viz_spec": null,
  "heat_spec": null,
  "type": "PoleResidue",
  "eps_inf": 2.9701303879554546,
  "poles": [
    [
      {
        "real": -23351233390479.44,
        "imag": -812452970739409.5
      },
      {
        "real": 3313400579192720.5,
        "imag": 1.0334479949001091e+17
      }
    ],
    [
      {
        "real": -336268977760756.7,
        "imag": -6165906862363770.0
      },
      {
        "real": 1159224955018833.5,
        "imag": 705926585696806.5
      }
    ]
  ],
  "model_family": "CP",
  "order_N": 2
}