{
  "attrs": {},
  "name": "CP_M3",
  "frequency_range": null,
  "allow_gain": false,
  "nonlinear_spec": null,
  "modulation_spec": null,
  "viz_spec": null,
  "heat_spec": null,
  "type": "PoleResidue",
  "eps_inf": 2.81504009832774,
  "poles": [
    [
      {
        "real": -555106807146068.2,
        "imag": -384993469824266.94
      },
      {
        "real": 1.3184078993031844e+18,
        "imag": 2.9834873066613e+17
      }
    ],
    [
      {
        "real": -395715751886267.2,
        "imag": -446490974136574.6
      },
      {
        "real": -1.3144598672354053e+18,
        "imag": 4.260471237477054e+17
      }
    ],
    [
      {
        "real": -543719092863000.56,
        "imag": -6297873517416081.0
      },
      {
        "real": 2248013239107439.8,
        "imag": 1033619464447358.6
      }
    ]
  ]
}