{
  "attrs": {},
  "name": "CP_M3",
  "frequency_range": null,
  "allow_gain": false,
  "nonlinear_spec": null,
  "modulation_spec": null,
  "viz_spec": null,
  "heat_spec": null,
  "type": "PoleResidue",
  "eps_inf": 3.169645049218438,
  "poles": [
    [
      {
        "real": -761199447393989.4,
        "imag": -131614141118967.92
      },
      {
        "real": 2.0033848199187107e+17,
        "imag": 4.9775875732027776e+17
      }
    ],
    [
      {
        "real": -168388788008831.2,
        "imag": -454619649534865.94
      },
      {
        "real": -1.9566303466412195e+17,
        "imag": 3.2281325917632294e+17
      }
    ],
    [
      {
        "real": -554945572666885.56,
        "imag": -6182459739349137.0
      },
      {
        "real": 2052222341524335.5,
        "imag": 451606612973376.94
      }
    ]
  ]
}