{
  "attrs": {},
  "name": "CP_M2",
  "frequency_range": null,
  "allow_gain": false,
  "nonlinear_spec": null,
  "modulation_spec": null,
  "viz_spec": null,
  "heat_spec": null,
  "type": "PoleResidue",
  "eps_inf": 3.389188867669346,
  "poles": [
    [
      {
        "real": -7477108848614.087,
        "imag": -542194761994283.4
      },
      {
        "real": 4362533707258638.5,
        "imag": 1.6837383619136515e+17
      }
    ],
    [
      {
        "real": -548180621400835.06,
        "imag": -6090294226720285.0
      },
      {
        "real": 1739895535551584.8,
        "imag": 187633888919180.34
      }
    ]
  ]
}