{
  "attrs": {},
  "name": "SCP_M1",
  "frequency_range": null,
  "allow_gain": false,
  "nonlinear_spec": null,
  "modulation_spec": null,
  "viz_spec": null,
  "heat_spec": null,
  "type": "PoleResidue",
  "eps_inf": 6.659756611044424,
  "poles": [
    [
      {
        "real": -60587618655519.13,
        "imag": -85622679776937.25
      },
      {
        "real": 1191543011421758.8,
        "imag": 1.289528531132456e+18
      }
    ]
  ]
}