{
  "attrs": {},
  "name": "RP_M3",
  "frequency_range": null,
  "allow_gain": false,
  "nonlinear_spec": null,
  "modulation_spec": null,
  "viz_spec": null,
  "heat_spec": null,
  "type": "PoleResidue",
  "eps_inf": 0.49567699812286264,
  "poles": [
    [
      {
        "real": -52446006623486.38,
        "imag": -703813460062680.5
      },
      {
        "real": -416273371393932.5,
        "imag": 1.1869288879649845e+17
      }
    ],
    [
      {
        "real": -2926152334986756.0,
        "imag": -2073934864017236.8
      },
      {
        "real": 2724803873949379.0,
        "imag": 5137210307929366.0
      }
    ],
    [
      {
        "real": -404443369866993.8,
        "imag": -6110244741431445.0
      },
      {
        "real": 2029537197895466.8,
        "imag": 1199483094118719.0
      }
    ]
  ]
}