{
  "attrs": {},
  "name": "RP_M1",
  "frequency_range": null,
  "allow_gain": false,
  "nonlinear_spec": null,
  "modulation_spec": null,
  "viz_spec": null,
  "heat_spec": null,
  "type": "PoleResidue",
  "eps_inf": 2.5555227026132576,
  "poles": [
    [
      {
        "real": -35531654985718.94,
        "imag": -703817120480367.4
      },
      {
        "real": 1683137312169171.8,
        "imag": 1.1754083092827214e+17
      }
    ]
  ]
}