{
  "attrs": {},
  "name": "RP_M3",
  "frequency_range": null,
  "allow_gain": false,
  "nonlinear_spec": null,
  "modulation_spec": null,
  "viz_spec": null,
  "heat_spec": null,
  "type": "PoleResidue",
  "eps_inf": 0.4902556458678379,
  "poles": [
    [
      {
        "real": -52246497648577.77,
        "imag": -703802962940140.4
      },
      {
        "real": -390531408064146.0,
        "imag": 1.18656568722992e+17
      }
    ],
    [
      {
        "real": -2929893095588202.5,
        "imag": -2077153585190222.2
      },
      {
        "real": 2728527093062808.0,
        "imag": 5074395450861378.0
      }
    ],
    [
      {
        "real": -404468828033552.56,
        "imag": -6110134342287735.0
      },
      {
        "real": 2031540468011473.8,
        "imag": 1196328428492437.5
      }
    ]
  ]
}