{
  "attrs": {},
  "name": "RP_M2",
  "frequency_range": null,
  "allow_gain": false,
  "nonlinear_spec": null,
  "modulation_spec": null,
  "viz_spec": null,
  "heat_spec": null,
  "type": "PoleResidue",
  "eps_inf": 0.25022652373605303,
  "poles": [
    [
      {
        "real": -24116140682620.08,
        "imag": -810156347703108.9
      },
      {
        "real": 2282369104734697.0,
        "imag": 9.31829850130693e+16
      }
    ],
    [
      {
        "real": -325293001665716.5,
        "imag": -6159761248756708.0
      },
      {
        "real": 1504252554194701.2,
        "imag": 1356253982576047.5
      }
    ]
  ]
}