{
  "attrs": {},
  "name": "RP_M2",
  "frequency_range": null,
  "allow_gain": false,
  "nonlinear_spec": null,
  "modulation_spec": null,
  "viz_spec": null,
  "heat_spec": null,
  "type": "PoleResidue",
  "eps_inf": 3.165232217266191,
  "poles": [
    [
      {
        "real": -493515313000043.0,
        "imag": 6294591241209857.0
      },
      {
        "real": 1896342656361100.5,
        "imag": -1104367768134596.2
      }
    ],
    [
      {
        "real": -383884312116.52295,
        "imag": 184043408216460.84
      },
      {
        "real": 3798523232721221.0,
        "imag": -5.2208903073329446e+17
      }
    ]
  ],
  "model_family": "RP",
  "order_N": 2
}