{
  "attrs": {},
  "name": "SCP_M3",
  "frequency_range": null,
  "allow_gain": false,
  "nonlinear_spec": null,
  "modulation_spec": null,
  "viz_spec": null,
  "heat_spec": null,
  "type": "PoleResidue",
  "eps_inf": 6.090823574228895,
  "poles": [
    [
      {
        "real": -58617181399598.81,
        "imag": -104649941950436.06
      },
      {
        "real": 2473758366894720.5,
        "imag": 9.632859263348042e+17
      }
    ],
    [
      {
        "real": -826199891725770.1,
        "imag": -3786739063741368.0
      },
      {
        "real": -8.688283323047283e+17,
        "imag": 8.252447233432092e+17
      }
    ],
    [
      {
        "real": -825967660228677.6,
        "imag": -3787816491759136.0
      },
      {
        "real": 8.736459094448374e+17,
        "imag": -8.22486847767847e+17
      }
    ]
  ]
}