{
  "attrs": {},
  "name": "CP_M2",
  "frequency_range": null,
  "allow_gain": false,
  "nonlinear_spec": null,
  "modulation_spec": null,
  "viz_spec": null,
  "heat_spec": null,
  "type": "PoleResidue",
  "eps_inf": 1.2545375463395716,
  "poles": [
    [
      {
        "real": -608305594518399.8,
        "imag": -1450004195852138.0
      },
      {
        "real": -3.783151399161749e+16,
        "imag": 2.037234219252021e+17
      }
    ],
    [
      {
        "real": -820664999990104.8,
        "imag": -1593374959985611.2
      },
      {
        "real": 5.000658180685945e+16,
        "imag": -1.5892855062081763e+17
      }
    ]
  ]
}