{
  "attrs": {},
  "name": "CP_M2",
  "frequency_range": null,
  "allow_gain": false,
  "nonlinear_spec": null,
  "modulation_spec": null,
  "viz_spec": null,
  "heat_spec": null,
  "type": "PoleResidue",
  "eps_inf": 0.31380991759613874,
  "poles": [
    [
      {
        "real": -35026215502140.105,
        "imag": -874541076076709.9
      },
      {
        "real": 5975558965826811.0,
        "imag": 8.056038000253998e+16
      }
    ],
    [
      {
        "real": -1075751666523075.1,
        "imag": -3622997873154519.0
      },
      {
        "real": 8108190027511767.0,
        "imag": -2393100242411848.0
      }
    ]
  ]
}