{
  "attrs": {},
  "name": "SCP_M2",
  "frequency_range": null,
  "allow_gain": false,
  "nonlinear_spec": null,
  "modulation_spec": null,
  "viz_spec": null,
  "heat_spec": null,
  "type": "PoleResidue",
  "eps_inf": 1.1549039736246292,
  "poles": [
    [
      {
        "real": -6283185307.179587,
        "imag": -94076993566787.95
      },
      {
        "real": 5607693830008977.0,
        "imag": 9.407699356669578e+17
      }
    ],
    [
      {
        "real": -1375027822446907.2,
        "imag": -3694974895929838.5
      },
      {
        "real": 1.1153125540657678e+16,
        "imag": -1765115914132718.8
      }
    ]
  ]
}