{
  "attrs": {},
  "name": "CP_M1",
  "frequency_range": null,
  "allow_gain": false,
  "nonlinear_spec": null,
  "modulation_spec": null,
  "viz_spec": null,
  "heat_spec": null,
  "type": "PoleResidue",
  "eps_inf": 5.946084112387552,
  "poles": [
    [
      {
        "real": -35175938860504.684,
        "imag": -873337685037251.2
      },
      {
        "real": 6187278881302919.0,
        "imag": 8.197548364766763e+16
      }
    ]
  ]
}