{
  "attrs": {},
  "name": "SCP_M1",
  "frequency_range": null,
  "allow_gain": false,
  "nonlinear_spec": null,
  "modulation_spec": null,
  "viz_spec": null,
  "heat_spec": null,
  "type": "PoleResidue",
  "eps_inf": 5.285608830008524,
  "poles": [
    [
      {
        "real": -41550336527198.805,
        "imag": -614146841645517.5
      },
      {
        "real": 6512743123858644.0,
        "imag": 1.1335182182002376e+17
      }
    ]
  ]
}