{
  "attrs": {},
  "name": "CP_M1",
  "frequency_range": null,
  "allow_gain": false,
  "nonlinear_spec": null,
  "modulation_spec": null,
  "viz_spec": null,
  "heat_spec": null,
  "type": "PoleResidue",
  "eps_inf": 5.942304151363074,
  "poles": [
    [
      {
        "real": -35026215502140.105,
        "imag": -874541076076709.9
      },
      {
        "real": 6187441207767440.0,
        "imag": 8.181398975057005e+16
      }
    ]
  ]
}