{
  "attrs": {},
  "name": "SCP_M3",
  "frequency_range": null,
  "allow_gain": false,
  "nonlinear_spec": null,
  "modulation_spec": null,
  "viz_spec": null,
  "heat_spec": null,
  "type": "PoleResidue",
  "eps_inf": 1.216616738422594,
  "poles": [
    [
      {
        "real": -470372790009324.3,
        "imag": -2404236274217059.0
      },
      {
        "real": -2304194044496.652,
        "imag": -2346704709546.4937
      }
    ],
    [
      {
        "real": -760878009066124.8,
        "imag": -3466742974036241.0
      },
      {
        "real": -10453781606657.58,
        "imag": 5823953930890.037
      }
    ],
    [
      {
        "real": -207019479539479.47,
        "imag": -1.0321641769176302e+16
      },
      {
        "real": 661870960160923.9,
        "imag": 1.5533513480256362e+16
      }
    ]
  ]
}