{
  "attrs": {},
  "name": "CP_M2",
  "frequency_range": null,
  "allow_gain": false,
  "nonlinear_spec": null,
  "modulation_spec": null,
  "viz_spec": null,
  "heat_spec": null,
  "type": "PoleResidue",
  "eps_inf": 0.8412276089953374,
  "poles": [
    [
      {
        "real": -1583691497239705.2,
        "imag": -1051941996809939.2
      },
      {
        "real": -27257437340972.746,
        "imag": 52190715082171.08
      }
    ],
    [
      {
        "real": -534145538014214.06,
        "imag": -1.1143731748819238e+16
      },
      {
        "real": 1784843472998597.2,
        "imag": 1.892815456248839e+16
      }
    ]
  ]
}