{
  "attrs": {},
  "name": "CP_M1",
  "frequency_range": null,
  "allow_gain": false,
  "nonlinear_spec": null,
  "modulation_spec": null,
  "viz_spec": null,
  "heat_spec": null,
  "type": "PoleResidue",
  "eps_inf": 1.1678093544618295,
  "poles": [
    [
      {
        "real": -402475372765210.6,
        "imag": -1.055571070682125e+16
      },
      {
        "real": 1224431318163696.5,
        "imag": 1.612835882489583e+16
      }
    ]
  ]
}