{
  "attrs": {},
  "name": "SCP_M3",
  "frequency_range": null,
  "allow_gain": false,
  "nonlinear_spec": null,
  "modulation_spec": null,
  "viz_spec": null,
  "heat_spec": null,
  "type": "PoleResidue",
  "eps_inf": 1.9671061123541087,
  "poles": [
    [
      {
        "real": -94876364065326.52,
        "imag": -1494223742868501.5
      },
      {
        "real": 102074998864.39409,
        "imag": 8190357025759.328
      }
    ],
    [
      {
        "real": -147975657155236.03,
        "imag": -2432480920813001.0
      },
      {
        "real": -114547794268.43108,
        "imag": 28421161518.393227
      }
    ],
    [
      {
        "real": -220127150966939.7,
        "imag": -9574455395814100.0
      },
      {
        "real": 503351561934258.9,
        "imag": 1.0933901262552808e+16
      }
    ]
  ],
  "model_family": "SCP",
  "order_N": 3
}