{
  "attrs": {},
  "name": "RP_M3",
  "frequency_range": null,
  "allow_gain": false,
  "nonlinear_spec": null,
  "modulation_spec": null,
  "viz_spec": null,
  "heat_spec": null,
  "type": "PoleResidue",
  "eps_inf": 4.866939771208367,
  "poles": [
    [
      {
        "real": -139095927156192.14,
        "imag": -5825086463968855.0
      },
      {
        "real": 38915790474784.73,
        "imag": 1252898050200001.5
      }
    ],
    [
      {
        "real": -500438829554683.8,
        "imag": -4206227963500617.0
      },
      {
        "real": 1975808218684517.8,
        "imag": 1.0576163244173148e+16
      }
    ],
    [
      {
        "real": -157689481359925.34,
        "imag": -2980434401741722.0
      },
      {
        "real": -325993882546518.56,
        "imag": 1142380046733447.0
      }
    ]
  ]
}