{
  "attrs": {},
  "name": "RP_M2",
  "frequency_range": null,
  "allow_gain": false,
  "nonlinear_spec": null,
  "modulation_spec": null,
  "viz_spec": null,
  "heat_spec": null,
  "type": "PoleResidue",
  "eps_inf": 2.9717984940011557,
  "poles": [
    [
      {
        "real": -681884218972358.0,
        "imag": 4179838686874273.0
      },
      {
        "real": 4690019441729990.0,
        "imag": -1.0169054274128382e+16
      }
    ],
    [
      {
        "real": -1362760712621644.8,
        "imag": 0.034878684980096115
      },
      {
        "real": 7306796675754553.0,
        "imag": 0.0
      }
    ]
  ],
  "model_family": "RP",
  "order_N": 2
}