{
  "attrs": {},
  "name": "RP_M1",
  "frequency_range": null,
  "allow_gain": false,
  "nonlinear_spec": null,
  "modulation_spec": null,
  "viz_spec": null,
  "heat_spec": null,
  "type": "PoleResidue",
  "eps_inf": 5.026442164236395,
  "poles": [
    [
      {
        "real": -765883603501332.6,
        "imag": -4288375173507928.5
      },
      {
        "real": 992418118913328.2,
        "imag": 1.4548357250599962e+16
      }
    ]
  ]
}