{
  "attrs": {},
  "name": "SCP_M2",
  "frequency_range": null,
  "allow_gain": false,
  "nonlinear_spec": null,
  "modulation_spec": null,
  "viz_spec": null,
  "heat_spec": null,
  "type": "PoleResidue",
  "eps_inf": 4.686166507951259,
  "poles": [
    [
      {
        "real": -29040186576465.844,
        "imag": -85649533483418.52
      },
      {
        "real": 4684682241099035.0,
        "imag": 1.732696731623309e+16
      }
    ],
    [
      {
        "real": -865089895214942.1,
        "imag": -4173009957346685.0
      },
      {
        "real": 4871906531317130.0,
        "imag": 1.2955489651546246e+16
      }
    ]
  ],
  "model_family": "SCP",
  "order_N": 2
}