{
  "attrs": {},
  "name": "SCP_M1",
  "frequency_range": null,
  "allow_gain": false,
  "nonlinear_spec": null,
  "modulation_spec": null,
  "viz_spec": null,
  "heat_spec": null,
  "type": "PoleResidue",
  "eps_inf": 5.790402375684038,
  "poles": [
    [
      {
        "real": -753801361841128.5,
        "imag": -4184460226478981.0
      },
      {
        "real": 6359487751519209.0,
        "imag": 1.7410366254194274e+16
      }
    ]
  ]
}