{
  "attrs": {},
  "name": "CP_M1",
  "frequency_range": null,
  "allow_gain": false,
  "nonlinear_spec": null,
  "modulation_spec": null,
  "viz_spec": null,
  "heat_spec": null,
  "type": "PoleResidue",
  "eps_inf": 8.340988331796302,
  "poles": [
    [
      {
        "real": -456424090461974.9,
        "imag": -4400225346917646.5
      },
      {
        "real": 1898547852060782.2,
        "imag": 1.3891954165480618e+16
      }
    ]
  ]
}