{
  "attrs": {},
  "name": "CP_M1",
  "frequency_range": null,
  "allow_gain": false,
  "nonlinear_spec": null,
  "modulation_spec": null,
  "viz_spec": null,
  "heat_spec": null,
  "type": "PoleResidue",
  "eps_inf": 8.35498055915017,
  "poles": [
    [
      {
        "real": -453689684279002.7,
        "imag": -4400054577052678.5
      },
      {
        "real": 1895591320396497.8,
        "imag": 1.3857847042466096e+16
      }
    ]
  ]
}