{
  "attrs": {},
  "name": "SCP_M3",
  "frequency_range": null,
  "allow_gain": false,
  "nonlinear_spec": null,
  "modulation_spec": null,
  "viz_spec": null,
  "heat_spec": null,
  "type": "PoleResidue",
  "eps_inf": 5.344571471159665,
  "poles": [
    [
      {
        "real": -74904686127812.44,
        "imag": -2932587963126307.0
      },
      {
        "real": 636834074917616.5,
        "imag": 429884388095748.06
      }
    ],
    [
      {
        "real": -438328084558024.8,
        "imag": -4401836692789202.0
      },
      {
        "real": -277517500889132.28,
        "imag": 1.492262711456303e+16
      }
    ],
    [
      {
        "real": -185689396368596.25,
        "imag": -5938900643645306.0
      },
      {
        "real": 1171599484674746.8,
        "imag": 4077744895694671.5
      }
    ]
  ]
}