{
  "attrs": {},
  "name": "CP_M2",
  "frequency_range": null,
  "allow_gain": false,
  "nonlinear_spec": null,
  "modulation_spec": null,
  "viz_spec": null,
  "heat_spec": null,
  "type": "PoleResidue",
  "eps_inf": 4.965005871260382,
  "poles": [
    [
      {
        "real": -466702035946115.44,
        "imag": -4399757034547049.0
      },
      {
        "real": 328257772046712.94,
        "imag": 1.6136457406174952e+16
      }
    ],
    [
      {
        "real": -210797361498600.4,
        "imag": -5937489971468489.0
      },
      {
        "real": 1339325998390355.2,
        "imag": 4448574157052768.5
      }
    ]
  ],
  "model_family": "CP",
  "order_N": 2
}