{
  "attrs": {},
  "name": "CP_M3",
  "frequency_range": null,
  "allow_gain": false,
  "nonlinear_spec": null,
  "modulation_spec": null,
  "viz_spec": null,
  "heat_spec": null,
  "type": "PoleResidue",
  "eps_inf": 4.568461276187627,
  "poles": [
    [
      {
        "real": -87285637019816.31,
        "imag": -2859295414180554.5
      },
      {
        "real": 641885606760399.5,
        "imag": 425808167727519.4
      }
    ],
    [
      {
        "real": -456424090461974.9,
        "imag": -4400225346917646.5
      },
      {
        "real": 180567408971390.2,
        "imag": 1.5419255911700374e+16
      }
    ],
    [
      {
        "real": -207513442374759.53,
        "imag": -5934130019339372.0
      },
      {
        "real": 1235488713755253.2,
        "imag": 4470585271598215.0
      }
    ]
  ]
}