{
  "attrs": {},
  "name": "RP_M2",
  "frequency_range": null,
  "allow_gain": false,
  "nonlinear_spec": null,
  "modulation_spec": null,
  "viz_spec": null,
  "heat_spec": null,
  "type": "PoleResidue",
  "eps_inf": 3.221071950228453,
  "poles": [
    [
      {
        "real": -281940032835701.25,
        "imag": 5775032576122230.0
      },
      {
        "real": 4684827655209685.0,
        "imag": -3125294457483121.0
      }
    ],
    [
      {
        "real": -590387110356360.0,
        "imag": 4373473339503449.0
      },
      {
        "real": 1148590054003075.5,
        "imag": -2.0262590894922252e+16
      }
    ]
  ],
  "model_family": "RP",
  "order_N": 2
}