{
  "attrs": {},
  "name": "RP_M1",
  "frequency_range": null,
  "allow_gain": false,
  "nonlinear_spec": null,
  "modulation_spec": null,
  "viz_spec": null,
  "heat_spec": null,
  "type": "PoleResidue",
  "eps_inf": 3.5311059473939714,
  "poles": [
    [
      {
        "real": -821032805150142.6,
        "imag": -4205184399493609.0
      },
      {
        "real": 8364285558309196.0,
        "imag": 2.0281811826902564e+16
      }
    ]
  ]
}