{
  "attrs": {},
  "name": "SCP_M2",
  "frequency_range": null,
  "allow_gain": false,
  "nonlinear_spec": null,
  "modulation_spec": null,
  "viz_spec": null,
  "heat_spec": null,
  "type": "PoleResidue",
  "eps_inf": 1.2559453496929898,
  "poles": [
    [
      {
        "real": -725315279045807.5,
        "imag": -4369820013071833.5
      },
      {
        "real": 2847878349906717.5,
        "imag": 2.3076788633988216e+16
      }
    ],
    [
      {
        "real": -330553519051073.44,
        "imag": -5830152256055053.0
      },
      {
        "real": 5920310772155570.0,
        "imag": 3135664901619718.0
      }
    ]
  ],
  "model_family": "SCP",
  "order_N": 2
}