{
  "attrs": {},
  "name": "SCP_M3",
  "frequency_range": null,
  "allow_gain": false,
  "nonlinear_spec": null,
  "modulation_spec": null,
  "viz_spec": null,
  "heat_spec": null,
  "type": "PoleResidue",
  "eps_inf": 5.240416944469168,
  "poles": [
    [
      {
        "real": -71182115142752.88,
        "imag": -2923742810221111.5
      },
      {
        "real": 603162638193021.6,
        "imag": 386847879523938.56
      }
    ],
    [
      {
        "real": -448146857751919.4,
        "imag": -4401481137242967.0
      },
      {
        "real": -255973275259463.72,
        "imag": 1.5197319490524534e+16
      }
    ],
    [
      {
        "real": -188913988153646.53,
        "imag": -5937951041271508.0
      },
      {
        "real": 1283767042966694.0,
        "imag": 4110776949775369.0
      }
    ]
  ],
  "model_family": "SCP",
  "order_N": 3
}