{
  "attrs": {},
  "name": "SCP_M1",
  "frequency_range": null,
  "allow_gain": false,
  "nonlinear_spec": null,
  "modulation_spec": null,
  "viz_spec": null,
  "heat_spec": null,
  "type": "PoleResidue",
  "eps_inf": 5.78841199645352,
  "poles": [
    [
      {
        "real": -753910434044888.0,
        "imag": -4184342669975864.5
      },
      {
        "real": 6362911807437883.0,
        "imag": 1.7411437735186986e+16
      }
    ]
  ]
}