{
  "attrs": {},
  "name": "CP_M2",
  "frequency_range": null,
  "allow_gain": false,
  "nonlinear_spec": null,
  "modulation_spec": null,
  "viz_spec": null,
  "heat_spec": null,
  "type": "PoleResidue",
  "eps_inf": 2.4091133666967925,
  "poles": [
    [
      {
        "real": -208569306949352.62,
        "imag": -909101292268916.1
      },
      {
        "real": 7117362977926046.0,
        "imag": 3.0731532263792496e+16
      }
    ],
    [
      {
        "real": -1125775566736925.2,
        "imag": -3959141043592183.0
      },
      {
        "real": 2441616437512198.0,
        "imag": -2075414487553042.8
      }
    ]
  ]
}