{
  "attrs": {},
  "name": "SCP_M1",
  "frequency_range": null,
  "allow_gain": false,
  "nonlinear_spec": null,
  "modulation_spec": null,
  "viz_spec": null,
  "heat_spec": null,
  "type": "PoleResidue",
  "eps_inf": 5.627566374551496,
  "poles": [
    [
      {
        "real": -257220363830664.0,
        "imag": -85622837075876.48
      },
      {
        "real": 4971245135776273.0,
        "imag": 4.973808411162086e+17
      }
    ]
  ]
}