{
  "attrs": {},
  "name": "CP_M3",
  "frequency_range": null,
  "allow_gain": false,
  "nonlinear_spec": null,
  "modulation_spec": null,
  "viz_spec": null,
  "heat_spec": null,
  "type": "PoleResidue",
  "eps_inf": 3.14182009829749,
  "poles": [
    [
      {
        "real": -167614433719319.78,
        "imag": -421008781742711.4
      },
      {
        "real": 1.2229281376672556e+16,
        "imag": 6.327570088255224e+16
      }
    ],
    [
      {
        "real": -3595008435981506.5,
        "imag": -2229055713522247.0
      },
      {
        "real": -1.8438528215743924e+16,
        "imag": -1.910370843582626e+16
      }
    ],
    [
      {
        "real": -3084588033900651.5,
        "imag": -5718982621955021.0
      },
      {
        "real": 7413323401175744.0,
        "imag": 1.828012926925154e+16
      }
    ]
  ]
}