{
  "attrs": {},
  "name": "CP_M2",
  "frequency_range": null,
  "allow_gain": false,
  "nonlinear_spec": null,
  "modulation_spec": null,
  "viz_spec": null,
  "heat_spec": null,
  "type": "PoleResidue",
  "eps_inf": 2.4116342159529505,
  "poles": [
    [
      {
        "real": -208558709100586.9,
        "imag": -909380997960481.6
      },
      {
        "real": 7116544754586583.0,
        "imag": 3.071943012437256e+16
      }
    ],
    [
      {
        "real": -1124633667240996.1,
        "imag": -3957911858906550.5
      },
      {
        "real": 2434483920084518.0,
        "imag": -2074368692728666.2
      }
    ]
  ]
}