{
  "attrs": {},
  "name": "SCP_M2",
  "frequency_range": null,
  "allow_gain": false,
  "nonlinear_spec": null,
  "modulation_spec": null,
  "viz_spec": null,
  "heat_spec": null,
  "type": "PoleResidue",
  "eps_inf": 2.413084850348338,
  "poles": [
    [
      {
        "real": -290295560255068.56,
        "imag": -199591483376241.38
      },
      {
        "real": 6840855474577599.0,
        "imag": 1.7975451231356336e+17
      }
    ],
    [
      {
        "real": -1452081614496110.0,
        "imag": -4410018558298227.0
      },
      {
        "real": 4625489935504003.0,
        "imag": -1568465437313509.0
      }
    ]
  ]
}