{
  "attrs": {},
  "name": "CP_M2",
  "frequency_range": null,
  "allow_gain": false,
  "nonlinear_spec": null,
  "modulation_spec": null,
  "viz_spec": null,
  "heat_spec": null,
  "type": "PoleResidue",
  "eps_inf": 2.3943244272085846,
  "poles": [
    [
      {
        "real": -205848910467969.44,
        "imag": -911935239535650.9
      },
      {
        "real": 7168146643923295.0,
        "imag": 3.048002202853678e+16
      }
    ],
    [
      {
        "real": -1135666152833489.8,
        "imag": -3947913229566562.0
      },
      {
        "real": 2450041180909680.0,
        "imag": -2139472870804727.5
      }
    ]
  ],
  "model_family": "CP",
  "order_N": 2
}