{
  "attrs": {},
  "name": "SCP_M3",
  "frequency_range": null,
  "allow_gain": false,
  "nonlinear_spec": null,
  "modulation_spec": null,
  "viz_spec": null,
  "heat_spec": null,
  "type": "PoleResidue",
  "eps_inf": 0.8937795877057145,
  "poles": [
    [
      {
        "real": -181921023859579.53,
        "imag": -85629045807756.53
      },
      {
        "real": 2.1235192797051816e+16,
        "imag": 2.3765534746808314e+17
      }
    ],
    [
      {
        "real": -2935620884006147.5,
        "imag": -1042693437598691.9
      },
      {
        "real": -387939792071723.3,
        "imag": -8.073160862624931e+16
      }
    ],
    [
      {
        "real": -603721296401983.2,
        "imag": -4145370391747977.5
      },
      {
        "real": 394203952489020.56,
        "imag": -806296483571175.8
      }
    ]
  ]
}