{
  "attrs": {},
  "name": "SCP_M3",
  "frequency_range": null,
  "allow_gain": false,
  "nonlinear_spec": null,
  "modulation_spec": null,
  "viz_spec": null,
  "heat_spec": null,
  "type": "PoleResidue",
  "eps_inf": 0.9959612805429039,
  "poles": [
    [
      {
        "real": -224180760035823.3,
        "imag": -85632798405648.97
      },
      {
        "real": 2.23289173796742e+16,
        "imag": 2.5283619288886112e+17
      }
    ],
    [
      {
        "real": -2623816191230884.0,
        "imag": -660045085308625.8
      },
      {
        "real": -3560968336415944.5,
        "imag": -1.0267593718055027e+17
      }
    ],
    [
      {
        "real": -1003957939997244.8,
        "imag": -4087062727758160.0
      },
      {
        "real": 830393074344961.5,
        "imag": -2019731961486079.2
      }
    ]
  ]
}