{
  "attrs": {},
  "name": "CP_M1",
  "frequency_range": null,
  "allow_gain": false,
  "nonlinear_spec": null,
  "modulation_spec": null,
  "viz_spec": null,
  "heat_spec": null,
  "type": "PoleResidue",
  "eps_inf": 5.6028433491811604,
  "poles": [
    [
      {
        "real": -257404968999016.88,
        "imag": -180879013226620.06
      },
      {
        "real": 4954632923186735.0,
        "imag": 2.3402432969179965e+17
      }
    ]
  ]
}