{
  "attrs": {},
  "name": "CP_M1",
  "frequency_range": null,
  "allow_gain": false,
  "nonlinear_spec": null,
  "modulation_spec": null,
  "viz_spec": null,
  "heat_spec": null,
  "type": "PoleResidue",
  "eps_inf": 4.721939263624859,
  "poles": [
    [
      {
        "real": -208569306949352.62,
        "imag": -909101292268916.1
      },
      {
        "real": 4859680238804108.0,
        "imag": 3.679629435990843e+16
      }
    ]
  ]
}