{
  "attrs": {},
  "name": "CP_M3",
  "frequency_range": null,
  "allow_gain": false,
  "nonlinear_spec": null,
  "modulation_spec": null,
  "viz_spec": null,
  "heat_spec": null,
  "type": "PoleResidue",
  "eps_inf": 2.5461575689791474,
  "poles": [
    [
      {
        "real": -251571179789239.12,
        "imag": -318384996925643.06
      },
      {
        "real": 1.5104595851872398e+16,
        "imag": 8.408216129747782e+16
      }
    ],
    [
      {
        "real": -3320889863344820.0,
        "imag": -1242929270481885.0
      },
      {
        "real": -4738603487446342.0,
        "imag": -4.987060672603998e+16
      }
    ],
    [
      {
        "real": -1466986124816800.8,
        "imag": -6425378453582403.0
      },
      {
        "real": -658333114025065.1,
        "imag": 4467817230662186.5
      }
    ]
  ]
}