{
  "attrs": {},
  "name": "RP_M2",
  "frequency_range": null,
  "allow_gain": false,
  "nonlinear_spec": null,
  "modulation_spec": null,
  "viz_spec": null,
  "heat_spec": null,
  "type": "PoleResidue",
  "eps_inf": 2.7019629899868245,
  "poles": [
    [
      {
        "real": -1342757060239482.5,
        "imag": 4536041317704227.0
      },
      {
        "real": 4250370149133151.5,
        "imag": 296324991845427.2
      }
    ],
    [
      {
        "real": -365590949065268.5,
        "imag": 35277606446682.77
      },
      {
        "real": 5306611346436115.0,
        "imag": -1.101520424124993e+18
      }
    ]
  ],
  "model_family": "RP",
  "order_N": 2
}