{
  "attrs": {},
  "name": "RP_M2",
  "frequency_range": null,
  "allow_gain": false,
  "nonlinear_spec": null,
  "modulation_spec": null,
  "viz_spec": null,
  "heat_spec": null,
  "type": "PoleResidue",
  "eps_inf": 2.111274005613697,
  "poles": [
    [
      {
        "real": -244725203739376.94,
        "imag": -857812563737496.9
      },
      {
        "real": 5816188318507659.0,
        "imag": 3.340732641728849e+16
      }
    ],
    [
      {
        "real": -995691635108132.6,
        "imag": -4184078589152227.0
      },
      {
        "real": 2743001482407626.0,
        "imag": -1027625570180664.4
      }
    ]
  ]
}