{
  "attrs": {},
  "name": "RP_M3",
  "frequency_range": null,
  "allow_gain": false,
  "nonlinear_spec": null,
  "modulation_spec": null,
  "viz_spec": null,
  "heat_spec": null,
  "type": "PoleResidue",
  "eps_inf": 0.7070795286031758,
  "poles": [
    [
      {
        "real": -3071678309112254.0,
        "imag": 4240773148489299.0
      },
      {
        "real": 1.2585617573223128e+16,
        "imag": -808971969673195.5
      }
    ],
    [
      {
        "real": -458391475805348.6,
        "imag": -441529520631760.06
      },
      {
        "real": 2203164868037855.5,
        "imag": 9.238794534715456e+16
      }
    ],
    [
      {
        "real": -436285837525509.2,
        "imag": -4332209516201953.0
      },
      {
        "real": 296340965646916.94,
        "imag": -422985384015996.94
      }
    ]
  ]
}