{
  "attrs": {},
  "name": "RP_M3",
  "frequency_range": null,
  "allow_gain": false,
  "nonlinear_spec": null,
  "modulation_spec": null,
  "viz_spec": null,
  "heat_spec": null,
  "type": "PoleResidue",
  "eps_inf": 0.7209938519228342,
  "poles": [
    [
      {
        "real": -3059166277244962.0,
        "imag": 4242360211957061.0
      },
      {
        "real": 1.250654292541178e+16,
        "imag": -836536238722767.9
      }
    ],
    [
      {
        "real": -458480288341418.25,
        "imag": -441205592576732.6
      },
      {
        "real": 2204116509145876.5,
        "imag": 9.246742048185829e+16
      }
    ],
    [
      {
        "real": -435812808529073.4,
        "imag": -4332020113456385.0
      },
      {
        "real": 294671371679649.56,
        "imag": -423543321291495.94
      }
    ]
  ]
}