{
  "attrs": {},
  "name": "RP_M2",
  "frequency_range": null,
  "allow_gain": false,
  "nonlinear_spec": null,
  "modulation_spec": null,
  "viz_spec": null,
  "heat_spec": null,
  "type": "PoleResidue",
  "eps_inf": 2.11250977990639,
  "poles": [
    [
      {
        "real": -244682236055640.56,
        "imag": -858070392894117.5
      },
      {
        "real": 5815826004613612.0,
        "imag": 3.3391682580833776e+16
      }
    ],
    [
      {
        "real": -995037999281408.0,
        "imag": -4182788635164842.5
      },
      {
        "real": 2738680324930776.0,
        "imag": -1029008927732479.4
      }
    ]
  ]
}