{
  "attrs": {},
  "name": "SCP_M2",
  "frequency_range": null,
  "allow_gain": false,
  "nonlinear_spec": null,
  "modulation_spec": null,
  "viz_spec": null,
  "heat_spec": null,
  "type": "PoleResidue",
  "eps_inf": 2.397123466069276,
  "poles": [
    [
      {
        "real": -289619004244624.2,
        "imag": -202717739626550.75
      },
      {
        "real": 6867212346807413.0,
        "imag": 1.766918384809567e+17
      }
    ],
    [
      {
        "real": -1461709961366152.2,
        "imag": -4406731538233465.0
      },
      {
        "real": 4669614579382255.0,
        "imag": -1612967383152931.2
      }
    ]
  ],
  "model_family": "SCP",
  "order_N": 2
}