{
  "attrs": {},
  "name": "CP_M1",
  "frequency_range": null,
  "allow_gain": false,
  "nonlinear_spec": null,
  "modulation_spec": null,
  "viz_spec": null,
  "heat_spec": null,
  "type": "PoleResidue",
  "eps_inf": 5.482377572915022,
  "poles": [
    [
      {
        "real": -4647864128194141.0,
        "imag": -115475246163168.19
      },
      {
        "real": 366536953.1073404,
        "imag": 8014532789.498218
      }
    ]
  ]
}