{
  "attrs": {},
  "name": "SCP_M2",
  "frequency_range": null,
  "allow_gain": false,
  "nonlinear_spec": null,
  "modulation_spec": null,
  "viz_spec": null,
  "heat_spec": null,
  "type": "PoleResidue",
  "eps_inf": 1.2200541182403286,
  "poles": [
    [
      {
        "real": -1208921067006508.8,
        "imag": -6351111934857266.0
      },
      {
        "real": 4298115337969190.0,
        "imag": -1776685419284902.8
      }
    ],
    [
      {
        "real": -2560970365705266.0,
        "imag": -8401923211135448.0
      },
      {
        "real": 1725237545868097.0,
        "imag": 1.79235435028916e+16
      }
    ]
  ]
}