{
  "attrs": {},
  "name": "CP_M3",
  "frequency_range": null,
  "allow_gain": false,
  "nonlinear_spec": null,
  "modulation_spec": null,
  "viz_spec": null,
  "heat_spec": null,
  "type": "PoleResidue",
  "eps_inf": 1.7996840344198426,
  "poles": [
    [
      {
        "real": -498326392247357.5,
        "imag": -5485841721339012.0
      },
      {
        "real": 105965543485545.34,
        "imag": -118333503686591.95
      }
    ],
    [
      {
        "real": -1034541860095286.2,
        "imag": -6152244561862941.0
      },
      {
        "real": 1375754500237439.2,
        "imag": -782619097181965.8
      }
    ],
    [
      {
        "real": -1255445117069819.8,
        "imag": -8290225710138733.0
      },
      {
        "real": 1162251911940593.8,
        "imag": 1.406556602335463e+16
      }
    ]
  ]
}