{
  "attrs": {},
  "name": "SCP_M1",
  "frequency_range": null,
  "allow_gain": false,
  "nonlinear_spec": null,
  "modulation_spec": null,
  "viz_spec": null,
  "heat_spec": null,
  "type": "PoleResidue",
  "eps_inf": 0.6128739410741595,
  "poles": [
    [
      {
        "real": -734386843610307.9,
        "imag": -8201561505236260.0
      },
      {
        "real": 2992222284102412.0,
        "imag": 1.7122394088181104e+16
      }
    ]
  ]
}