{
  "attrs": {},
  "name": "SCP_M3",
  "frequency_range": null,
  "allow_gain": false,
  "nonlinear_spec": null,
  "modulation_spec": null,
  "viz_spec": null,
  "heat_spec": null,
  "type": "PoleResidue",
  "eps_inf": 1.5353355650358296,
  "poles": [
    [
      {
        "real": -556815850643469.1,
        "imag": -5495649824941803.0
      },
      {
        "real": 131649930094391.19,
        "imag": -239576660512368.75
      }
    ],
    [
      {
        "real": -1203351118724924.0,
        "imag": -6618908067358238.0
      },
      {
        "real": 3470379526269873.5,
        "imag": 33604753612190.547
      }
    ],
    [
      {
        "real": -1698673938159211.8,
        "imag": -8830764161987687.0
      },
      {
        "real": -615696923558716.4,
        "imag": 1.519895085775682e+16
      }
    ]
  ]
}