{
  "attrs": {},
  "name": "RP_M2",
  "frequency_range": null,
  "allow_gain": false,
  "nonlinear_spec": null,
  "modulation_spec": null,
  "viz_spec": null,
  "heat_spec": null,
  "type": "PoleResidue",
  "eps_inf": 1.6970691639409872,
  "poles": [
    [
      {
        "real": -1089525540728490.8,
        "imag": 8367016325432284.0
      },
      {
        "real": 1798085499630941.2,
        "imag": -1.4058696265059246e+16
      }
    ],
    [
      {
        "real": -725508323624635.1,
        "imag": 5831901281800197.0
      },
      {
        "real": 845107652649443.9,
        "imag": 451939795115567.44
      }
    ]
  ],
  "model_family": "RP",
  "order_N": 2
}