{
  "attrs": {},
  "name": "RP_M2",
  "frequency_range": null,
  "allow_gain": false,
  "nonlinear_spec": null,
  "modulation_spec": null,
  "viz_spec": null,
  "heat_spec": null,
  "type": "PoleResidue",
  "eps_inf": 2.154775771619055,
  "poles": [
    [
      {
        "real": -670615170247466.9,
        "imag": -8417470895495452.0
      },
      {
        "real": -1241960250487581.5,
        "imag": 1.2487599022676554e+16
      }
    ],
    [
      {
        "real": -962834340943926.8,
        "imag": -5885057965591296.0
      },
      {
        "real": 1282976268903925.8,
        "imag": -576577895562000.4
      }
    ]
  ]
}