{
  "attrs": {},
  "name": "SCP_M2",
  "frequency_range": null,
  "allow_gain": false,
  "nonlinear_spec": null,
  "modulation_spec": null,
  "viz_spec": null,
  "heat_spec": null,
  "type": "PoleResidue",
  "eps_inf": 1.7178488264320528,
  "poles": [
    [
      {
        "real": -1232154098869524.8,
        "imag": -6766595480541454.0
      },
      {
        "real": 7876057483319194.0,
        "imag": 1005728408876239.5
      }
    ],
    [
      {
        "real": -2972028139270629.0,
        "imag": -8579416521690903.0
      },
      {
        "real": -4925543124849699.0,
        "imag": 1.3952036002493468e+16
      }
    ]
  ],
  "model_family": "SCP",
  "order_N": 2
}