{
  "attrs": {},
  "name": "SCP_M3",
  "frequency_range": null,
  "allow_gain": false,
  "nonlinear_spec": null,
  "modulation_spec": null,
  "viz_spec": null,
  "heat_spec": null,
  "type": "PoleResidue",
  "eps_inf": 1.8148960148666275,
  "poles": [
    [
      {
        "real": -498326392247357.5,
        "imag": -5485841721339012.0
      },
      {
        "real": 109456158376557.88,
        "imag": -137618935560178.8
      }
    ],
    [
      {
        "real": -1034541860095286.2,
        "imag": -6152244561862941.0
      },
      {
        "real": 1337153748838822.2,
        "imag": -720598521995940.0
      }
    ],
    [
      {
        "real": -1255445117069819.8,
        "imag": -8290225710138733.0
      },
      {
        "real": 1223611194575866.5,
        "imag": 1.3961817276583396e+16
      }
    ]
  ]
}