{
  "attrs": {},
  "name": "SCP_M2",
  "frequency_range": null,
  "allow_gain": false,
  "nonlinear_spec": null,
  "modulation_spec": null,
  "viz_spec": null,
  "heat_spec": null,
  "type": "PoleResidue",
  "eps_inf": 2.034623011597927,
  "poles": [
    [
      {
        "real": -1723538525977356.8,
        "imag": -4224620059924422.5
      },
      {
        "real": -8438285161.681998,
        "imag": -16694019731.84047
      }
    ],
    [
      {
        "real": -39496952225.926384,
        "imag": -9424715424178738.0
      },
      {
        "real": -80741081464.90378,
        "imag": 676175112913573.4
      }
    ]
  ]
}