{
  "attrs": {},
  "name": "SCP_M3",
  "frequency_range": null,
  "allow_gain": false,
  "nonlinear_spec": null,
  "modulation_spec": null,
  "viz_spec": null,
  "heat_spec": null,
  "type": "PoleResidue",
  "eps_inf": 1.91118109583571,
  "poles": [
    [
      {
        "real": -2637091158638696.5,
        "imag": -4659868630390061.0
      },
      {
        "real": -26437044316.332863,
        "imag": 4810920806.774764
      }
    ],
    [
      {
        "real": -2637105877879780.5,
        "imag": -4660192401637839.0
      },
      {
        "real": -27568170976.51363,
        "imag": 3686049521.727501
      }
    ],
    [
      {
        "real": -95243966190.41583,
        "imag": -1.2196422425325434e+16
      },
      {
        "real": -122649632547.90657,
        "imag": 1611553684066037.5
      }
    ]
  ]
}