{
  "attrs": {},
  "name": "SCP_M2",
  "frequency_range": null,
  "allow_gain": false,
  "nonlinear_spec": null,
  "modulation_spec": null,
  "viz_spec": null,
  "heat_spec": null,
  "type": "PoleResidue",
  "eps_inf": 1.3241487418040612,
  "poles": [
    [
      {
        "real": -5717028990076316.0,
        "imag": -1.5328129194117416e+16
      },
      {
        "real": 6041490038080618.0,
        "imag": 5394274916846158.0
      }
    ],
    [
      {
        "real": -7500357497254600.0,
        "imag": -5879087334598624.0
      },
      {
        "real": -572179004594657.8,
        "imag": 547809432469954.0
      }
    ]
  ]
}