{
  "attrs": {},
  "name": "SCP_M1",
  "frequency_range": null,
  "allow_gain": false,
  "nonlinear_spec": null,
  "modulation_spec": null,
  "viz_spec": null,
  "heat_spec": null,
  "type": "PoleResidue",
  "eps_inf": 2.0298621029086212,
  "poles": [
    [
      {
        "real": -6555111354.816477,
        "imag": -9542720747502566.0
      },
      {
        "real": -1528797575.0344636,
        "imag": 707292446343368.1
      }
    ]
  ]
}