{
  "attrs": {},
  "name": "RP_M2",
  "frequency_range": null,
  "allow_gain": false,
  "nonlinear_spec": null,
  "modulation_spec": null,
  "viz_spec": null,
  "heat_spec": null,
  "type": "PoleResidue",
  "eps_inf": 2.1996518663019082,
  "poles": [
    [
      {
        "real": -628.3185307179587,
        "imag": 6285201852817219.0
      },
      {
        "real": -22820405744.70921,
        "imag": -761322067744.8048
      }
    ],
    [
      {
        "real": -3559637389100892.0,
        "imag": 3785709633431084.5
      },
      {
        "real": -22287352619.83208,
        "imag": 14680358042.710718
      }
    ]
  ],
  "model_family": "RP",
  "order_N": 2
}