{
  "attrs": {},
  "name": "SCP_M3",
  "frequency_range": null,
  "allow_gain": false,
  "nonlinear_spec": null,
  "modulation_spec": null,
  "viz_spec": null,
  "heat_spec": null,
  "type": "PoleResidue",
  "eps_inf": 1.0393126080800137,
  "poles": [
    [
      {
        "real": -1123162250331472.4,
        "imag": -511085252897396.0
      },
      {
        "real": 1.3186165111749429e+17,
        "imag": 2.3979176314671747e+17
      }
    ],
    [
      {
        "real": -58721666135.01932,
        "imag": -113915937853139.97
      },
      {
        "real": -1.1736771082817718e+17,
        "imag": 8.085079337102726e+17
      }
    ],
    [
      {
        "real": -786910569795755.4,
        "imag": -3310967668670392.0
      },
      {
        "real": 3266885800202304.5,
        "imag": 4499957846067971.0
      }
    ]
  ]
}