{
  "attrs": {},
  "name": "SCP_M3",
  "frequency_range": null,
  "allow_gain": false,
  "nonlinear_spec": null,
  "modulation_spec": null,
  "viz_spec": null,
  "heat_spec": null,
  "type": "PoleResidue",
  "eps_inf": 0.6897412312454148,
  "poles": [
    [
      {
        "real": -331897937992.73303,
        "imag": -170386911083615.6
      },
      {
        "real": -2.69296857828459e+16,
        "imag": 3.383508896938942e+17
      }
    ],
    [
      {
        "real": -833550356267020.6,
        "imag": -1166972990733016.0
      },
      {
        "real": 4.261413904054425e+16,
        "imag": 2.451544595513919e+16
      }
    ],
    [
      {
        "real": -862629960486383.5,
        "imag": -3320212375404468.0
      },
      {
        "real": 3213552971175771.0,
        "imag": 5772990285331742.0
      }
    ]
  ]
}