{
  "attrs": {},
  "name": "SCP_M2",
  "frequency_range": null,
  "allow_gain": false,
  "nonlinear_spec": null,
  "modulation_spec": null,
  "viz_spec": null,
  "heat_spec": null,
  "type": "PoleResidue",
  "eps_inf": 2.651179328726374,
  "poles": [
    [
      {
        "real": -585607095458740.6,
        "imag": -4690992487092012.0
      },
      {
        "real": 2308391095276008.5,
        "imag": -1675755965639120.0
      }
    ],
    [
      {
        "real": -1391960890378763.8,
        "imag": -3816385169606860.5
      },
      {
        "real": 1.5419020249234512e+16,
        "imag": 2.3601076619348732e+16
      }
    ]
  ]
}