{
  "attrs": {},
  "name": "CP_M2",
  "frequency_range": null,
  "allow_gain": false,
  "nonlinear_spec": null,
  "modulation_spec": null,
  "viz_spec": null,
  "heat_spec": null,
  "type": "PoleResidue",
  "eps_inf": 2.664508838987417,
  "poles": [
    [
      {
        "real": -52736428763829.75,
        "imag": -2468412127455284.5
      },
      {
        "real": 126847736124755.08,
        "imag": 375170661428941.8
      }
    ],
    [
      {
        "real": -1535394755941836.5,
        "imag": -3885585601221895.0
      },
      {
        "real": 1.879895592784718e+16,
        "imag": 2.0298773116545764e+16
      }
    ]
  ]
}