{
  "attrs": {},
  "name": "CP_M3",
  "frequency_range": null,
  "allow_gain": false,
  "nonlinear_spec": null,
  "modulation_spec": null,
  "viz_spec": null,
  "heat_spec": null,
  "type": "PoleResidue",
  "eps_inf": 3.9778619059075373,
  "poles": [
    [
      {
        "real": -131216627308165.42,
        "imag": -3868473110673194.0
      },
      {
        "real": 12405782988575.773,
        "imag": -11781336130714.344
      }
    ],
    [
      {
        "real": -519400213324521.06,
        "imag": -3997729888798885.5
      },
      {
        "real": 229912925200611.66,
        "imag": 48553419034273.164
      }
    ],
    [
      {
        "real": -146840631420151.97,
        "imag": -5735655477208358.0
      },
      {
        "real": 234508483198082.84,
        "imag": 1.2852898922297586e+16
      }
    ]
  ],
  "model_family": "CP",
  "order_N": 3
}