{
  "attrs": {},
  "name": "SCP_M3",
  "frequency_range": null,
  "allow_gain": false,
  "nonlinear_spec": null,
  "modulation_spec": null,
  "viz_spec": null,
  "heat_spec": null,
  "type": "PoleResidue",
  "eps_inf": 2.7688456662546597,
  "poles": [
    [
      {
        "real": -186998294164220.62,
        "imag": -3911933907116034.5
      },
      {
        "real": 40964056767545.41,
        "imag": -8853746419326.11
      }
    ],
    [
      {
        "real": -1436318532962601.5,
        "imag": -4571452212620514.0
      },
      {
        "real": 1322121004093154.8,
        "imag": -2218397056748163.2
      }
    ],
    [
      {
        "real": -507116370474653.4,
        "imag": -6391315325443630.0
      },
      {
        "real": -1184850471421775.2,
        "imag": 2.0725980773521936e+16
      }
    ]
  ]
}