{
  "attrs": {},
  "name": "CP_M3",
  "frequency_range": null,
  "allow_gain": false,
  "nonlinear_spec": null,
  "modulation_spec": null,
  "viz_spec": null,
  "heat_spec": null,
  "type": "PoleResidue",
  "eps_inf": 2.7744619195339806,
  "poles": [
    [
      {
        "real": -186998294164220.62,
        "imag": -3911933907116034.5
      },
      {
        "real": 40224981360141.15,
        "imag": -8012107069800.516
      }
    ],
    [
      {
        "real": -1436318532962601.5,
        "imag": -4571452212620514.0
      },
      {
        "real": 1323911533391132.0,
        "imag": -2255421457676039.5
      }
    ],
    [
      {
        "real": -507116370474653.4,
        "imag": -6391315325443630.0
      },
      {
        "real": -1234163937926227.8,
        "imag": 2.0758283969844464e+16
      }
    ]
  ]
}