{
  "attrs": {},
  "name": "CP_M2",
  "frequency_range": null,
  "allow_gain": false,
  "nonlinear_spec": null,
  "modulation_spec": null,
  "viz_spec": null,
  "heat_spec": null,
  "type": "PoleResidue",
  "eps_inf": 4.042800397693914,
  "poles": [
    [
      {
        "real": -518613260599102.75,
        "imag": -4169062805501771.5
      },
      {
        "real": 387944698777176.4,
        "imag": 188894160051288.25
      }
    ],
    [
      {
        "real": -73149972087093.39,
        "imag": -5771854120832688.0
      },
      {
        "real": -299782718846825.2,
        "imag": 1.2524954318448442e+16
      }
    ]
  ]
}