{
  "attrs": {},
  "name": "RP_M2",
  "frequency_range": null,
  "allow_gain": false,
  "nonlinear_spec": null,
  "modulation_spec": null,
  "viz_spec": null,
  "heat_spec": null,
  "type": "PoleResidue",
  "eps_inf": 3.3947055050300046,
  "poles": [
    [
      {
        "real": -137643402125983.06,
        "imag": 5916790985788289.0
      },
      {
        "real": 395350840505416.4,
        "imag": -1.4790750640717156e+16
      }
    ],
    [
      {
        "real": -322904621803893.0,
        "imag": 4086729141306702.0
      },
      {
        "real": 179601448260403.38,
        "imag": -116622519449126.17
      }
    ]
  ],
  "model_family": "RP",
  "order_N": 2
}