{
  "attrs": {},
  "name": "SCP_M2",
  "frequency_range": null,
  "allow_gain": false,
  "nonlinear_spec": null,
  "modulation_spec": null,
  "viz_spec": null,
  "heat_spec": null,
  "type": "PoleResidue",
  "eps_inf": 3.182381360278162,
  "poles": [
    [
      {
        "real": -401990331971023.94,
        "imag": -4145783877888177.5
      },
      {
        "real": 301979262868352.2,
        "imag": 183095558928750.53
      }
    ],
    [
      {
        "real": -101617060909932.19,
        "imag": -6050430185119172.0
      },
      {
        "real": -38049234410523.18,
        "imag": 1.564176143018939e+16
      }
    ]
  ],
  "model_family": "SCP",
  "order_N": 2
}