{
  "attrs": {},
  "name": "CP_M3",
  "frequency_range": null,
  "allow_gain": false,
  "nonlinear_spec": null,
  "modulation_spec": null,
  "viz_spec": null,
  "heat_spec": null,
  "type": "PoleResidue",
  "eps_inf": 14.891678193700141,
  "poles": [
    [
      {
        "real": -92865845867854.2,
        "imag": -2715185263375849.0
      },
      {
        "real": -1548491187938020.0,
        "imag": -3146830611636388.0
      }
    ],
    [
      {
        "real": -94122293955189.11,
        "imag": -2718847018476198.5
      },
      {
        "real": 1520235689448150.5,
        "imag": 3932051056498043.0
      }
    ],
    [
      {
        "real": -552975112874157.1,
        "imag": -3932772080943340.5
      },
      {
        "real": 1274276141452215.0,
        "imag": 1.4420521917781424e+16
      }
    ]
  ]
}