{
  "attrs": {},
  "name": "CP_M2",
  "frequency_range": null,
  "allow_gain": false,
  "nonlinear_spec": null,
  "modulation_spec": null,
  "viz_spec": null,
  "heat_spec": null,
  "type": "PoleResidue",
  "eps_inf": 3.5272695596585213,
  "poles": [
    [
      {
        "real": -701560546373930.2,
        "imag": -4004743260313765.5
      },
      {
        "real": -8545530054377284.0,
        "imag": 2.205127419309987e+16
      }
    ],
    [
      {
        "real": -1278054536271299.0,
        "imag": -5050137312764998.0
      },
      {
        "real": 2.982362698216749e+16,
        "imag": 9525009537551158.0
      }
    ]
  ]
}