{
  "attrs": {},
  "name": "SCP_M1",
  "frequency_range": null,
  "allow_gain": false,
  "nonlinear_spec": null,
  "modulation_spec": null,
  "viz_spec": null,
  "heat_spec": null,
  "type": "PoleResidue",
  "eps_inf": 14.467617687003754,
  "poles": [
    [
      {
        "real": -737097179931702.1,
        "imag": -3928765070075205.5
      },
      {
        "real": 412194863509851.4,
        "imag": 1.7684457004748676e+16
      }
    ]
  ]
}