{
  "attrs": {},
  "name": "SCP_M3",
  "frequency_range": null,
  "allow_gain": false,
  "nonlinear_spec": null,
  "modulation_spec": null,
  "viz_spec": null,
  "heat_spec": null,
  "type": "PoleResidue",
  "eps_inf": 10.180184877584889,
  "poles": [
    [
      {
        "real": -2070115163890751.2,
        "imag": -2080465963962318.0
      },
      {
        "real": 1.6635872241476688e+16,
        "imag": 3509555508792523.5
      }
    ],
    [
      {
        "real": -59460182389818.81,
        "imag": -2302605176175451.5
      },
      {
        "real": 187944970510150.62,
        "imag": -336218618397000.5
      }
    ],
    [
      {
        "real": -407751172024457.4,
        "imag": -3943751789907821.5
      },
      {
        "real": 743988631012688.2,
        "imag": 8186551846291922.0
      }
    ]
  ]
}