{
  "attrs": {},
  "name": "SCP_M3",
  "frequency_range": null,
  "allow_gain": false,
  "nonlinear_spec": null,
  "modulation_spec": null,
  "viz_spec": null,
  "heat_spec": null,
  "type": "PoleResidue",
  "eps_inf": 3.4642400360083223,
  "poles": [
    [
      {
        "real": -81172559035967.17,
        "imag": -2270421833280621.5
      },
      {
        "real": 143499189001847.53,
        "imag": -527227847914194.6
      }
    ],
    [
      {
        "real": -4095589760765256.0,
        "imag": -2288587031482096.0
      },
      {
        "real": 4.943263916099002e+16,
        "imag": -4012884906288314.5
      }
    ],
    [
      {
        "real": -346479059175123.25,
        "imag": -4027050677246276.5
      },
      {
        "real": -1760205345901120.8,
        "imag": 6845183959024922.0
      }
    ]
  ],
  "model_family": "SCP",
  "order_N": 3
}