{
  "attrs": {},
  "name": "SCP_M2",
  "frequency_range": null,
  "allow_gain": false,
  "nonlinear_spec": null,
  "modulation_spec": null,
  "viz_spec": null,
  "heat_spec": null,
  "type": "PoleResidue",
  "eps_inf": 12.98084536435729,
  "poles": [
    [
      {
        "real": -106695101427932.3,
        "imag": -2744177257321962.0
      },
      {
        "real": -174694092389764.88,
        "imag": 759141685532779.8
      }
    ],
    [
      {
        "real": -650822528148158.5,
        "imag": -3827000456632755.5
      },
      {
        "real": 4065938568207783.5,
        "imag": 1.5806717500989086e+16
      }
    ]
  ],
  "model_family": "SCP",
  "order_N": 2
}