{
    "attrs": {},
    "name": "GlobalCP_selected_N3",
    "frequency_range": null,
    "allow_gain": false,
    "nonlinear_spec": null,
    "modulation_spec": null,
    "viz_spec": null,
    "heat_spec": null,
    "type": "PoleResidue",
    "eps_inf": 0.42589938569655184,
    "poles": [
        [
            {
                "real": -90272736687372.5,
                "imag": -85644842483421.02
            },
            {
                "real": 1.9335578144191356e+16,
                "imag": 9.770762225379514e+16
            }
        ],
        [
            {
                "real": -329466891263688.75,
                "imag": -1932997121992099.5
            },
            {
                "real": 711809528071969.5,
                "imag": 617254580204893.5
            }
        ],
        [
            {
                "real": -1979021574716764.5,
                "imag": -3458739274204768.0
            },
            {
                "real": -5521215042257063.0,
                "imag": 3801993628444891.0
            }
        ]
    ]
}