{
  "attrs": {},
  "name": "CP_M1",
  "frequency_range": null,
  "allow_gain": false,
  "nonlinear_spec": null,
  "modulation_spec": null,
  "viz_spec": null,
  "heat_spec": null,
  "type": "PoleResidue",
  "eps_inf": 3.9470394191159617,
  "poles": [
    [
      {
        "real": -6283185307.179586,
        "imag": -9280443187835996.0
      },
      {
        "real": 21923322447.869503,
        "imag": 1.7372329163489108e+16
      }
    ]
  ]
}