{
  "attrs": {},
  "name": "SCP_M1",
  "frequency_range": null,
  "allow_gain": false,
  "nonlinear_spec": null,
  "modulation_spec": null,
  "viz_spec": null,
  "heat_spec": null,
  "type": "PoleResidue",
  "eps_inf": 3.99899015758031,
  "poles": [
    [
      {
        "real": -6283185307.807905,
        "imag": -9280461792730068.0
      },
      {
        "real": 21633634889.017826,
        "imag": 1.7165718767804672e+16
      }
    ]
  ]
}