{
  "attrs": {},
  "name": "SCP_M2",
  "frequency_range": null,
  "allow_gain": false,
  "nonlinear_spec": null,
  "modulation_spec": null,
  "viz_spec": null,
  "heat_spec": null,
  "type": "PoleResidue",
  "eps_inf": 0.3448667467726825,
  "poles": [
    [
      {
        "real": -309477726050248.4,
        "imag": -85663975913090.62
      },
      {
        "real": 3.0585980862737296e+16,
        "imag": 1.759839513863641e+17
      }
    ],
    [
      {
        "real": -1529126431060232.8,
        "imag": -3149892101678328.0
      },
      {
        "real": -1.690717451722987e+16,
        "imag": 3.369151805177012e+16
      }
    ]
  ]
}