{
  "attrs": {},
  "name": "SCP_M3",
  "frequency_range": null,
  "allow_gain": false,
  "nonlinear_spec": null,
  "modulation_spec": null,
  "viz_spec": null,
  "heat_spec": null,
  "type": "PoleResidue",
  "eps_inf": 2.1985097980053085,
  "poles": [
    [
      {
        "real": -544826844420972.2,
        "imag": -99276975026914.88
      },
      {
        "real": -1.1112415248742896e+17,
        "imag": 9.92742285181075e+17
      }
    ],
    [
      {
        "real": -2306350711404317.0,
        "imag": -247176383322126.72
      },
      {
        "real": 1.1476031534171099e+17,
        "imag": 1.4420723667328993e+18
      }
    ],
    [
      {
        "real": -729208561844064.5,
        "imag": -3419912049540436.5
      },
      {
        "real": -3044738136813147.0,
        "imag": 6638189009703272.0
      }
    ]
  ]
}