{
  "attrs": {},
  "name": "CP_M3",
  "frequency_range": null,
  "allow_gain": false,
  "nonlinear_spec": null,
  "modulation_spec": null,
  "viz_spec": null,
  "heat_spec": null,
  "type": "PoleResidue",
  "eps_inf": 0.5058055378045119,
  "poles": [
    [
      {
        "real": -356593180503425.8,
        "imag": -603686000346569.5
      },
      {
        "real": -1.0823306607791456e+16,
        "imag": 7.025264018899956e+16
      }
    ],
    [
      {
        "real": -1818467840965069.0,
        "imag": -1565849222912661.5
      },
      {
        "real": 2.3221372864182564e+16,
        "imag": 9.527970559307757e+16
      }
    ],
    [
      {
        "real": -790522766793177.4,
        "imag": -3392007848626705.0
      },
      {
        "real": -2209770612833265.5,
        "imag": 8343521615267294.0
      }
    ]
  ]
}