{
  "attrs": {},
  "name": "CP_M2",
  "frequency_range": null,
  "allow_gain": false,
  "nonlinear_spec": null,
  "modulation_spec": null,
  "viz_spec": null,
  "heat_spec": null,
  "type": "PoleResidue",
  "eps_inf": 0.6690600919567028,
  "poles": [
    [
      {
        "real": -17152286379687.875,
        "imag": -2137592786026848.0
      },
      {
        "real": -298652848821483.06,
        "imag": 835304733959657.6
      }
    ],
    [
      {
        "real": -867874127770306.1,
        "imag": -4745716481451550.0
      },
      {
        "real": 5524779926082165.0,
        "imag": 2.623818490224649e+16
      }
    ]
  ]
}