{
  "attrs": {},
  "name": "CP_M3",
  "frequency_range": null,
  "allow_gain": false,
  "nonlinear_spec": null,
  "modulation_spec": null,
  "viz_spec": null,
  "heat_spec": null,
  "type": "PoleResidue",
  "eps_inf": 1.8072009124867974,
  "poles": [
    [
      {
        "real": -249404716390814.94,
        "imag": -2205968833123859.8
      },
      {
        "real": -1128913172417377.2,
        "imag": 173771682933268.5
      }
    ],
    [
      {
        "real": -650508428631519.6,
        "imag": -4521873392349161.0
      },
      {
        "real": 822285095989717.9,
        "imag": 2.067093036700413e+16
      }
    ],
    [
      {
        "real": -45929575078822.62,
        "imag": -4721734369688217.0
      },
      {
        "real": 593981399303722.1,
        "imag": 187664858532601.6
      }
    ]
  ]
}