{
  "attrs": {},
  "name": "CP_M1",
  "frequency_range": null,
  "allow_gain": false,
  "nonlinear_spec": null,
  "modulation_spec": null,
  "viz_spec": null,
  "heat_spec": null,
  "type": "PoleResidue",
  "eps_inf": 2.951115699096427,
  "poles": [
    [
      {
        "real": -372725714837845.4,
        "imag": -4560117092963182.0
      },
      {
        "real": 685397518044954.8,
        "imag": 1.371882940313768e+16
      }
    ]
  ]
}