{
  "attrs": {},
  "name": "SCP_M2",
  "frequency_range": null,
  "allow_gain": false,
  "nonlinear_spec": null,
  "modulation_spec": null,
  "viz_spec": null,
  "heat_spec": null,
  "type": "PoleResidue",
  "eps_inf": 0.31310719032599593,
  "poles": [
    [
      {
        "real": -17594002001836.504,
        "imag": -1927428616847623.8
      },
      {
        "real": -251802218909944.72,
        "imag": 1154289732468860.8
      }
    ],
    [
      {
        "real": -972088834589711.9,
        "imag": -4774848599041071.0
      },
      {
        "real": 7054115534712238.0,
        "imag": 2.7888967062529456e+16
      }
    ]
  ]
}