{
  "attrs": {},
  "name": "RP_M3",
  "frequency_range": null,
  "allow_gain": false,
  "nonlinear_spec": null,
  "modulation_spec": null,
  "viz_spec": null,
  "heat_spec": null,
  "type": "PoleResidue",
  "eps_inf": 2.4426362642170427,
  "poles": [
    [
      {
        "real": -692339246472123.5,
        "imag": 4576003601178295.0
      },
      {
        "real": 5985633688284047.0,
        "imag": -2.0193499840897684e+16
      }
    ],
    [
      {
        "real": -43517164954411.3,
        "imag": 2989404618477008.0
      },
      {
        "real": 157663676230728.06,
        "imag": -468847667849738.4
      }
    ],
    [
      {
        "real": -8857436700446.604,
        "imag": 2169936373495623.0
      },
      {
        "real": -95518024572965.38,
        "imag": -636015132971652.6
      }
    ]
  ],
  "model_family": "RP",
  "order_N": 3
}