{
  "attrs": {},
  "name": "CP_M1",
  "frequency_range": null,
  "allow_gain": false,
  "nonlinear_spec": null,
  "modulation_spec": null,
  "viz_spec": null,
  "heat_spec": null,
  "type": "PoleResidue",
  "eps_inf": 1.7147230676722447,
  "poles": [
    [
      {
        "real": -6283185307.179586,
        "imag": -7947199839159147.0
      },
      {
        "real": 131787936.9792496,
        "imag": 1139951604314306.8
      }
    ]
  ]
}