{
  "attrs": {},
  "name": "SCP_M2",
  "frequency_range": null,
  "allow_gain": false,
  "nonlinear_spec": null,
  "modulation_spec": null,
  "viz_spec": null,
  "heat_spec": null,
  "type": "PoleResidue",
  "eps_inf": 0.5436705884182604,
  "poles": [
    [
      {
        "real": -9553514395329448.0,
        "imag": -8161526387892061.0
      },
      {
        "real": 1348897361791.966,
        "imag": 2278592895285.8525
      }
    ],
    [
      {
        "real": -1625543469016.0264,
        "imag": -1.3525709707102962e+16
      },
      {
        "real": 5158782855521.23,
        "imag": 9712473964860444.0
      }
    ]
  ]
}