{
  "attrs": {},
  "name": "CP_M1",
  "frequency_range": null,
  "allow_gain": false,
  "nonlinear_spec": null,
  "modulation_spec": null,
  "viz_spec": null,
  "heat_spec": null,
  "type": "PoleResidue",
  "eps_inf": 1.7147214427709339,
  "poles": [
    [
      {
        "real": -6283185307.179586,
        "imag": -7947209307035251.0
      },
      {
        "real": 131794267.52375752,
        "imag": 1139959562140354.0
      }
    ]
  ]
}