{
  "attrs": {},
  "name": "SCP_M2",
  "frequency_range": null,
  "allow_gain": false,
  "nonlinear_spec": null,
  "modulation_spec": null,
  "viz_spec": null,
  "heat_spec": null,
  "type": "PoleResidue",
  "eps_inf": 2.0658938616236666,
  "poles": [
    [
      {
        "real": -4412049661362375.5,
        "imag": -1.0321386601983856e+16
      },
      {
        "real": 3343008769983.34,
        "imag": 3234561760933.3647
      }
    ],
    [
      {
        "real": -4412049662600213.5,
        "imag": -1.0321386596726206e+16
      },
      {
        "real": 3343008163105.843,
        "imag": 3234557493753.639
      }
    ]
  ],
  "model_family": "SCP",
  "order_N": 2
}