{
  "attrs": {},
  "name": "CP_M1",
  "frequency_range": null,
  "allow_gain": false,
  "nonlinear_spec": null,
  "modulation_spec": null,
  "viz_spec": null,
  "heat_spec": null,
  "type": "PoleResidue",
  "eps_inf": 1.0239785304857971,
  "poles": [
    [
      {
        "real": -4942657016632740.0,
        "imag": -5532526026340963.0
      },
      {
        "real": 376531636017350.94,
        "imag": 3.1976964287628308e+16
      }
    ]
  ],
  "model_family": "CP",
  "order_N": 1
}