{
  "attrs": {},
  "name": "SCP_M1",
  "frequency_range": null,
  "allow_gain": false,
  "nonlinear_spec": null,
  "modulation_spec": null,
  "viz_spec": null,
  "heat_spec": null,
  "type": "PoleResidue",
  "eps_inf": 2.4435633057784085,
  "poles": [
    [
      {
        "real": -2254679804613397.0,
        "imag": -5097081163670403.0
      },
      {
        "real": -41012179699980.14,
        "imag": 1.429972227733294e+16
      }
    ]
  ]
}