{
  "attrs": {},
  "name": "CP_M3",
  "frequency_range": null,
  "allow_gain": false,
  "nonlinear_spec": null,
  "modulation_spec": null,
  "viz_spec": null,
  "heat_spec": null,
  "type": "PoleResidue",
  "eps_inf": 1.2147315111012986,
  "poles": [
    [
      {
        "real": -1104091796164980.5,
        "imag": -120483659129255.94
      },
      {
        "real": 2.6864976835065824e+17,
        "imag": 7.008630695396586e+17
      }
    ],
    [
      {
        "real": -263442233676580.0,
        "imag": -332904167645189.0
      },
      {
        "real": -2.5516724170995066e+17,
        "imag": 6.157211623274435e+17
      }
    ],
    [
      {
        "real": -576288591795622.9,
        "imag": -2998277619952443.0
      },
      {
        "real": 1578865433537261.2,
        "imag": -3309854719177852.5
      }
    ]
  ],
  "model_family": "CP",
  "order_N": 3
}