{
  "attrs": {},
  "name": "SCP_M1",
  "frequency_range": null,
  "allow_gain": false,
  "nonlinear_spec": null,
  "modulation_spec": null,
  "viz_spec": null,
  "heat_spec": null,
  "type": "PoleResidue",
  "eps_inf": 4.586808045048922,
  "poles": [
    [
      {
        "real": -3686860733191.7915,
        "imag": -299618445567575.56
      },
      {
        "real": 7288711660557316.0,
        "imag": 2.5337788001382733e+17
      }
    ]
  ]
}