{
  "attrs": {},
  "name": "CP_M1",
  "frequency_range": null,
  "allow_gain": false,
  "nonlinear_spec": null,
  "modulation_spec": null,
  "viz_spec": null,
  "heat_spec": null,
  "type": "PoleResidue",
  "eps_inf": 4.370140071353648,
  "poles": [
    [
      {
        "real": -9321216305011.713,
        "imag": -479024818846350.6
      },
      {
        "real": 7089079104691709.0,
        "imag": 1.5294331548911296e+17
      }
    ]
  ]
}