{
  "attrs": {},
  "name": "CP_M3",
  "frequency_range": null,
  "allow_gain": false,
  "nonlinear_spec": null,
  "modulation_spec": null,
  "viz_spec": null,
  "heat_spec": null,
  "type": "PoleResidue",
  "eps_inf": 0.604146987205455,
  "poles": [
    [
      {
        "real": -179180639232815.34,
        "imag": -403570259630967.5
      },
      {
        "real": -2.866465812480613e+16,
        "imag": 3.006303544934138e+17
      }
    ],
    [
      {
        "real": -1710183466428822.0,
        "imag": -498297893225750.0
      },
      {
        "real": 4.446691598726567e+16,
        "imag": -3.839542637099687e+16
      }
    ],
    [
      {
        "real": -341955955402906.7,
        "imag": -3302248838015965.0
      },
      {
        "real": 1215743833703055.0,
        "imag": -650006379175029.1
      }
    ]
  ]
}