{
  "attrs": {},
  "name": "SCP_M2",
  "frequency_range": null,
  "allow_gain": false,
  "nonlinear_spec": null,
  "modulation_spec": null,
  "viz_spec": null,
  "heat_spec": null,
  "type": "PoleResidue",
  "eps_inf": 2.3043706984757337,
  "poles": [
    [
      {
        "real": -6283185307.179587,
        "imag": -93700898878541.77
      },
      {
        "real": 5288131986404402.0,
        "imag": 9.37008988785282e+17
      }
    ],
    [
      {
        "real": -897297230151611.8,
        "imag": -3159328786572091.5
      },
      {
        "real": 6288286446346522.0,
        "imag": -2397375879664764.5
      }
    ]
  ]
}