{
  "attrs": {},
  "name": "SCP_M3",
  "frequency_range": null,
  "allow_gain": false,
  "nonlinear_spec": null,
  "modulation_spec": null,
  "viz_spec": null,
  "heat_spec": null,
  "type": "PoleResidue",
  "eps_inf": 0.4101498423901179,
  "poles": [
    [
      {
        "real": -22811250840756.734,
        "imag": -97353933090906.62
      },
      {
        "real": -1179655750188415.8,
        "imag": 9.735318389222523e+17
      }
    ],
    [
      {
        "real": -3601633305513354.5,
        "imag": -2814282403585883.5
      },
      {
        "real": 1.883242902098905e+16,
        "imag": 1743908070446077.5
      }
    ],
    [
      {
        "real": -324464751260974.44,
        "imag": -3372191779641795.0
      },
      {
        "real": 1374864024801608.5,
        "imag": -46537112824857.68
      }
    ]
  ]
}