{
    "attrs": {},
    "name": "RP_selected_M2",
    "frequency_range": null,
    "allow_gain": false,
    "nonlinear_spec": null,
    "modulation_spec": null,
    "viz_spec": null,
    "heat_spec": null,
    "type": "PoleResidue",
    "eps_inf": 1.2972938798251843,
    "poles": [
        [
            {
                "real": -23699256676093.766,
                "imag": -909587499706763.4
            },
            {
                "real": 1694666079231992.8,
                "imag": 7.260920069474443e+16
            }
        ],
        [
            {
                "real": -550440153548792.5,
                "imag": -3302086003827634.0
            },
            {
                "real": 2850896778383551.0,
                "imag": 415765032953864.4
            }
        ]
    ]
}