{
  "attrs": {},
  "name": "RP_M2",
  "frequency_range": null,
  "allow_gain": false,
  "nonlinear_spec": null,
  "modulation_spec": null,
  "viz_spec": null,
  "heat_spec": null,
  "type": "PoleResidue",
  "eps_inf": 1.2943988340809034,
  "poles": [
    [
      {
        "real": -23674349211464.844,
        "imag": -908894115747671.0
      },
      {
        "real": 1695800735439979.5,
        "imag": 7.270275406633347e+16
      }
    ],
    [
      {
        "real": -552067516095068.44,
        "imag": -3303284019641856.5
      },
      {
        "real": 2863613836215594.0,
        "imag": 418302303388876.44
      }
    ]
  ]
}