{
  "attrs": {},
  "name": "SCP_M3",
  "frequency_range": null,
  "allow_gain": false,
  "nonlinear_spec": null,
  "modulation_spec": null,
  "viz_spec": null,
  "heat_spec": null,
  "type": "PoleResidue",
  "eps_inf": 0.2962596806218701,
  "poles": [
    [
      {
        "real": -106896741838291.28,
        "imag": -85622679776929.11
      },
      {
        "real": 2.7279103708501052e+16,
        "imag": 5.5950382675371405e+17
      }
    ],
    [
      {
        "real": -474238347616993.06,
        "imag": -3263033283612776.0
      },
      {
        "real": -1805203965795607.8,
        "imag": 618656896883653.2
      }
    ],
    [
      {
        "real": -1527137063237191.5,
        "imag": -5798820254422307.0
      },
      {
        "real": -1767153644826684.0,
        "imag": -4537765436276783.0
      }
    ]
  ]
}