{
  "attrs": {},
  "name": "CP_M3",
  "frequency_range": null,
  "allow_gain": false,
  "nonlinear_spec": null,
  "modulation_spec": null,
  "viz_spec": null,
  "heat_spec": null,
  "type": "PoleResidue",
  "eps_inf": 1.147522354910427,
  "poles": [
    [
      {
        "real": -149384708797938.88,
        "imag": -452559446361085.8
      },
      {
        "real": 2.2032575281206828e+16,
        "imag": 1.1853881659509555e+17
      }
    ],
    [
      {
        "real": -694200918278610.2,
        "imag": -3173911614438995.5
      },
      {
        "real": -4283386618747142.0,
        "imag": 2203395854071003.5
      }
    ],
    [
      {
        "real": -857157713787568.4,
        "imag": -4502437158588203.0
      },
      {
        "real": -1439652101889950.8,
        "imag": 1872102265563347.8
      }
    ]
  ]
}