{
  "attrs": {},
  "name": "SCP_M3",
  "frequency_range": null,
  "allow_gain": false,
  "nonlinear_spec": null,
  "modulation_spec": null,
  "viz_spec": null,
  "heat_spec": null,
  "type": "PoleResidue",
  "eps_inf": 0.2962239154473557,
  "poles": [
    [
      {
        "real": -106895248341400.12,
        "imag": -85622679776929.17
      },
      {
        "real": 2.7279187327645136e+16,
        "imag": 5.5950206640378714e+17
      }
    ],
    [
      {
        "real": -474226471550711.94,
        "imag": -3263034478074589.5
      },
      {
        "real": -1805171337450455.2,
        "imag": 618646040308570.0
      }
    ],
    [
      {
        "real": -1527158618328585.2,
        "imag": -5798846807760317.0
      },
      {
        "real": -1767049661060507.8,
        "imag": -4537932456236039.0
      }
    ]
  ]
}