{
  "attrs": {},
  "name": "CP_M2",
  "frequency_range": null,
  "allow_gain": false,
  "nonlinear_spec": null,
  "modulation_spec": null,
  "viz_spec": null,
  "heat_spec": null,
  "type": "PoleResidue",
  "eps_inf": 0.6860911254082753,
  "poles": [
    [
      {
        "real": -71358004513889.22,
        "imag": -472266992113159.75
      },
      {
        "real": 2.625410952389332e+16,
        "imag": 9.320753681562986e+16
      }
    ],
    [
      {
        "real": -1536570095121151.5,
        "imag": -3644109998944027.5
      },
      {
        "real": -8524421935484074.0,
        "imag": 1179255846271511.5
      }
    ]
  ]
}