{
  "attrs": {},
  "name": "SCP_M2",
  "frequency_range": null,
  "allow_gain": false,
  "nonlinear_spec": null,
  "modulation_spec": null,
  "viz_spec": null,
  "heat_spec": null,
  "type": "PoleResidue",
  "eps_inf": 2.073773407417106,
  "poles": [
    [
      {
        "real": -237749697423969.28,
        "imag": -85622679780078.17
      },
      {
        "real": 1.5389390457617308e+16,
        "imag": 7.75182962663809e+17
      }
    ],
    [
      {
        "real": -1427181168768609.5,
        "imag": -2605322508404042.5
      },
      {
        "real": -3180192266898042.0,
        "imag": 1.4400502371610998e+16
      }
    ]
  ]
}