{
  "attrs": {},
  "name": "CP_M3",
  "frequency_range": null,
  "allow_gain": false,
  "nonlinear_spec": null,
  "modulation_spec": null,
  "viz_spec": null,
  "heat_spec": null,
  "type": "PoleResidue",
  "eps_inf": 1.1646662193174304,
  "poles": [
    [
      {
        "real": -154384630836103.47,
        "imag": -455376421287218.75
      },
      {
        "real": 2.185776687834675e+16,
        "imag": 1.1851035368583325e+17
      }
    ],
    [
      {
        "real": -700047873847905.2,
        "imag": -3174314108056472.5
      },
      {
        "real": -4333356492558542.0,
        "imag": 2278687977036980.0
      }
    ],
    [
      {
        "real": -857308348184293.9,
        "imag": -4491815104894857.5
      },
      {
        "real": -1362702570608618.8,
        "imag": 1927614366313501.5
      }
    ]
  ]
}