{
  "attrs": {},
  "name": "RP_M3",
  "frequency_range": null,
  "allow_gain": false,
  "nonlinear_spec": null,
  "modulation_spec": null,
  "viz_spec": null,
  "heat_spec": null,
  "type": "PoleResidue",
  "eps_inf": 0.546436348437487,
  "poles": [
    [
      {
        "real": -70023231325932.82,
        "imag": -500677329653536.56
      },
      {
        "real": 2.530709600824518e+16,
        "imag": 8.86350554847481e+16
      }
    ],
    [
      {
        "real": -1720091376218399.8,
        "imag": -3587088606164937.0
      },
      {
        "real": -8081968792950728.0,
        "imag": 2981229657428999.0
      }
    ],
    [
      {
        "real": -208526790336853.0,
        "imag": -3292812636377125.0
      },
      {
        "real": -573019621911754.1,
        "imag": -5918142773498.167
      }
    ]
  ]
}