{
  "attrs": {},
  "name": "SCP_M3",
  "frequency_range": null,
  "allow_gain": false,
  "nonlinear_spec": null,
  "modulation_spec": null,
  "viz_spec": null,
  "heat_spec": null,
  "type": "PoleResidue",
  "eps_inf": 0.6208358203202006,
  "poles": [
    [
      {
        "real": -296497035610971.75,
        "imag": -4977592605560907.0
      },
      {
        "real": 4539300699060739.0,
        "imag": 4070475249200870.0
      }
    ],
    [
      {
        "real": -388439699880977.4,
        "imag": -6187710123446685.0
      },
      {
        "real": 6134479300475480.0,
        "imag": 1902802783477724.8
      }
    ],
    [
      {
        "real": -867423592960751.0,
        "imag": -6047132698592635.0
      },
      {
        "real": -5034948690572720.0,
        "imag": 2.895170904604404e+16
      }
    ]
  ]
}