{
  "attrs": {},
  "name": "SCP_M1",
  "frequency_range": null,
  "allow_gain": false,
  "nonlinear_spec": null,
  "modulation_spec": null,
  "viz_spec": null,
  "heat_spec": null,
  "type": "PoleResidue",
  "eps_inf": 0.8769804760709953,
  "poles": [
    [
      {
        "real": -1080557192971893.1,
        "imag": -6095567909362001.0
      },
      {
        "real": 5143489323725198.0,
        "imag": 4.28011223338595e+16
      }
    ]
  ]
}