{
  "attrs": {},
  "name": "CP_M2",
  "frequency_range": null,
  "allow_gain": false,
  "nonlinear_spec": null,
  "modulation_spec": null,
  "viz_spec": null,
  "heat_spec": null,
  "type": "PoleResidue",
  "eps_inf": 1.587045442997041,
  "poles": [
    [
      {
        "real": -291502326051034.06,
        "imag": -4996558672009903.0
      },
      {
        "real": 4298896118065185.5,
        "imag": 4913475471967837.0
      }
    ],
    [
      {
        "real": -771241537970143.4,
        "imag": -6264605198255979.0
      },
      {
        "real": -1074417493037107.0,
        "imag": 2.8220701932866004e+16
      }
    ]
  ]
}