{
  "attrs": {},
  "name": "RP_M3",
  "frequency_range": null,
  "allow_gain": false,
  "nonlinear_spec": null,
  "modulation_spec": null,
  "viz_spec": null,
  "heat_spec": null,
  "type": "PoleResidue",
  "eps_inf": 2.4381883775130357,
  "poles": [
    [
      {
        "real": -518200499160282.44,
        "imag": -6412140955510549.0
      },
      {
        "real": -2485670665994447.0,
        "imag": 1.851085772430532e+16
      }
    ],
    [
      {
        "real": -622671696438891.5,
        "imag": -5529033124417793.0
      },
      {
        "real": 1032797527459811.1,
        "imag": 7390646536973226.0
      }
    ],
    [
      {
        "real": -280032336484826.53,
        "imag": -4993280338219983.0
      },
      {
        "real": 3443588968149432.5,
        "imag": 4188167641098836.5
      }
    ]
  ]
}