{
  "attrs": {},
  "name": "CP_M2",
  "frequency_range": null,
  "allow_gain": false,
  "nonlinear_spec": null,
  "modulation_spec": null,
  "viz_spec": null,
  "heat_spec": null,
  "type": "PoleResidue",
  "eps_inf": 0.3520164334325744,
  "poles": [
    [
      {
        "real": -114488649339454.53,
        "imag": -709311004892504.4
      },
      {
        "real": 5271673182801894.0,
        "imag": 5.018142056727326e+16
      }
    ],
    [
      {
        "real": -6231448935095886.0,
        "imag": -824857508151697.1
      },
      {
        "real": 1.34861293514366e+16,
        "imag": 4.896044354941222e+17
      }
    ]
  ]
}