{
  "attrs": {},
  "name": "SCP_M2",
  "frequency_range": null,
  "allow_gain": false,
  "nonlinear_spec": null,
  "modulation_spec": null,
  "viz_spec": null,
  "heat_spec": null,
  "type": "PoleResidue",
  "eps_inf": 3.629169171143039,
  "poles": [
    [
      {
        "real": -1587841919653.4155,
        "imag": -85752946000310.08
      },
      {
        "real": 1.0927064916022096e+16,
        "imag": 4.2501062578550144e+17
      }
    ],
    [
      {
        "real": -6317085492205678.0,
        "imag": -2256394158963170.0
      },
      {
        "real": -6959848155251220.0,
        "imag": 2.029469629401491e+17
      }
    ]
  ]
}