{
  "attrs": {},
  "name": "SCP_M1",
  "frequency_range": null,
  "allow_gain": false,
  "nonlinear_spec": null,
  "modulation_spec": null,
  "viz_spec": null,
  "heat_spec": null,
  "type": "PoleResidue",
  "eps_inf": 6.034433597566011,
  "poles": [
    [
      {
        "real": -18341185096498.574,
        "imag": -85784028980598.19
      },
      {
        "real": 2.440276097043608e+16,
        "imag": 1.4078398700448186e+17
      }
    ]
  ]
}