{
  "attrs": {},
  "name": "SCP_M3",
  "frequency_range": null,
  "allow_gain": false,
  "nonlinear_spec": null,
  "modulation_spec": null,
  "viz_spec": null,
  "heat_spec": null,
  "type": "PoleResidue",
  "eps_inf": 0.4335273292077771,
  "poles": [
    [
      {
        "real": -720708351444049.2,
        "imag": -277159145144556.62
      },
      {
        "real": 5.2065193935094216e+16,
        "imag": 2.107928049252415e+17
      }
    ],
    [
      {
        "real": -620251875634721.5,
        "imag": -1223551033559513.5
      },
      {
        "real": -2.7734893642192596e+16,
        "imag": -2.9190821088390676e+16
      }
    ],
    [
      {
        "real": -7115192416659401.0,
        "imag": -5201830490859769.0
      },
      {
        "real": -1.530873289753361e+16,
        "imag": 8.203502358569045e+16
      }
    ]
  ]
}