{
  "attrs": {},
  "name": "CP_M2",
  "frequency_range": null,
  "allow_gain": false,
  "nonlinear_spec": null,
  "modulation_spec": null,
  "viz_spec": null,
  "heat_spec": null,
  "type": "PoleResidue",
  "eps_inf": 1.042646072785159,
  "poles": [
    [
      {
        "real": -161918247554402.62,
        "imag": -660130757820019.2
      },
      {
        "real": 4802879826396499.0,
        "imag": 5.6500329976855896e+16
      }
    ],
    [
      {
        "real": -5774462798473158.0,
        "imag": -2242559066631324.0
      },
      {
        "real": 8458734831687076.0,
        "imag": 1.801619656799501e+17
      }
    ]
  ],
  "model_family": "CP",
  "order_N": 2
}