{
  "attrs": {},
  "name": "SCP_M2",
  "frequency_range": null,
  "allow_gain": false,
  "nonlinear_spec": null,
  "modulation_spec": null,
  "viz_spec": null,
  "heat_spec": null,
  "type": "PoleResidue",
  "eps_inf": 3.937553025105183,
  "poles": [
    [
      {
        "real": -1813598025168.5896,
        "imag": -85628624950045.89
      },
      {
        "real": 1.126739067682678e+16,
        "imag": 4.2067425338825126e+17
      }
    ],
    [
      {
        "real": -6172284330041777.0,
        "imag": -2681995977642362.0
      },
      {
        "real": -9661512771126272.0,
        "imag": 1.7071119261067507e+17
      }
    ]
  ]
}