{
  "attrs": {},
  "name": "CP_M1",
  "frequency_range": null,
  "allow_gain": false,
  "nonlinear_spec": null,
  "modulation_spec": null,
  "viz_spec": null,
  "heat_spec": null,
  "type": "PoleResidue",
  "eps_inf": 5.075228389546824,
  "poles": [
    [
      {
        "real": -23533968379513.742,
        "imag": -85622679776929.1
      },
      {
        "real": 1.3883955852103426e+16,
        "imag": 2.0626733690092476e+16
      }
    ]
  ]
}