{
  "attrs": {},
  "name": "CP_M2",
  "frequency_range": null,
  "allow_gain": false,
  "nonlinear_spec": null,
  "modulation_spec": null,
  "viz_spec": null,
  "heat_spec": null,
  "type": "PoleResidue",
  "eps_inf": 0.2880253362659593,
  "poles": [
    [
      {
        "real": -143501628431137.47,
        "imag": -85622679776929.1
      },
      {
        "real": 1.26319770454018e+16,
        "imag": 2.0054129489384476e+16
      }
    ],
    [
      {
        "real": -2675220185470715.0,
        "imag": -6603021432489490.0
      },
      {
        "real": 6583067360250160.0,
        "imag": 1.1899071322250208e+16
      }
    ]
  ]
}