{
  "attrs": {},
  "name": "CP_M2",
  "frequency_range": null,
  "allow_gain": false,
  "nonlinear_spec": null,
  "modulation_spec": null,
  "viz_spec": null,
  "heat_spec": null,
  "type": "PoleResidue",
  "eps_inf": 2.909211026245939,
  "poles": [
    [
      {
        "real": -551846719514919.1,
        "imag": -751625984750721.0
      },
      {
        "real": 1.1051159281245858e+16,
        "imag": 9631093203027792.0
      }
    ],
    [
      {
        "real": -397724257017829.9,
        "imag": -6479743196611192.0
      },
      {
        "real": -2262710932656356.0,
        "imag": 3628337795103901.0
      }
    ]
  ],
  "model_family": "CP",
  "order_N": 2
}