{
  "attrs": {},
  "name": "SCP_M1",
  "frequency_range": null,
  "allow_gain": false,
  "nonlinear_spec": null,
  "modulation_spec": null,
  "viz_spec": null,
  "heat_spec": null,
  "type": "PoleResidue",
  "eps_inf": 5.145060592564941,
  "poles": [
    [
      {
        "real": -23533968379513.742,
        "imag": -85622679785512.92
      },
      {
        "real": 1.3681276193241082e+16,
        "imag": 2.148342348240359e+16
      }
    ]
  ]
}