{
  "attrs": {},
  "name": "RP_M2",
  "frequency_range": null,
  "allow_gain": false,
  "nonlinear_spec": null,
  "modulation_spec": null,
  "viz_spec": null,
  "heat_spec": null,
  "type": "PoleResidue",
  "eps_inf": 2.9833172806347057,
  "poles": [
    [
      {
        "real": -537060271020975.56,
        "imag": -753459220917625.9
      },
      {
        "real": 1.0627620091492428e+16,
        "imag": 9913336748736230.0
      }
    ],
    [
      {
        "real": -388241529637494.0,
        "imag": -6474721543199751.0
      },
      {
        "real": -2125123231935723.2,
        "imag": 3643117950579218.5
      }
    ]
  ]
}