{
  "attrs": {},
  "name": "RP_M3",
  "frequency_range": null,
  "allow_gain": false,
  "nonlinear_spec": null,
  "modulation_spec": null,
  "viz_spec": null,
  "heat_spec": null,
  "type": "PoleResidue",
  "eps_inf": 0.8507194097994107,
  "poles": [
    [
      {
        "real": -146072118107720.56,
        "imag": -55916131414407.75
      },
      {
        "real": 1.1547935078725232e+16,
        "imag": 5.2586468410418104e+16
      }
    ],
    [
      {
        "real": -2733401832700061.5,
        "imag": -6624396342175312.0
      },
      {
        "real": -1.0995982581026496e+16,
        "imag": 1.693348184523414e+16
      }
    ],
    [
      {
        "real": -755142268939623.8,
        "imag": -6518001321492410.0
      },
      {
        "real": 6406550494601694.0,
        "imag": 2233843219531477.8
      }
    ]
  ]
}