{
  "attrs": {},
  "name": "RP_M2",
  "frequency_range": null,
  "allow_gain": false,
  "nonlinear_spec": null,
  "modulation_spec": null,
  "viz_spec": null,
  "heat_spec": null,
  "type": "PoleResidue",
  "eps_inf": 2.9840103017306094,
  "poles": [
    [
      {
        "real": -536776725467399.9,
        "imag": -753453356367051.0
      },
      {
        "real": 1.0628358484248178e+16,
        "imag": 9907876446588652.0
      }
    ],
    [
      {
        "real": -388067918030197.9,
        "imag": -6474655618725741.0
      },
      {
        "real": -2124769319166812.5,
        "imag": 3641476702324661.0
      }
    ]
  ]
}