{
  "attrs": {},
  "name": "RP_M3",
  "frequency_range": null,
  "allow_gain": false,
  "nonlinear_spec": null,
  "modulation_spec": null,
  "viz_spec": null,
  "heat_spec": null,
  "type": "PoleResidue",
  "eps_inf": 0.8533402432848505,
  "poles": [
    [
      {
        "real": -146138870316410.47,
        "imag": -56093577819439.1
      },
      {
        "real": 1.154761111060372e+16,
        "imag": 5.2444471625083864e+16
      }
    ],
    [
      {
        "real": -2732270846910470.0,
        "imag": -6625692189725162.0
      },
      {
        "real": -1.101628890228736e+16,
        "imag": 1.6932808582264082e+16
      }
    ],
    [
      {
        "real": -755302835562947.9,
        "imag": -6517923341968400.0
      },
      {
        "real": 6411053745455028.0,
        "imag": 2231336063580495.5
      }
    ]
  ]
}