{
  "attrs": {},
  "name": "RP_M1",
  "frequency_range": null,
  "allow_gain": false,
  "nonlinear_spec": null,
  "modulation_spec": null,
  "viz_spec": null,
  "heat_spec": null,
  "type": "PoleResidue",
  "eps_inf": 4.772154044810745,
  "poles": [
    [
      {
        "real": -315628917127023.6,
        "imag": -593414903550241.8
      },
      {
        "real": 1.2129362139811006e+16,
        "imag": 8458409387240579.0
      }
    ]
  ]
}