{
  "attrs": {},
  "name": "SCP_M1",
  "frequency_range": null,
  "allow_gain": false,
  "nonlinear_spec": null,
  "modulation_spec": null,
  "viz_spec": null,
  "heat_spec": null,
  "type": "PoleResidue",
  "eps_inf": 5.1450182477165445,
  "poles": [
    [
      {
        "real": -23636057293401.383,
        "imag": -85622679785512.98
      },
      {
        "real": 1.3681798249862386e+16,
        "imag": 2.1495618284160932e+16
      }
    ]
  ]
}