{
  "attrs": {},
  "name": "SCP_M3",
  "frequency_range": null,
  "allow_gain": false,
  "nonlinear_spec": null,
  "modulation_spec": null,
  "viz_spec": null,
  "heat_spec": null,
  "type": "PoleResidue",
  "eps_inf": 0.9381854629009286,
  "poles": [
    [
      {
        "real": -287420430786236.25,
        "imag": -85622679776967.58
      },
      {
        "real": 1.1506231291781978e+16,
        "imag": 5.335880947251821e+16
      }
    ],
    [
      {
        "real": -2053763298178889.5,
        "imag": -5505190831286371.0
      },
      {
        "real": -4979452953493902.0,
        "imag": 7880671287827091.0
      }
    ],
    [
      {
        "real": -603441560681181.9,
        "imag": -6628594861352993.0
      },
      {
        "real": 3978094885867381.5,
        "imag": 5911660741558661.0
      }
    ]
  ]
}