{
  "attrs": {},
  "name": "SCP_M1",
  "frequency_range": null,
  "allow_gain": false,
  "nonlinear_spec": null,
  "modulation_spec": null,
  "viz_spec": null,
  "heat_spec": null,
  "type": "PoleResidue",
  "eps_inf": 9.306065059821236,
  "poles": [
    [
      {
        "real": -350418099880801.8,
        "imag": -85622679776929.11
      },
      {
        "real": 1088453450525360.8,
        "imag": 2.0910197216264234e+17
      }
    ]
  ]
}