{
  "attrs": {},
  "name": "CP_M3",
  "frequency_range": null,
  "allow_gain": false,
  "nonlinear_spec": null,
  "modulation_spec": null,
  "viz_spec": null,
  "heat_spec": null,
  "type": "PoleResidue",
  "eps_inf": 3.8116694628052317,
  "poles": [
    [
      {
        "real": -422723306890758.4,
        "imag": -464357227317107.25
      },
      {
        "real": 1594447253566518.2,
        "imag": 2.8874642226890064e+16
      }
    ],
    [
      {
        "real": -197813510448192.06,
        "imag": -4000573532994595.0
      },
      {
        "real": 172046959160862.28,
        "imag": -510025903710144.44
      }
    ],
    [
      {
        "real": -883627138477788.9,
        "imag": -4189170707681329.5
      },
      {
        "real": 4496281527439710.0,
        "imag": 4888408453470975.0
      }
    ]
  ]
}