{
  "attrs": {},
  "name": "SCP_M2",
  "frequency_range": null,
  "allow_gain": false,
  "nonlinear_spec": null,
  "modulation_spec": null,
  "viz_spec": null,
  "heat_spec": null,
  "type": "PoleResidue",
  "eps_inf": 2.959348658868984,
  "poles": [
    [
      {
        "real": -564496758763702.1,
        "imag": -85622693386252.89
      },
      {
        "real": 215485176531307.16,
        "imag": 1.916455567829575e+17
      }
    ],
    [
      {
        "real": -1380611875411806.5,
        "imag": -4641296093932355.0
      },
      {
        "real": 7496347016804253.0,
        "imag": 7541309519902084.0
      }
    ]
  ]
}