{
  "attrs": {},
  "name": "SCP_M3",
  "frequency_range": null,
  "allow_gain": false,
  "nonlinear_spec": null,
  "modulation_spec": null,
  "viz_spec": null,
  "heat_spec": null,
  "type": "PoleResidue",
  "eps_inf": 2.4788378194107112,
  "poles": [
    [
      {
        "real": -593085523279620.4,
        "imag": -85622730291729.5
      },
      {
        "real": -402782490212094.4,
        "imag": 2.0073680531960858e+17
      }
    ],
    [
      {
        "real": -33729609851536.7,
        "imag": -2535919417972705.0
      },
      {
        "real": -7659858976381.645,
        "imag": -4179204253896.697
      }
    ],
    [
      {
        "real": -1519204112078988.8,
        "imag": -4892527532816437.0
      },
      {
        "real": 8309860489068943.0,
        "imag": 9989087487354104.0
      }
    ]
  ]
}