{
  "attrs": {},
  "name": "SCP_M2",
  "frequency_range": null,
  "allow_gain": false,
  "nonlinear_spec": null,
  "modulation_spec": null,
  "viz_spec": null,
  "heat_spec": null,
  "type": "PoleResidue",
  "eps_inf": 2.3551756190146134,
  "poles": [
    [
      {
        "real": -544789493502474.4,
        "imag": -85623637020655.11
      },
      {
        "real": 787707817898636.4,
        "imag": 1.8346171561390282e+17
      }
    ],
    [
      {
        "real": -1613124772260192.8,
        "imag": -4526420703274719.0
      },
      {
        "real": 1.030208345263833e+16,
        "imag": 6544670308409457.0
      }
    ]
  ],
  "model_family": "SCP",
  "order_N": 2
}