{
  "attrs": {},
  "name": "CP_M2",
  "frequency_range": null,
  "allow_gain": false,
  "nonlinear_spec": null,
  "modulation_spec": null,
  "viz_spec": null,
  "heat_spec": null,
  "type": "PoleResidue",
  "eps_inf": 6.5032495577788145,
  "poles": [
    [
      {
        "real": -61778008291983.84,
        "imag": -2436442714645756.0
      },
      {
        "real": 464857837941374.9,
        "imag": 352230472194699.06
      }
    ],
    [
      {
        "real": -853559906980867.2,
        "imag": -4304913146251407.0
      },
      {
        "real": 4458365776749673.5,
        "imag": 1.8559372446629788e+16
      }
    ]
  ]
}