{
  "attrs": {},
  "name": "CP_M2",
  "frequency_range": null,
  "allow_gain": false,
  "nonlinear_spec": null,
  "modulation_spec": null,
  "viz_spec": null,
  "heat_spec": null,
  "type": "PoleResidue",
  "eps_inf": 6.533584873806683,
  "poles": [
    [
      {
        "real": -61824302149272.48,
        "imag": -2436548520446054.5
      },
      {
        "real": 465853174430337.94,
        "imag": 352142075297379.75
      }
    ],
    [
      {
        "real": -852066756801106.8,
        "imag": -4308946667781668.0
      },
      {
        "real": 4386761412108221.0,
        "imag": 1.854773344988187e+16
      }
    ]
  ]
}