{
  "attrs": {},
  "name": "CP_M1",
  "frequency_range": null,
  "allow_gain": false,
  "nonlinear_spec": null,
  "modulation_spec": null,
  "viz_spec": null,
  "heat_spec": null,
  "type": "PoleResidue",
  "eps_inf": 7.140069577315031,
  "poles": [
    [
      {
        "real": -853559906980867.2,
        "imag": -4304913146251407.0
      },
      {
        "real": 3711975632500595.5,
        "imag": 1.923808492629353e+16
      }
    ]
  ]
}