{
  "attrs": {},
  "name": "CP_M1",
  "frequency_range": null,
  "allow_gain": false,
  "nonlinear_spec": null,
  "modulation_spec": null,
  "viz_spec": null,
  "heat_spec": null,
  "type": "PoleResidue",
  "eps_inf": 7.171497564233711,
  "poles": [
    [
      {
        "real": -852066756801106.8,
        "imag": -4308946667781668.0
      },
      {
        "real": 3640364623585406.5,
        "imag": 1.9224859763294416e+16
      }
    ]
  ]
}