{
  "attrs": {},
  "name": "SCP_M3",
  "frequency_range": null,
  "allow_gain": false,
  "nonlinear_spec": null,
  "modulation_spec": null,
  "viz_spec": null,
  "heat_spec": null,
  "type": "PoleResidue",
  "eps_inf": 0.594318923499939,
  "poles": [
    [
      {
        "real": -46987950037877.85,
        "imag": -139201324220009.98
      },
      {
        "real": 676788880448307.9,
        "imag": 1.392013242200099e+18
      }
    ],
    [
      {
        "real": -1478451286619224.8,
        "imag": -2262332364380336.5
      },
      {
        "real": -3236228509765729.0,
        "imag": 2.246940937059749e+16
      }
    ],
    [
      {
        "real": -251490499229057.47,
        "imag": -2297554902260511.0
      },
      {
        "real": 3597763853608058.0,
        "imag": 6859296966483337.0
      }
    ]
  ]
}