{
  "attrs": {},
  "name": "SCP_M2",
  "frequency_range": null,
  "allow_gain": false,
  "nonlinear_spec": null,
  "modulation_spec": null,
  "viz_spec": null,
  "heat_spec": null,
  "type": "PoleResidue",
  "eps_inf": 0.679869471724478,
  "poles": [
    [
      {
        "real": -565517164396409.0,
        "imag": -1035494675556538.5
      },
      {
        "real": 2.9718453295280346e+17,
        "imag": 3.4060443192208685e+17
      }
    ],
    [
      {
        "real": -109629194334318.53,
        "imag": -1135358671388359.8
      },
      {
        "real": -2.947796265171823e+17,
        "imag": 3.693088803683049e+16
      }
    ]
  ]
}