{
  "attrs": {},
  "name": "CP_M1",
  "frequency_range": null,
  "allow_gain": false,
  "nonlinear_spec": null,
  "modulation_spec": null,
  "viz_spec": null,
  "heat_spec": null,
  "type": "PoleResidue",
  "eps_inf": 5.073706448337519,
  "poles": [
    [
      {
        "real": -999898349081210.8,
        "imag": -4430615385235512.5
      },
      {
        "real": 6322268231183765.0,
        "imag": 1.635961338585027e+16
      }
    ]
  ]
}