{
  "attrs": {},
  "name": "RP_M1",
  "frequency_range": null,
  "allow_gain": false,
  "nonlinear_spec": null,
  "modulation_spec": null,
  "viz_spec": null,
  "heat_spec": null,
  "type": "PoleResidue",
  "eps_inf": 6.0285654696028175,
  "poles": [
    [
      {
        "real": -866781552563088.2,
        "imag": -4413336798568402.0
      },
      {
        "real": 4221649510160276.5,
        "imag": 1.4859444651184702e+16
      }
    ]
  ]
}