{
  "attrs": {},
  "name": "SCP_M3",
  "frequency_range": null,
  "allow_gain": false,
  "nonlinear_spec": null,
  "modulation_spec": null,
  "viz_spec": null,
  "heat_spec": null,
  "type": "PoleResidue",
  "eps_inf": 1.299456062121513,
  "poles": [
    [
      {
        "real": -1492759439737809.8,
        "imag": -1886961913881260.8
      },
      {
        "real": -483609986290071.94,
        "imag": 1671704341383584.0
      }
    ],
    [
      {
        "real": -1210205178024953.0,
        "imag": -3967558533879792.5
      },
      {
        "real": -516310973681493.06,
        "imag": 607862859524107.9
      }
    ],
    [
      {
        "real": -2161775501723930.5,
        "imag": -6003850392655713.0
      },
      {
        "real": 1.1099881053921394e+16,
        "imag": 4422330095274176.5
      }
    ]
  ]
}