{
    "attrs": {},
    "name": "CP_selected_M3",
    "frequency_range": null,
    "allow_gain": false,
    "nonlinear_spec": null,
    "modulation_spec": null,
    "viz_spec": null,
    "heat_spec": null,
    "type": "PoleResidue",
    "eps_inf": 0.8954425603456757,
    "poles": [
        [
            {
                "real": -716702958976559.6,
                "imag": -1909392803297065.0
            },
            {
                "real": 249547109368146.25,
                "imag": 672729440422850.4
            }
        ],
        [
            {
                "real": -1579056192408841.5,
                "imag": -2199980948900274.0
            },
            {
                "real": -6253566069027394.0,
                "imag": -7873421433755181.0
            }
        ],
        [
            {
                "real": -1706788335793776.8,
                "imag": -5486236692192803.0
            },
            {
                "real": 6706515574915889.0,
                "imag": 5.695281376196985e+16
            }
        ]
    ]
}