{
  "attrs": {},
  "name": "SCP_M2",
  "frequency_range": null,
  "allow_gain": false,
  "nonlinear_spec": null,
  "modulation_spec": null,
  "viz_spec": null,
  "heat_spec": null,
  "type": "PoleResidue",
  "eps_inf": 0.8621172385327154,
  "poles": [
    [
      {
        "real": -1516472520988740.2,
        "imag": -2553844782243797.5
      },
      {
        "real": -3218184202370917.0,
        "imag": -7809000101605401.0
      }
    ],
    [
      {
        "real": -1675713070951381.8,
        "imag": -5507685832828016.0
      },
      {
        "real": 5222402412773996.0,
        "imag": 5.4884241181184056e+16
      }
    ]
  ]
}