{
  "attrs": {},
  "name": "SCP_M1",
  "frequency_range": null,
  "allow_gain": false,
  "nonlinear_spec": null,
  "modulation_spec": null,
  "viz_spec": null,
  "heat_spec": null,
  "type": "PoleResidue",
  "eps_inf": 8.734130055106991,
  "poles": [
    [
      {
        "real": -6283185307.254983,
        "imag": -85622679781644.56
      },
      {
        "real": 1.086430057930486e+16,
        "imag": 1.4802777812686303e+18
      }
    ]
  ]
}