{
  "attrs": {},
  "name": "CP_M2",
  "frequency_range": null,
  "allow_gain": false,
  "nonlinear_spec": null,
  "modulation_spec": null,
  "viz_spec": null,
  "heat_spec": null,
  "type": "PoleResidue",
  "eps_inf": 4.075507287694852,
  "poles": [
    [
      {
        "real": -60959933893766.695,
        "imag": -444401408046874.0
      },
      {
        "real": 3720239629689637.5,
        "imag": 2.7239279851608278e+17
      }
    ],
    [
      {
        "real": -1097327057392677.6,
        "imag": -5947364432514424.0
      },
      {
        "real": -30042792463622.207,
        "imag": 9108316456898162.0
      }
    ]
  ]
}