{
  "attrs": {},
  "name": "CP_M3",
  "frequency_range": null,
  "allow_gain": false,
  "nonlinear_spec": null,
  "modulation_spec": null,
  "viz_spec": null,
  "heat_spec": null,
  "type": "PoleResidue",
  "eps_inf": 3.713578998971974,
  "poles": [
    [
      {
        "real": -81135543817922.25,
        "imag": -233239117456950.78
      },
      {
        "real": 3.821054826512786e+16,
        "imag": 5.006058724708114e+17
      }
    ],
    [
      {
        "real": -593855910093756.0,
        "imag": -307691219799554.56
      },
      {
        "real": -3.502214138291824e+16,
        "imag": -3.470533049154587e+16
      }
    ],
    [
      {
        "real": -1258277662940206.0,
        "imag": -5902599451121519.0
      },
      {
        "real": 1122470937858908.4,
        "imag": 1.035943120925261e+16
      }
    ]
  ],
  "model_family": "CP",
  "order_N": 3
}