{
  "attrs": {},
  "name": "CP_M3",
  "frequency_range": null,
  "allow_gain": false,
  "nonlinear_spec": null,
  "modulation_spec": null,
  "viz_spec": null,
  "heat_spec": null,
  "type": "PoleResidue",
  "eps_inf": 3.6146972584199117,
  "poles": [
    [
      {
        "real": -10233215520114.576,
        "imag": -417766588337966.3
      },
      {
        "real": 1.158215379441282e+16,
        "imag": 2.5974263192458755e+17
      }
    ],
    [
      {
        "real": -916903680969167.2,
        "imag": -1259304899759665.8
      },
      {
        "real": -7704717104629639.0,
        "imag": 3107497080545302.5
      }
    ],
    [
      {
        "real": -1226554050310639.5,
        "imag": -5934995296603817.0
      },
      {
        "real": 747566592144290.2,
        "imag": 1.0057584855334648e+16
      }
    ]
  ]
}