{
  "attrs": {},
  "name": "CP_M1",
  "frequency_range": null,
  "allow_gain": false,
  "nonlinear_spec": null,
  "modulation_spec": null,
  "viz_spec": null,
  "heat_spec": null,
  "type": "PoleResidue",
  "eps_inf": 8.623458398142363,
  "poles": [
    [
      {
        "real": -4239522458160.0654,
        "imag": -224815630956006.5
      },
      {
        "real": 1.072990384236377e+16,
        "imag": 5.5790595741423366e+17
      }
    ]
  ]
}