{
  "attrs": {},
  "name": "SCP_M1",
  "frequency_range": null,
  "allow_gain": false,
  "nonlinear_spec": null,
  "modulation_spec": null,
  "viz_spec": null,
  "heat_spec": null,
  "type": "PoleResidue",
  "eps_inf": 8.734126894848542,
  "poles": [
    [
      {
        "real": -6283185307.179858,
        "imag": -85622679777213.4
      },
      {
        "real": 1.0864320631071152e+16,
        "imag": 1.4802771779257462e+18
      }
    ]
  ]
}