{
  "attrs": {},
  "name": "CP_M3",
  "frequency_range": null,
  "allow_gain": false,
  "nonlinear_spec": null,
  "modulation_spec": null,
  "viz_spec": null,
  "heat_spec": null,
  "type": "PoleResidue",
  "eps_inf": 2.971227818459423,
  "poles": [
    [
      {
        "real": -30712633770328.887,
        "imag": -397909234695965.9
      },
      {
        "real": 1.757556188189805e+16,
        "imag": 2.714813649035334e+17
      }
    ],
    [
      {
        "real": -1493663608752448.0,
        "imag": -797323884766674.2
      },
      {
        "real": -1.3657755213340594e+16,
        "imag": -1.3718648300964838e+16
      }
    ],
    [
      {
        "real": -1341750486962765.0,
        "imag": -5893255650682621.0
      },
      {
        "real": 1969782663640690.0,
        "imag": 1.0821227665450456e+16
      }
    ]
  ]
}