{
  "attrs": {},
  "name": "CP_M2",
  "frequency_range": null,
  "allow_gain": false,
  "nonlinear_spec": null,
  "modulation_spec": null,
  "viz_spec": null,
  "heat_spec": null,
  "type": "PoleResidue",
  "eps_inf": 3.3478430455743307,
  "poles": [
    [
      {
        "real": -55768384213743.74,
        "imag": -317944206929429.44
      },
      {
        "real": 4382487523593701.0,
        "imag": 3.848126714800107e+17
      }
    ],
    [
      {
        "real": -1220751416980802.8,
        "imag": -5715310003471121.0
      },
      {
        "real": 2789374135501281.5,
        "imag": 8989673917144978.0
      }
    ]
  ]
}