{
  "attrs": {},
  "name": "CP_M1",
  "frequency_range": null,
  "allow_gain": false,
  "nonlinear_spec": null,
  "modulation_spec": null,
  "viz_spec": null,
  "heat_spec": null,
  "type": "PoleResidue",
  "eps_inf": 8.512850151551357,
  "poles": [
    [
      {
        "real": -5152936021313.46,
        "imag": -308841580621172.2
      },
      {
        "real": 1.0663556374531018e+16,
        "imag": 4.016905200631957e+17
      }
    ]
  ]
}