{
  "attrs": {},
  "name": "RP_M3",
  "frequency_range": null,
  "allow_gain": false,
  "nonlinear_spec": null,
  "modulation_spec": null,
  "viz_spec": null,
  "heat_spec": null,
  "type": "PoleResidue",
  "eps_inf": 0.7482433714623661,
  "poles": [
    [
      {
        "real": -1385182586593851.2,
        "imag": 5920657313007971.0
      },
      {
        "real": 4328080517498461.0,
        "imag": -1.1301958010937032e+16
      }
    ],
    [
      {
        "real": -551897096809862.7,
        "imag": 451044099018978.0
      },
      {
        "real": -2.594198932758534e+17,
        "imag": 5.4045016901085496e+16
      }
    ],
    [
      {
        "real": -38770824377946.12,
        "imag": -0.037058602803054196
      },
      {
        "real": 2.6418015734354746e+17,
        "imag": 0.0
      }
    ]
  ],
  "model_family": "RP",
  "order_N": 3
}