{
  "attrs": {},
  "name": "CP_M1",
  "frequency_range": null,
  "allow_gain": false,
  "nonlinear_spec": null,
  "modulation_spec": null,
  "viz_spec": null,
  "heat_spec": null,
  "type": "PoleResidue",
  "eps_inf": 0.5737144377086677,
  "poles": [
    [
      {
        "real": -686393911951113.9,
        "imag": -6563321510027730.0
      },
      {
        "real": 1576514372446596.8,
        "imag": 3.782982281157137e+16
      }
    ]
  ]
}