{
  "attrs": {},
  "name": "CP_M2",
  "frequency_range": null,
  "allow_gain": false,
  "nonlinear_spec": null,
  "modulation_spec": null,
  "viz_spec": null,
  "heat_spec": null,
  "type": "PoleResidue",
  "eps_inf": 1.3092951793176846,
  "poles": [
    [
      {
        "real": -183140955045523.56,
        "imag": -5117256008841591.0
      },
      {
        "real": 4691330194868318.0,
        "imag": 4635248744919322.0
      }
    ],
    [
      {
        "real": -687878837498736.8,
        "imag": -6562417552873886.0
      },
      {
        "real": -3153129617167924.5,
        "imag": 2.8819979546810084e+16
      }
    ]
  ],
  "model_family": "CP",
  "order_N": 2
}