{
  "attrs": {},
  "name": "SCP_M2",
  "frequency_range": null,
  "allow_gain": false,
  "nonlinear_spec": null,
  "modulation_spec": null,
  "viz_spec": null,
  "heat_spec": null,
  "type": "PoleResidue",
  "eps_inf": 2.396434851619246,
  "poles": [
    [
      {
        "real": -431062860882444.0,
        "imag": -5372509110927040.0
      },
      {
        "real": 7575260077324738.0,
        "imag": 1.0188759512303876e+16
      }
    ],
    [
      {
        "real": -514863293098837.8,
        "imag": -6721034509457586.0
      },
      {
        "real": -6795931267495796.0,
        "imag": 1.847880373006449e+16
      }
    ]
  ]
}