{
  "attrs": {},
  "name": "CP_M2",
  "frequency_range": null,
  "allow_gain": false,
  "nonlinear_spec": null,
  "modulation_spec": null,
  "viz_spec": null,
  "heat_spec": null,
  "type": "PoleResidue",
  "eps_inf": 1.305931455562029,
  "poles": [
    [
      {
        "real": -182933423101463.56,
        "imag": -5117556376642190.0
      },
      {
        "real": 4685615691769559.0,
        "imag": 4639821445279900.0
      }
    ],
    [
      {
        "real": -686393911951113.9,
        "imag": -6563321510027730.0
      },
      {
        "real": -3162044726617198.0,
        "imag": 2.8827076732285496e+16
      }
    ]
  ]
}