{
  "attrs": {},
  "name": "SCP_M2",
  "frequency_range": null,
  "allow_gain": false,
  "nonlinear_spec": null,
  "modulation_spec": null,
  "viz_spec": null,
  "heat_spec": null,
  "type": "PoleResidue",
  "eps_inf": 2.5079833330518224,
  "poles": [
    [
      {
        "real": -472992380625096.5,
        "imag": -5363316805038900.0
      },
      {
        "real": 8363259729221494.0,
        "imag": 1.0123645367796e+16
      }
    ],
    [
      {
        "real": -516517781438131.0,
        "imag": -6736322149307766.0
      },
      {
        "real": -7818261854505195.0,
        "imag": 1.8091772912233668e+16
      }
    ]
  ]
}