{
  "attrs": {},
  "name": "CP_M1",
  "frequency_range": null,
  "allow_gain": false,
  "nonlinear_spec": null,
  "modulation_spec": null,
  "viz_spec": null,
  "heat_spec": null,
  "type": "PoleResidue",
  "eps_inf": 0.5799969883960876,
  "poles": [
    [
      {
        "real": -685972505994593.0,
        "imag": -6563332419115142.0
      },
      {
        "real": 1562956989977464.5,
        "imag": 3.781335090995097e+16
      }
    ]
  ]
}