{
  "attrs": {},
  "name": "SCP_M2",
  "frequency_range": null,
  "allow_gain": false,
  "nonlinear_spec": null,
  "modulation_spec": null,
  "viz_spec": null,
  "heat_spec": null,
  "type": "PoleResidue",
  "eps_inf": 1.9801658788345586,
  "poles": [
    [
      {
        "real": -984698345186978.2,
        "imag": -1607708694662110.2
      },
      {
        "real": -1.0120882637271126e+16,
        "imag": -996750769722081.0
      }
    ],
    [
      {
        "real": -3545130351910402.0,
        "imag": -91919785770507.84
      },
      {
        "real": 1.7762424237254336e+16,
        "imag": 7.093123744792502e+17
      }
    ]
  ]
}