{
  "attrs": {},
  "name": "SCP_M3",
  "frequency_range": null,
  "allow_gain": false,
  "nonlinear_spec": null,
  "modulation_spec": null,
  "viz_spec": null,
  "heat_spec": null,
  "type": "PoleResidue",
  "eps_inf": 2.723586783007627,
  "poles": [
    [
      {
        "real": -810240791147679.0,
        "imag": -1309006460008893.8
      },
      {
        "real": -4303259488145728.0,
        "imag": 7059404330766027.0
      }
    ],
    [
      {
        "real": -1801556206438742.5,
        "imag": -4113763818385151.5
      },
      {
        "real": -645694062957955.4,
        "imag": -1.3652377373082442e+16
      }
    ],
    [
      {
        "real": -2275753745049108.5,
        "imag": -3757870367882435.0
      },
      {
        "real": 7324010563247492.0,
        "imag": 2.934916450188034e+16
      }
    ]
  ]
}