{
  "attrs": {},
  "name": "CP_M2",
  "frequency_range": null,
  "allow_gain": false,
  "nonlinear_spec": null,
  "modulation_spec": null,
  "viz_spec": null,
  "heat_spec": null,
  "type": "PoleResidue",
  "eps_inf": 1.504180721091305,
  "poles": [
    [
      {
        "real": -797192250301983.4,
        "imag": -205427085543050.0
      },
      {
        "real": 1.196661474673864e+16,
        "imag": -1.4416865802658444e+16
      }
    ],
    [
      {
        "real": -1078513706511802.6,
        "imag": -2056831025681649.8
      },
      {
        "real": -813571096736638.0,
        "imag": -6063997514537315.0
      }
    ]
  ],
  "model_family": "CP",
  "order_N": 2
}