{
  "attrs": {},
  "name": "RP_M3",
  "frequency_range": null,
  "allow_gain": false,
  "nonlinear_spec": null,
  "modulation_spec": null,
  "viz_spec": null,
  "heat_spec": null,
  "type": "PoleResidue",
  "eps_inf": 1.4530939824148736,
  "poles": [
    [
      {
        "real": -88028407906193.88,
        "imag": 2655867702189383.0
      },
      {
        "real": -7166551473745.008,
        "imag": 4699413318234.949
      }
    ],
    [
      {
        "real": -963271683740447.0,
        "imag": 1992533802819809.8
      },
      {
        "real": -2126538974661677.0,
        "imag": 4943543849666336.0
      }
    ],
    [
      {
        "real": -1331104139774626.0,
        "imag": 0.14184306583588446
      },
      {
        "real": 1.3449724453896954e+16,
        "imag": -1.5292935068393528e+30
      }
    ]
  ],
  "model_family": "RP",
  "order_N": 3
}