{
  "attrs": {},
  "name": "RP_M2",
  "frequency_range": null,
  "allow_gain": false,
  "nonlinear_spec": null,
  "modulation_spec": null,
  "viz_spec": null,
  "heat_spec": null,
  "type": "PoleResidue",
  "eps_inf": 1.5115149869191074,
  "poles": [
    [
      {
        "real": -979590802364710.4,
        "imag": 2041711466651720.2
      },
      {
        "real": -1553847591511516.5,
        "imag": 4991496137550568.0
      }
    ],
    [
      {
        "real": -1209658214321190.5,
        "imag": 0.2790719724229749
      },
      {
        "real": 1.2694371992942546e+16,
        "imag": 1.0085335479997618e+30
      }
    ]
  ],
  "model_family": "RP",
  "order_N": 2
}