{
  "attrs": {},
  "name": "SCP_M3",
  "frequency_range": null,
  "allow_gain": false,
  "nonlinear_spec": null,
  "modulation_spec": null,
  "viz_spec": null,
  "heat_spec": null,
  "type": "PoleResidue",
  "eps_inf": 2.4117319959459014,
  "poles": [
    [
      {
        "real": -61037044944164.086,
        "imag": -94175613591437.4
      },
      {
        "real": -1574418141392325.8,
        "imag": 9.417561322278868e+17
      }
    ],
    [
      {
        "real": -561197325413175.25,
        "imag": -4008584574082602.5
      },
      {
        "real": 1435918271222218.8,
        "imag": 1008127196153030.5
      }
    ],
    [
      {
        "real": -2577724439043079.0,
        "imag": -5911211234781020.0
      },
      {
        "real": 1777551608279809.8,
        "imag": 1.4661151698547496e+16
      }
    ]
  ]
}