{
  "attrs": {},
  "name": "SCP_M2",
  "frequency_range": null,
  "allow_gain": false,
  "nonlinear_spec": null,
  "modulation_spec": null,
  "viz_spec": null,
  "heat_spec": null,
  "type": "PoleResidue",
  "eps_inf": 1.1685790871398551,
  "poles": [
    [
      {
        "real": -141983001232.89087,
        "imag": -144326308068117.6
      },
      {
        "real": 4400430989157899.0,
        "imag": 5.5843678551079066e+17
      }
    ],
    [
      {
        "real": -1353978795132042.2,
        "imag": -3721835794845947.5
      },
      {
        "real": 1.0003599482975612e+16,
        "imag": -786063385646910.1
      }
    ]
  ]
}