{
  "attrs": {},
  "name": "SCP_M3",
  "frequency_range": null,
  "allow_gain": false,
  "nonlinear_spec": null,
  "modulation_spec": null,
  "viz_spec": null,
  "heat_spec": null,
  "type": "PoleResidue",
  "eps_inf": 2.426917973862862,
  "poles": [
    [
      {
        "real": -61373555849083.86,
        "imag": -85622680084287.25
      },
      {
        "real": -1598610450987252.8,
        "imag": 1.0366378924662363e+18
      }
    ],
    [
      {
        "real": -560842425055844.7,
        "imag": -4008251841564490.0
      },
      {
        "real": 1435295955984372.8,
        "imag": 1004625370516543.8
      }
    ],
    [
      {
        "real": -2583499403167771.0,
        "imag": -5917549620768758.0
      },
      {
        "real": 1702366377381357.2,
        "imag": 1.4740094850073726e+16
      }
    ]
  ]
}