{
  "attrs": {},
  "name": "CP_M1",
  "frequency_range": null,
  "allow_gain": false,
  "nonlinear_spec": null,
  "modulation_spec": null,
  "viz_spec": null,
  "heat_spec": null,
  "type": "PoleResidue",
  "eps_inf": 6.450895037812721,
  "poles": [
    [
      {
        "real": -8815315672244.457,
        "imag": -356797027387033.7
      },
      {
        "real": 6366516000289134.0,
        "imag": 2.119219232903966e+17
      }
    ]
  ]
}