{
  "attrs": {},
  "name": "CP_M3",
  "frequency_range": null,
  "allow_gain": false,
  "nonlinear_spec": null,
  "modulation_spec": null,
  "viz_spec": null,
  "heat_spec": null,
  "type": "PoleResidue",
  "eps_inf": 0.652937354458847,
  "poles": [
    [
      {
        "real": -495466889783739.6,
        "imag": -259806485509548.25
      },
      {
        "real": 3.744185680102771e+17,
        "imag": 5.495550515499108e+17
      }
    ],
    [
      {
        "real": -513687234403983.7,
        "imag": -587581789806434.2
      },
      {
        "real": -3.6298779921575686e+17,
        "imag": -1.5960855346490854e+17
      }
    ],
    [
      {
        "real": -854104047423418.8,
        "imag": -3799609793309822.0
      },
      {
        "real": 4368861058019776.5,
        "imag": -1370704070940561.2
      }
    ]
  ],
  "model_family": "CP",
  "order_N": 3
}