{
  "attrs": {},
  "name": "CP_M3",
  "frequency_range": null,
  "allow_gain": false,
  "nonlinear_spec": null,
  "modulation_spec": null,
  "viz_spec": null,
  "heat_spec": null,
  "type": "PoleResidue",
  "eps_inf": 2.3448994986095224,
  "poles": [
    [
      {
        "real": -8815315672244.457,
        "imag": -356797027387033.7
      },
      {
        "real": 1601143328272845.5,
        "imag": 2.3118812788667184e+17
      }
    ],
    [
      {
        "real": -635145331320572.0,
        "imag": -4065039978242777.5
      },
      {
        "real": 1823872428267442.0,
        "imag": 1881387986797588.0
      }
    ],
    [
      {
        "real": -1444534411194832.5,
        "imag": -5675817401158112.0
      },
      {
        "real": 2711516716009293.5,
        "imag": 5616801886477350.0
      }
    ]
  ]
}