{
  "attrs": {},
  "name": "CP_M1",
  "frequency_range": null,
  "allow_gain": false,
  "nonlinear_spec": null,
  "modulation_spec": null,
  "viz_spec": null,
  "heat_spec": null,
  "type": "PoleResidue",
  "eps_inf": 5.931267554574513,
  "poles": [
    [
      {
        "real": -22660446599998.953,
        "imag": -668434127008909.4
      },
      {
        "real": 5920138668949700.0,
        "imag": 1.0454994617474784e+17
      }
    ]
  ]
}