{
  "attrs": {},
  "name": "SCP_M1",
  "frequency_range": null,
  "allow_gain": false,
  "nonlinear_spec": null,
  "modulation_spec": null,
  "viz_spec": null,
  "heat_spec": null,
  "type": "PoleResidue",
  "eps_inf": 6.456318142878961,
  "poles": [
    [
      {
        "real": -4833375615765.058,
        "imag": -391124667572228.4
      },
      {
        "real": 6393430782856820.0,
        "imag": 1.9202870448048086e+17
      }
    ]
  ]
}