{
  "attrs": {},
  "name": "CP_M2",
  "frequency_range": null,
  "allow_gain": false,
  "nonlinear_spec": null,
  "modulation_spec": null,
  "viz_spec": null,
  "heat_spec": null,
  "type": "PoleResidue",
  "eps_inf": 2.018098178554019,
  "poles": [
    [
      {
        "real": -972827573851796.2,
        "imag": -4954780564515417.0
      },
      {
        "real": -2.9096756671655876e+16,
        "imag": 2597516002218952.5
      }
    ],
    [
      {
        "real": -1289850700210575.2,
        "imag": -5389157531473176.0
      },
      {
        "real": 2.9549252750625744e+16,
        "imag": 1.4612490167776452e+16
      }
    ]
  ]
}