{
  "attrs": {},
  "name": "CP_M2",
  "frequency_range": null,
  "allow_gain": false,
  "nonlinear_spec": null,
  "modulation_spec": null,
  "viz_spec": null,
  "heat_spec": null,
  "type": "PoleResidue",
  "eps_inf": 1.6452768795681911,
  "poles": [
    [
      {
        "real": -879044907610071.5,
        "imag": -4721148163259099.0
      },
      {
        "real": -1.23661754598618e+16,
        "imag": 6956961568628118.0
      }
    ],
    [
      {
        "real": -1539169761915267.8,
        "imag": -5871803480363049.0
      },
      {
        "real": 1.317877356528418e+16,
        "imag": 1.1519238663804206e+16
      }
    ]
  ]
}