{
  "attrs": {},
  "name": "CP_M3",
  "frequency_range": null,
  "allow_gain": false,
  "nonlinear_spec": null,
  "modulation_spec": null,
  "viz_spec": null,
  "heat_spec": null,
  "type": "PoleResidue",
  "eps_inf": 1.393079945560017,
  "poles": [
    [
      {
        "real": -591497537161395.8,
        "imag": -2928177113161048.0
      },
      {
        "real": -1857526370049391.2,
        "imag": 3444921859803554.5
      }
    ],
    [
      {
        "real": -821022252364582.0,
        "imag": -4354596634325444.5
      },
      {
        "real": 5873398612685767.0,
        "imag": 1.389779403615591e+16
      }
    ],
    [
      {
        "real": -613234807462504.0,
        "imag": -5287892798161042.0
      },
      {
        "real": 2333875759903849.5,
        "imag": -5469390936929783.0
      }
    ]
  ]
}