{
  "attrs": {},
  "name": "CP_M3",
  "frequency_range": null,
  "allow_gain": false,
  "nonlinear_spec": null,
  "modulation_spec": null,
  "viz_spec": null,
  "heat_spec": null,
  "type": "PoleResidue",
  "eps_inf": 0.4049519170740337,
  "poles": [
    [
      {
        "real": -888148556746379.6,
        "imag": -5743022317885360.0
      },
      {
        "real": 126538003435894.14,
        "imag": -1618803835660366.0
      }
    ],
    [
      {
        "real": -1317950911125985.8,
        "imag": -6858903998365747.0
      },
      {
        "real": 4728564231835219.0,
        "imag": 7950852855396888.0
      }
    ],
    [
      {
        "real": -3.5670960759091376e+16,
        "imag": -2.8414354985149316e+16
      },
      {
        "real": 1536970796369860.0,
        "imag": 1.0143650174797754e+17
      }
    ]
  ]
}