{
  "attrs": {},
  "name": "CP_M1",
  "frequency_range": null,
  "allow_gain": false,
  "nonlinear_spec": null,
  "modulation_spec": null,
  "viz_spec": null,
  "heat_spec": null,
  "type": "PoleResidue",
  "eps_inf": 4.289659553822977,
  "poles": [
    [
      {
        "real": -96470417777902.88,
        "imag": -741439441369055.6
      },
      {
        "real": 1305887575545836.5,
        "imag": 1.018874975142063e+17
      }
    ]
  ]
}