{
  "attrs": {},
  "name": "CP_M2",
  "frequency_range": null,
  "allow_gain": false,
  "nonlinear_spec": null,
  "modulation_spec": null,
  "viz_spec": null,
  "heat_spec": null,
  "type": "PoleResidue",
  "eps_inf": 5.616292558603382,
  "poles": [
    [
      {
        "real": -70893047132615.12,
        "imag": -233747469626658.3
      },
      {
        "real": -2.02875510873181e+17,
        "imag": 4.2846481950771697e+18
      }
    ],
    [
      {
        "real": -84717000419859.31,
        "imag": -351309211876510.9
      },
      {
        "real": 2.0491520790459757e+17,
        "imag": -2.562637065948073e+18
      }
    ]
  ]
}