{
  "attrs": {},
  "name": "CP_M3",
  "frequency_range": null,
  "allow_gain": false,
  "nonlinear_spec": null,
  "modulation_spec": null,
  "viz_spec": null,
  "heat_spec": null,
  "type": "PoleResidue",
  "eps_inf": 2.897826330717208,
  "poles": [
    [
      {
        "real": -292952020303266.7,
        "imag": -85622679776929.1
      },
      {
        "real": 7.823571700461777e+18,
        "imag": 3.352406409590528e+18
      }
    ],
    [
      {
        "real": -197129829041644.03,
        "imag": -89948888906620.89
      },
      {
        "real": -7.822905826349661e+18,
        "imag": 6.043779181644966e+18
      }
    ],
    [
      {
        "real": -359416352571302.7,
        "imag": -6836211667834230.0
      },
      {
        "real": 53875989080807.305,
        "imag": 1948465598314728.2
      }
    ]
  ]
}