{
  "attrs": {},
  "name": "CP_M2",
  "frequency_range": null,
  "allow_gain": false,
  "nonlinear_spec": null,
  "modulation_spec": null,
  "viz_spec": null,
  "heat_spec": null,
  "type": "PoleResidue",
  "eps_inf": 5.376813976758332,
  "poles": [
    [
      {
        "real": -231946204802089.0,
        "imag": -85622679776929.1
      },
      {
        "real": -4.749939311278674e+19,
        "imag": 2.3697952113941336e+19
      }
    ],
    [
      {
        "real": -303758925805915.5,
        "imag": -85622679776929.1
      },
      {
        "real": 4.7501184771105776e+19,
        "imag": 1.7248943680632246e+19
      }
    ]
  ]
}