{
  "attrs": {},
  "name": "SCP_M3",
  "frequency_range": null,
  "allow_gain": false,
  "nonlinear_spec": null,
  "modulation_spec": null,
  "viz_spec": null,
  "heat_spec": null,
  "type": "PoleResidue",
  "eps_inf": 2.79757573959458,
  "poles": [
    [
      {
        "real": -246073576002324.75,
        "imag": -86437348196603.38
      },
      {
        "real": 2.733021330957611e+18,
        "imag": 5.037575176347877e+18
      }
    ],
    [
      {
        "real": -194922624513659.16,
        "imag": -171896517660253.9
      },
      {
        "real": -2.7322886958496154e+18,
        "imag": -1.251494875589584e+18
      }
    ],
    [
      {
        "real": -393148623524556.56,
        "imag": -6854640578892248.0
      },
      {
        "real": 151527633256469.8,
        "imag": 2060362962969474.2
      }
    ]
  ]
}