{
  "attrs": {},
  "name": "SCP_M2",
  "frequency_range": null,
  "allow_gain": false,
  "nonlinear_spec": null,
  "modulation_spec": null,
  "viz_spec": null,
  "heat_spec": null,
  "type": "PoleResidue",
  "eps_inf": 2.617302356926328,
  "poles": [
    [
      {
        "real": -39597515797909.92,
        "imag": -88968292013512.5
      },
      {
        "real": 904005698972210.1,
        "imag": 8.896829144110624e+17
      }
    ],
    [
      {
        "real": -442474433989472.25,
        "imag": -6872732910139611.0
      },
      {
        "real": 331596243195608.1,
        "imag": 2208802581493208.2
      }
    ]
  ]
}