{
  "attrs": {},
  "name": "SCP_M1",
  "frequency_range": null,
  "allow_gain": false,
  "nonlinear_spec": null,
  "modulation_spec": null,
  "viz_spec": null,
  "heat_spec": null,
  "type": "PoleResidue",
  "eps_inf": 4.914357018064514,
  "poles": [
    [
      {
        "real": -6283185307.48211,
        "imag": -85622679776931.56
      },
      {
        "real": 2109813014634490.8,
        "imag": 1.0034099556587575e+18
      }
    ]
  ]
}