{
  "attrs": {},
  "name": "CP_M3",
  "frequency_range": null,
  "allow_gain": false,
  "nonlinear_spec": null,
  "modulation_spec": null,
  "viz_spec": null,
  "heat_spec": null,
  "type": "PoleResidue",
  "eps_inf": 2.850507831325491,
  "poles": [
    [
      {
        "real": -193024744423393.25,
        "imag": -85622679776929.1
      },
      {
        "real": -1.9895624774729597e+19,
        "imag": 9.20358819589658e+18
      }
    ],
    [
      {
        "real": -230258252312075.53,
        "imag": -86242125234475.94
      },
      {
        "real": 1.98963816172045e+19,
        "imag": 3.880138735560054e+17
      }
    ],
    [
      {
        "real": -384437603443619.3,
        "imag": -6833628021554182.0
      },
      {
        "real": 139544384558047.61,
        "imag": 1977280452790767.8
      }
    ]
  ]
}