{
  "attrs": {},
  "name": "SCP_M1",
  "frequency_range": null,
  "allow_gain": false,
  "nonlinear_spec": null,
  "modulation_spec": null,
  "viz_spec": null,
  "heat_spec": null,
  "type": "PoleResidue",
  "eps_inf": 4.914353111786693,
  "poles": [
    [
      {
        "real": -6283185307.190841,
        "imag": -85622679776929.11
      },
      {
        "real": 2109803939545420.5,
        "imag": 1.0034095934631684e+18
      }
    ]
  ]
}