{
  "attrs": {},
  "name": "RP_M3",
  "frequency_range": null,
  "allow_gain": false,
  "nonlinear_spec": null,
  "modulation_spec": null,
  "viz_spec": null,
  "heat_spec": null,
  "type": "PoleResidue",
  "eps_inf": 2.5286938729246384,
  "poles": [
    [
      {
        "real": -478610463300363.6,
        "imag": 6865925538273827.0
      },
      {
        "real": 603378233187954.6,
        "imag": -2260948772769336.0
      }
    ],
    [
      {
        "real": -17326824360520.85,
        "imag": -0.037453605942147424
      },
      {
        "real": 2.5130857501415757e+18,
        "imag": 0.0
      }
    ],
    [
      {
        "real": -48788715295152.45,
        "imag": -0.07590212024313313
      },
      {
        "real": -2.511922192321276e+18,
        "imag": 0.0
      }
    ]
  ],
  "model_family": "RP",
  "order_N": 3
}