{
  "attrs": {},
  "name": "RP_M2",
  "frequency_range": null,
  "allow_gain": false,
  "nonlinear_spec": null,
  "modulation_spec": null,
  "viz_spec": null,
  "heat_spec": null,
  "type": "PoleResidue",
  "eps_inf": 0.9496938295367189,
  "poles": [
    [
      {
        "real": -2707476287045375.5,
        "imag": -3659654633603559.0
      },
      {
        "real": 3533185860647813.5,
        "imag": -3970791317876817.0
      }
    ],
    [
      {
        "real": -43029591187716.69,
        "imag": -695027531040799.2
      },
      {
        "real": 1539508962060987.5,
        "imag": 9.36491683440071e+16
      }
    ]
  ]
}