{
  "attrs": {},
  "name": "RP_M3",
  "frequency_range": null,
  "allow_gain": false,
  "nonlinear_spec": null,
  "modulation_spec": null,
  "viz_spec": null,
  "heat_spec": null,
  "type": "PoleResidue",
  "eps_inf": 2.7544393750818092,
  "poles": [
    [
      {
        "real": -250880801387319.88,
        "imag": 16863887162176.928
      },
      {
        "real": 2.05669792936189e+18,
        "imag": -4.626073369873334e+19
      }
    ],
    [
      {
        "real": -246923438801513.9,
        "imag": -135402847572665.11
      },
      {
        "real": -2.056004781695536e+18,
        "imag": -5.109371099038407e+18
      }
    ],
    [
      {
        "real": -376303138777433.3,
        "imag": -6835187674520589.0
      },
      {
        "real": 119223590262460.69,
        "imag": 2043210961842685.0
      }
    ]
  ]
}