{
  "attrs": {},
  "name": "RP_M2",
  "frequency_range": null,
  "allow_gain": false,
  "nonlinear_spec": null,
  "modulation_spec": null,
  "viz_spec": null,
  "heat_spec": null,
  "type": "PoleResidue",
  "eps_inf": 0.9477472954616061,
  "poles": [
    [
      {
        "real": -2708045893562850.5,
        "imag": -3660268686227770.5
      },
      {
        "real": 3538317251483784.0,
        "imag": -3977774332922654.5
      }
    ],
    [
      {
        "real": -42969661847604.47,
        "imag": -695145725192827.1
      },
      {
        "real": 1542780429770748.8,
        "imag": 9.362190116481317e+16
      }
    ]
  ]
}