{
  "attrs": {},
  "name": "RP_M3",
  "frequency_range": null,
  "allow_gain": false,
  "nonlinear_spec": null,
  "modulation_spec": null,
  "viz_spec": null,
  "heat_spec": null,
  "type": "PoleResidue",
  "eps_inf": 2.7551861660398456,
  "poles": [
    [
      {
        "real": -255500271587872.34,
        "imag": 12473424263236.666
      },
      {
        "real": 2.041285391679113e+18,
        "imag": -6.3921442337010024e+19
      }
    ],
    [
      {
        "real": -251859542902115.12,
        "imag": -135995508876271.84
      },
      {
        "real": -2.0406032582014643e+18,
        "imag": -5.21852500392167e+18
      }
    ],
    [
      {
        "real": -375733369166820.5,
        "imag": -6835254060845729.0
      },
      {
        "real": 114266727375324.16,
        "imag": 2044209315028689.5
      }
    ]
  ]
}