{
  "attrs": {},
  "name": "CP_M2",
  "frequency_range": null,
  "allow_gain": false,
  "nonlinear_spec": null,
  "modulation_spec": null,
  "viz_spec": null,
  "heat_spec": null,
  "type": "PoleResidue",
  "eps_inf": 0.3149617706967093,
  "poles": [
    [
      {
        "real": -1.2548410395045714e+16,
        "imag": -8557069528826958.0
      },
      {
        "real": 3379939831924386.5,
        "imag": 4029200992637677.0
      }
    ],
    [
      {
        "real": -5941510746829963.0,
        "imag": -1.8843193505132864e+16
      },
      {
        "real": 1.5352191532085912e+16,
        "imag": 7207899467362781.0
      }
    ]
  ]
}