{
  "attrs": {},
  "name": "SCP_M3",
  "frequency_range": null,
  "allow_gain": false,
  "nonlinear_spec": null,
  "modulation_spec": null,
  "viz_spec": null,
  "heat_spec": null,
  "type": "PoleResidue",
  "eps_inf": 0.3833815133872465,
  "poles": [
    [
      {
        "real": -1.2803141370343632e+16,
        "imag": -1.0865727913892264e+16
      },
      {
        "real": 3435082061871.2407,
        "imag": 2060254664950.958
      }
    ],
    [
      {
        "real": -8812169297230016.0,
        "imag": -2.0507917748705096e+16
      },
      {
        "real": -9481723450028376.0,
        "imag": 1920183130376109.0
      }
    ],
    [
      {
        "real": -3483749371634129.0,
        "imag": -2.323825463315271e+16
      },
      {
        "real": 1.5499849920830644e+16,
        "imag": 2.0706613327044236e+16
      }
    ]
  ]
}