{
  "attrs": {},
  "name": "RP_M3",
  "frequency_range": null,
  "allow_gain": false,
  "nonlinear_spec": null,
  "modulation_spec": null,
  "viz_spec": null,
  "heat_spec": null,
  "type": "PoleResidue",
  "eps_inf": 0.6579541940783632,
  "poles": [
    [
      {
        "real": -51254597592069.05,
        "imag": 2.430333528976712e+16
      },
      {
        "real": 75573085542251.08,
        "imag": -1.8063365140474696e+16
      }
    ],
    [
      {
        "real": -169978923717214.78,
        "imag": 5846608789584679.0
      },
      {
        "real": 384507084216.62244,
        "imag": 49400941984.841034
      }
    ],
    [
      {
        "real": -159389276761435.94,
        "imag": 5839967764754627.0
      },
      {
        "real": -329978025448.95245,
        "imag": -74557659922.64874
      }
    ]
  ],
  "model_family": "RP",
  "order_N": 3
}