{
  "attrs": {},
  "name": "RP_M1",
  "frequency_range": null,
  "allow_gain": false,
  "nonlinear_spec": null,
  "modulation_spec": null,
  "viz_spec": null,
  "heat_spec": null,
  "type": "PoleResidue",
  "eps_inf": 1.9342405790431372,
  "poles": [
    [
      {
        "real": -52204660911440.31,
        "imag": -1.0687586080185464e+16
      },
      {
        "real": 11462274432259.484,
        "imag": 1143480861737725.8
      }
    ]
  ]
}