{
  "attrs": {},
  "name": "SCP_M3",
  "frequency_range": null,
  "allow_gain": false,
  "nonlinear_spec": null,
  "modulation_spec": null,
  "viz_spec": null,
  "heat_spec": null,
  "type": "PoleResidue",
  "eps_inf": 0.28325823314858084,
  "poles": [
    [
      {
        "real": -119726463295412.58,
        "imag": -5792164122487613.0
      },
      {
        "real": 28217324826.97776,
        "imag": 13839453804.168854
      }
    ],
    [
      {
        "real": -9623819910627322.0,
        "imag": -2.0610036850051544e+16
      },
      {
        "real": -1.027810404772426e+16,
        "imag": 2686903152423754.5
      }
    ],
    [
      {
        "real": -3743907434374951.0,
        "imag": -2.3314555313986732e+16
      },
      {
        "real": 1.6929683715118422e+16,
        "imag": 2.1549759510194936e+16
      }
    ]
  ]
}