{
  "attrs": {},
  "name": "CP_M1",
  "frequency_range": null,
  "allow_gain": false,
  "nonlinear_spec": null,
  "modulation_spec": null,
  "viz_spec": null,
  "heat_spec": null,
  "type": "PoleResidue",
  "eps_inf": 1.19485463793173,
  "poles": [
    [
      {
        "real": -2532249582612461.0,
        "imag": -4974475760014619.0
      },
      {
        "real": 1.359560693435023e+16,
        "imag": 5.5637377618928296e+16
      }
    ]
  ]
}