{
  "attrs": {},
  "name": "SCP_M3",
  "frequency_range": null,
  "allow_gain": false,
  "nonlinear_spec": null,
  "modulation_spec": null,
  "viz_spec": null,
  "heat_spec": null,
  "type": "PoleResidue",
  "eps_inf": 1.0675649398919105,
  "poles": [
    [
      {
        "real": -778760365285670.0,
        "imag": -3439980796212647.0
      },
      {
        "real": 6314374237958488.0,
        "imag": 1.1156745269186712e+16
      }
    ],
    [
      {
        "real": -1724871354414753.8,
        "imag": -5140412156980968.0
      },
      {
        "real": 1.5945064526470618e+16,
        "imag": 1.5266381476234866e+16
      }
    ],
    [
      {
        "real": -365879682485305.56,
        "imag": -6639116321623135.0
      },
      {
        "real": -8787474923709638.0,
        "imag": 3938643007167195.5
      }
    ]
  ]
}