{
  "attrs": {},
  "name": "CP_M2",
  "frequency_range": null,
  "allow_gain": false,
  "nonlinear_spec": null,
  "modulation_spec": null,
  "viz_spec": null,
  "heat_spec": null,
  "type": "PoleResidue",
  "eps_inf": 3.852143325770263,
  "poles": [
    [
      {
        "real": -2670701209191071.5,
        "imag": -4841123735733195.0
      },
      {
        "real": 1.000879613630829e+16,
        "imag": 4.972851745576633e+16
      }
    ],
    [
      {
        "real": -367198694105337.25,
        "imag": -6648741550773826.0
      },
      {
        "real": -5029581022996652.0,
        "imag": 2221499073586776.8
      }
    ]
  ]
}