{
  "attrs": {},
  "name": "CP_M1",
  "frequency_range": null,
  "allow_gain": false,
  "nonlinear_spec": null,
  "modulation_spec": null,
  "viz_spec": null,
  "heat_spec": null,
  "type": "PoleResidue",
  "eps_inf": 1.1397309463536425,
  "poles": [
    [
      {
        "real": -2305108011367323.5,
        "imag": -4718388366559519.0
      },
      {
        "real": 1.7381303921680328e+16,
        "imag": 4.830885666428155e+16
      }
    ]
  ],
  "model_family": "CP",
  "order_N": 1
}