{
  "attrs": {},
  "name": "SCP_M3",
  "frequency_range": null,
  "allow_gain": false,
  "nonlinear_spec": null,
  "modulation_spec": null,
  "viz_spec": null,
  "heat_spec": null,
  "type": "PoleResidue",
  "eps_inf": 0.5377186940049705,
  "poles": [
    [
      {
        "real": -12119114679068.537,
        "imag": -85624205812585.1
      },
      {
        "real": 1.6281397751589626e+16,
        "imag": 9.42913114189493e+17
      }
    ],
    [
      {
        "real": -2109258897196799.2,
        "imag": -1152396574009744.0
      },
      {
        "real": 5369901426160669.0,
        "imag": -4.8744693650118136e+16
      }
    ],
    [
      {
        "real": -922634507701856.9,
        "imag": -3642119996638086.5
      },
      {
        "real": 3256709284735424.5,
        "imag": -1843509855666692.0
      }
    ]
  ]
}