{
  "attrs": {},
  "name": "CP_M1",
  "frequency_range": null,
  "allow_gain": false,
  "nonlinear_spec": null,
  "modulation_spec": null,
  "viz_spec": null,
  "heat_spec": null,
  "type": "PoleResidue",
  "eps_inf": 8.92455231861786,
  "poles": [
    [
      {
        "real": -22702718939608.664,
        "imag": -201498974594178.47
      },
      {
        "real": 7518670951653551.0,
        "imag": 4.604276281930439e+17
      }
    ]
  ]
}