{
  "attrs": {},
  "name": "SCP_M2",
  "frequency_range": null,
  "allow_gain": false,
  "nonlinear_spec": null,
  "modulation_spec": null,
  "viz_spec": null,
  "heat_spec": null,
  "type": "PoleResidue",
  "eps_inf": 2.3275933318237376,
  "poles": [
    [
      {
        "real": -6283185307.179587,
        "imag": -87847427414659.64
      },
      {
        "real": 7018479639697087.0,
        "imag": 1.0056758956299375e+18
      }
    ],
    [
      {
        "real": -1341694068037161.2,
        "imag": -3682004470294204.0
      },
      {
        "real": 9496984128195308.0,
        "imag": -1465271206968917.8
      }
    ]
  ]
}