{
  "attrs": {},
  "name": "CP_M3",
  "frequency_range": null,
  "allow_gain": false,
  "nonlinear_spec": null,
  "modulation_spec": null,
  "viz_spec": null,
  "heat_spec": null,
  "type": "PoleResidue",
  "eps_inf": 3.1988206367813357,
  "poles": [
    [
      {
        "real": -11735912135457.992,
        "imag": -394654429931165.75
      },
      {
        "real": 1.0500864808497748e+16,
        "imag": 1.8864992679618374e+17
      }
    ],
    [
      {
        "real": -680778208041057.4,
        "imag": -1775630196620743.2
      },
      {
        "real": -1250898134937976.8,
        "imag": -1724300179230831.5
      }
    ],
    [
      {
        "real": -1107977482881299.2,
        "imag": -4199217394406095.5
      },
      {
        "real": 4442285944752611.5,
        "imag": 2009597536573403.8
      }
    ]
  ]
}