{
  "attrs": {},
  "name": "CP_M1",
  "frequency_range": null,
  "allow_gain": false,
  "nonlinear_spec": null,
  "modulation_spec": null,
  "viz_spec": null,
  "heat_spec": null,
  "type": "PoleResidue",
  "eps_inf": 7.65862519251136,
  "poles": [
    [
      {
        "real": -11735912135457.992,
        "imag": -394654429931165.75
      },
      {
        "real": 9681525923922810.0,
        "imag": 2.012233154971273e+17
      }
    ]
  ]
}