{
  "attrs": {},
  "name": "SCP_M2",
  "frequency_range": null,
  "allow_gain": false,
  "nonlinear_spec": null,
  "modulation_spec": null,
  "viz_spec": null,
  "heat_spec": null,
  "type": "PoleResidue",
  "eps_inf": 0.39057295117450985,
  "poles": [
    [
      {
        "real": -430555645151192.44,
        "imag": -85655898607069.36
      },
      {
        "real": 7.033451391881264e+16,
        "imag": 1.2668314707268803e+18
      }
    ],
    [
      {
        "real": -1388539543996375.0,
        "imag": -167643141008459.06
      },
      {
        "real": -4.585290352570267e+16,
        "imag": -9.456263555211322e+17
      }
    ]
  ]
}