{
  "attrs": {},
  "name": "CP_M2",
  "frequency_range": null,
  "allow_gain": false,
  "nonlinear_spec": null,
  "modulation_spec": null,
  "viz_spec": null,
  "heat_spec": null,
  "type": "PoleResidue",
  "eps_inf": 3.7944719780241956,
  "poles": [
    [
      {
        "real": -15694697119979.65,
        "imag": -399297158316208.1
      },
      {
        "real": 7429783820383626.0,
        "imag": 1.970676335330705e+17
      }
    ],
    [
      {
        "real": -1149017837853842.8,
        "imag": -4219136927212622.5
      },
      {
        "real": 4576374646711491.0,
        "imag": 2929098590038389.5
      }
    ]
  ]
}