{
  "attrs": {},
  "name": "CP_M2",
  "frequency_range": null,
  "allow_gain": false,
  "nonlinear_spec": null,
  "modulation_spec": null,
  "viz_spec": null,
  "heat_spec": null,
  "type": "PoleResidue",
  "eps_inf": 1.622788388888645,
  "poles": [
    [
      {
        "real": -120500964219198.22,
        "imag": -406921878177841.2
      },
      {
        "real": 9322835609398928.0,
        "imag": 6.695418320096941e+16
      }
    ],
    [
      {
        "real": -1986629059063925.0,
        "imag": -2232020440590920.2
      },
      {
        "real": -5627036748553177.0,
        "imag": 6.591765927311255e+16
      }
    ]
  ]
}