{
  "attrs": {},
  "name": "CP_M2",
  "frequency_range": null,
  "allow_gain": false,
  "nonlinear_spec": null,
  "modulation_spec": null,
  "viz_spec": null,
  "heat_spec": null,
  "type": "PoleResidue",
  "eps_inf": 1.663092555260925,
  "poles": [
    [
      {
        "real": -128478307212947.6,
        "imag": -376901350813683.6
      },
      {
        "real": 9002375953259457.0,
        "imag": 7.386976104996486e+16
      }
    ],
    [
      {
        "real": -1990754213870237.0,
        "imag": -2222868488027593.8
      },
      {
        "real": -5430498877065747.0,
        "imag": 6.66816053869657e+16
      }
    ]
  ],
  "model_family": "CP",
  "order_N": 2
}