{
  "attrs": {},
  "name": "CP_M3",
  "frequency_range": null,
  "allow_gain": false,
  "nonlinear_spec": null,
  "modulation_spec": null,
  "viz_spec": null,
  "heat_spec": null,
  "type": "PoleResidue",
  "eps_inf": 1.08306870874884,
  "poles": [
    [
      {
        "real": -112982311927544.72,
        "imag": -355107712197399.25
      },
      {
        "real": 1.1033912401829772e+16,
        "imag": 7.188546203818423e+16
      }
    ],
    [
      {
        "real": -1984204115141818.8,
        "imag": -2218002132813076.0
      },
      {
        "real": -2363252680525419.5,
        "imag": 6.215880434213604e+16
      }
    ],
    [
      {
        "real": -3062702589737115.0,
        "imag": -5136154531837235.0
      },
      {
        "real": -1070340609580494.0,
        "imag": -4002876333364579.5
      }
    ]
  ]
}