{
  "attrs": {},
  "name": "RP_M3",
  "frequency_range": null,
  "allow_gain": false,
  "nonlinear_spec": null,
  "modulation_spec": null,
  "viz_spec": null,
  "heat_spec": null,
  "type": "PoleResidue",
  "eps_inf": 0.776053663568969,
  "poles": [
    [
      {
        "real": -2015757349003896.5,
        "imag": 2470200266659646.5
      },
      {
        "real": -1.7850362202607018e+16,
        "imag": -4.841366663764928e+16
      }
    ],
    [
      {
        "real": -497269139016188.94,
        "imag": 592918440974432.0
      },
      {
        "real": -7.963495832283131e+16,
        "imag": 1.6650482911992284e+16
      }
    ],
    [
      {
        "real": -300781642316536.9,
        "imag": 0.03627314158409343
      },
      {
        "real": 1.0487274297011165e+17,
        "imag": 0.0
      }
    ]
  ],
  "model_family": "RP",
  "order_N": 3
}