{
  "attrs": {},
  "name": "RP_M3",
  "frequency_range": null,
  "allow_gain": false,
  "nonlinear_spec": null,
  "modulation_spec": null,
  "viz_spec": null,
  "heat_spec": null,
  "type": "PoleResidue",
  "eps_inf": 1.546468932386781,
  "poles": [
    [
      {
        "real": -656815099507902.5,
        "imag": 3610259473016234.5
      },
      {
        "real": -45503069382576.71,
        "imag": -320646337108725.8
      }
    ],
    [
      {
        "real": -80843780048931.4,
        "imag": -263512029725241.8
      },
      {
        "real": 1.120059202216612e+16,
        "imag": 9.467661873545443e+16
      }
    ],
    [
      {
        "real": -2005573303424403.8,
        "imag": -2205271194603343.0
      },
      {
        "real": -6782304610078682.0,
        "imag": 6.466329327391776e+16
      }
    ]
  ]
}