{
  "attrs": {},
  "name": "SCP_M3",
  "frequency_range": null,
  "allow_gain": false,
  "nonlinear_spec": null,
  "modulation_spec": null,
  "viz_spec": null,
  "heat_spec": null,
  "type": "PoleResidue",
  "eps_inf": 0.28448758513944145,
  "poles": [
    [
      {
        "real": -43030059526929.945,
        "imag": -85622812441196.78
      },
      {
        "real": 1.5041375144385812e+16,
        "imag": 2.4521771583969466e+17
      }
    ],
    [
      {
        "real": -1989599784299569.8,
        "imag": -2300350546993060.0
      },
      {
        "real": -5950300405074336.0,
        "imag": 5.735283261605643e+16
      }
    ],
    [
      {
        "real": -4571011196891515.0,
        "imag": -7855323087282199.0
      },
      {
        "real": 7557987658052276.0,
        "imag": -7503029076572700.0
      }
    ]
  ]
}