{
  "attrs": {},
  "name": "SCP_M2",
  "frequency_range": null,
  "allow_gain": false,
  "nonlinear_spec": null,
  "modulation_spec": null,
  "viz_spec": null,
  "heat_spec": null,
  "type": "PoleResidue",
  "eps_inf": 1.9801077472479163,
  "poles": [
    [
      {
        "real": -5181270180934.224,
        "imag": -85623127556287.2
      },
      {
        "real": 1.5355199691104284e+16,
        "imag": 2.3528581376006784e+17
      }
    ],
    [
      {
        "real": -2073206119032204.5,
        "imag": -2342086135617814.0
      },
      {
        "real": -1.2225448830733866e+16,
        "imag": 6.141029534760029e+16
      }
    ]
  ]
}