{
  "attrs": {},
  "name": "SCP_M3",
  "frequency_range": null,
  "allow_gain": false,
  "nonlinear_spec": null,
  "modulation_spec": null,
  "viz_spec": null,
  "heat_spec": null,
  "type": "PoleResidue",
  "eps_inf": 0.6883818540161304,
  "poles": [
    [
      {
        "real": -36773545298614.125,
        "imag": -85622706674261.12
      },
      {
        "real": 1.2289361111989502e+16,
        "imag": 1.0740522026622606e+16
      }
    ],
    [
      {
        "real": -1200526687919533.8,
        "imag": -2535247132386739.0
      },
      {
        "real": -2708712382800059.5,
        "imag": 2318054575569374.0
      }
    ],
    [
      {
        "real": -1724742416255285.8,
        "imag": -4756040594744532.0
      },
      {
        "real": -695395312123078.1,
        "imag": 2346091918304546.0
      }
    ]
  ]
}