{
  "attrs": {},
  "name": "SCP_M3",
  "frequency_range": null,
  "allow_gain": false,
  "nonlinear_spec": null,
  "modulation_spec": null,
  "viz_spec": null,
  "heat_spec": null,
  "type": "PoleResidue",
  "eps_inf": 0.9448840424060807,
  "poles": [
    [
      {
        "real": -38921562811142.54,
        "imag": -85622721535818.66
      },
      {
        "real": 1.1634646554881452e+16,
        "imag": 1.7312938908498608e+16
      }
    ],
    [
      {
        "real": -1931810100272122.5,
        "imag": -3017805272379053.0
      },
      {
        "real": -2.2485594187543572e+16,
        "imag": 2.1051888107034268e+16
      }
    ],
    [
      {
        "real": -1700422185044871.8,
        "imag": -3385356529568217.0
      },
      {
        "real": 1.7684020996907134e+16,
        "imag": -1.039369786349423e+16
      }
    ]
  ]
}