{
  "attrs": {},
  "name": "SCP_M2",
  "frequency_range": null,
  "allow_gain": false,
  "nonlinear_spec": null,
  "modulation_spec": null,
  "viz_spec": null,
  "heat_spec": null,
  "type": "PoleResidue",
  "eps_inf": 0.25962426557736634,
  "poles": [
    [
      {
        "real": -47190867410348.99,
        "imag": -85683688157966.86
      },
      {
        "real": 9677921594959520.0,
        "imag": 1.6054822893735176e+16
      }
    ],
    [
      {
        "real": -2160742454141289.5,
        "imag": -192767980573608.44
      },
      {
        "real": 279015545748902.5,
        "imag": 1.0391583518594827e+17
      }
    ]
  ]
}