{
  "attrs": {},
  "name": "CP_M2",
  "frequency_range": null,
  "allow_gain": false,
  "nonlinear_spec": null,
  "modulation_spec": null,
  "viz_spec": null,
  "heat_spec": null,
  "type": "PoleResidue",
  "eps_inf": 1.4729947252990363,
  "poles": [
    [
      {
        "real": -148347357719091.94,
        "imag": -1973875986779204.8
      },
      {
        "real": -897323769497.5756,
        "imag": -179153507534.328
      }
    ],
    [
      {
        "real": -105516547237707.4,
        "imag": -8543614002598289.0
      },
      {
        "real": 266143721730015.1,
        "imag": 1.2575034368043262e+16
      }
    ]
  ],
  "model_family": "CP",
  "order_N": 2
}