{
  "attrs": {},
  "name": "SCP_M3",
  "frequency_range": null,
  "allow_gain": false,
  "nonlinear_spec": null,
  "modulation_spec": null,
  "viz_spec": null,
  "heat_spec": null,
  "type": "PoleResidue",
  "eps_inf": 1.4417529212576756,
  "poles": [
    [
      {
        "real": -135377089416063.95,
        "imag": -3355210758957067.0
      },
      {
        "real": -14525160208641.422,
        "imag": -46566365065939.65
      }
    ],
    [
      {
        "real": -137873142970950.62,
        "imag": -3362725306675043.5
      },
      {
        "real": 11683787476267.465,
        "imag": 49567522837137.42
      }
    ],
    [
      {
        "real": -10115809733051.705,
        "imag": -8444641255454611.0
      },
      {
        "real": 18671562544192.242,
        "imag": 1.2509571761404174e+16
      }
    ]
  ]
}