{
  "attrs": {},
  "name": "CP_M2",
  "frequency_range": null,
  "allow_gain": false,
  "nonlinear_spec": null,
  "modulation_spec": null,
  "viz_spec": null,
  "heat_spec": null,
  "type": "PoleResidue",
  "eps_inf": 1.4929993854323957,
  "poles": [
    [
      {
        "real": -94665362086787.3,
        "imag": -3351984586752387.0
      },
      {
        "real": -493134648768.7748,
        "imag": 983475360143.5435
      }
    ],
    [
      {
        "real": -21721974821422.16,
        "imag": -8459080501720813.0
      },
      {
        "real": 26207322324129.38,
        "imag": 1.2340771055167234e+16
      }
    ]
  ]
}