{
  "attrs": {},
  "name": "RP_M2",
  "frequency_range": null,
  "allow_gain": false,
  "nonlinear_spec": null,
  "modulation_spec": null,
  "viz_spec": null,
  "heat_spec": null,
  "type": "PoleResidue",
  "eps_inf": 1.895982313184766,
  "poles": [
    [
      {
        "real": -2104444193857806.0,
        "imag": 3.3437554939551695
      },
      {
        "real": -2896072188896897.0,
        "imag": -1.1268920080245909e+30
      }
    ],
    [
      {
        "real": -1.4000440400875426e+16,
        "imag": 0.6975736996017263
      },
      {
        "real": 2.9408539819214376e+16,
        "imag": 1.196335562231446e+29
      }
    ]
  ],
  "model_family": "RP",
  "order_N": 2
}