{
  "attrs": {},
  "name": "SCP_M3",
  "frequency_range": null,
  "allow_gain": false,
  "nonlinear_spec": null,
  "modulation_spec": null,
  "viz_spec": null,
  "heat_spec": null,
  "type": "PoleResidue",
  "eps_inf": 1.513070976888715,
  "poles": [
    [
      {
        "real": -111632807011996.31,
        "imag": -1962417332008049.5
      },
      {
        "real": 3119448542932.061,
        "imag": -3101612404813.004
      }
    ],
    [
      {
        "real": -148347357719091.94,
        "imag": -1973875986779204.8
      },
      {
        "real": -5392274199228.609,
        "imag": 3260947074768.585
      }
    ],
    [
      {
        "real": -105516547237707.4,
        "imag": -8543614002598289.0
      },
      {
        "real": 253138793937254.7,
        "imag": 1.2428334091645148e+16
      }
    ]
  ],
  "model_family": "SCP",
  "order_N": 3
}