{
  "attrs": {},
  "name": "SCP_M3",
  "frequency_range": null,
  "allow_gain": false,
  "nonlinear_spec": null,
  "modulation_spec": null,
  "viz_spec": null,
  "heat_spec": null,
  "type": "PoleResidue",
  "eps_inf": 0.6575501651082836,
  "poles": [
    [
      {
        "real": -45194475972081.58,
        "imag": -4049247897535664.0
      },
      {
        "real": 22172826783712.316,
        "imag": 39579363289338.805
      }
    ],
    [
      {
        "real": -695275713189515.6,
        "imag": -4410369637443285.5
      },
      {
        "real": 1012696247571720.9,
        "imag": 154404352045024.75
      }
    ],
    [
      {
        "real": -1388405024741322.2,
        "imag": -8410943977832680.0
      },
      {
        "real": 39527275969576.04,
        "imag": 2.084234612613418e+16
      }
    ]
  ]
}