{
  "attrs": {},
  "name": "CP_M2",
  "frequency_range": null,
  "allow_gain": false,
  "nonlinear_spec": null,
  "modulation_spec": null,
  "viz_spec": null,
  "heat_spec": null,
  "type": "PoleResidue",
  "eps_inf": 1.2834610718782156,
  "poles": [
    [
      {
        "real": -655870277228867.1,
        "imag": -4630400183270282.0
      },
      {
        "real": 903960181884562.1,
        "imag": 727038970710674.0
      }
    ],
    [
      {
        "real": -940557481562245.2,
        "imag": -7957906990708145.0
      },
      {
        "real": -514446044847429.8,
        "imag": 1.614015422575151e+16
      }
    ]
  ]
}