{
  "attrs": {},
  "name": "RP_M2",
  "frequency_range": null,
  "allow_gain": false,
  "nonlinear_spec": null,
  "modulation_spec": null,
  "viz_spec": null,
  "heat_spec": null,
  "type": "PoleResidue",
  "eps_inf": 0.32102594140209384,
  "poles": [
    [
      {
        "real": -1719465920150888.0,
        "imag": -7770415033291748.0
      },
      {
        "real": 6043625755085275.0,
        "imag": 1.978903476845981e+16
      }
    ],
    [
      {
        "real": -304124923629429.44,
        "imag": -4703239352435170.0
      },
      {
        "real": 229593398142722.97,
        "imag": 399549814642859.94
      }
    ]
  ]
}