{
  "attrs": {},
  "name": "SCP_M1",
  "frequency_range": null,
  "allow_gain": false,
  "nonlinear_spec": null,
  "modulation_spec": null,
  "viz_spec": null,
  "heat_spec": null,
  "type": "PoleResidue",
  "eps_inf": 0.30688911742887703,
  "poles": [
    [
      {
        "real": -1517123116850076.5,
        "imag": -6643573803842622.0
      },
      {
        "real": 1.3872739098965176e+16,
        "imag": 2.860795112726397e+16
      }
    ]
  ]
}