{
  "attrs": {},
  "name": "CP_M2",
  "frequency_range": null,
  "allow_gain": false,
  "nonlinear_spec": null,
  "modulation_spec": null,
  "viz_spec": null,
  "heat_spec": null,
  "type": "PoleResidue",
  "eps_inf": 1.2740667358964828,
  "poles": [
    [
      {
        "real": -422329380438485.06,
        "imag": -5331585469287717.0
      },
      {
        "real": 5713020519313638.0,
        "imag": 2865926876681634.0
      }
    ],
    [
      {
        "real": -1582081373791031.2,
        "imag": -8105689095044149.0
      },
      {
        "real": -4960548938135782.0,
        "imag": 3.0366167632355704e+16
      }
    ]
  ],
  "model_family": "CP",
  "order_N": 2
}