{
  "attrs": {},
  "name": "SCP_M3",
  "frequency_range": null,
  "allow_gain": false,
  "nonlinear_spec": null,
  "modulation_spec": null,
  "viz_spec": null,
  "heat_spec": null,
  "type": "PoleResidue",
  "eps_inf": 1.5005820968816406,
  "poles": [
    [
      {
        "real": -1219331297810181.5,
        "imag": -5468603774513018.0
      },
      {
        "real": 5799025880305970.0,
        "imag": 2479841215427952.5
      }
    ],
    [
      {
        "real": -197718714108077.0,
        "imag": -5595992161991521.0
      },
      {
        "real": 1887003637210201.5,
        "imag": 2797580782782365.5
      }
    ],
    [
      {
        "real": -1104823083654264.9,
        "imag": -8040759698638146.0
      },
      {
        "real": -6758670587074049.0,
        "imag": 2.2806720566260412e+16
      }
    ]
  ]
}