{
  "attrs": {},
  "name": "SCP_M3",
  "frequency_range": null,
  "allow_gain": false,
  "nonlinear_spec": null,
  "modulation_spec": null,
  "viz_spec": null,
  "heat_spec": null,
  "type": "PoleResidue",
  "eps_inf": 1.212425509489794,
  "poles": [
    [
      {
        "real": -722094862064027.0,
        "imag": -5370208720166101.0
      },
      {
        "real": 3278337255509897.5,
        "imag": 3944234374933762.5
      }
    ],
    [
      {
        "real": -190648125150430.25,
        "imag": -5577667152670728.0
      },
      {
        "real": 2032623379833269.5,
        "imag": 1981405468919870.8
      }
    ],
    [
      {
        "real": -782733003307337.2,
        "imag": -8002863875617494.0
      },
      {
        "real": -4239353484171227.0,
        "imag": 2.2995716027272708e+16
      }
    ]
  ],
  "model_family": "SCP",
  "order_N": 3
}