{
  "attrs": {},
  "name": "SCP_M1",
  "frequency_range": null,
  "allow_gain": false,
  "nonlinear_spec": null,
  "modulation_spec": null,
  "viz_spec": null,
  "heat_spec": null,
  "type": "PoleResidue",
  "eps_inf": 1.300358268272603,
  "poles": [
    [
      {
        "real": -2050037159803920.8,
        "imag": -6422999607695859.0
      },
      {
        "real": 1.7965325749532972e+16,
        "imag": 2.5634953090558084e+16
      }
    ]
  ],
  "model_family": "SCP",
  "order_N": 1
}