{
  "attrs": {},
  "name": "SCP_M3",
  "frequency_range": null,
  "allow_gain": false,
  "nonlinear_spec": null,
  "modulation_spec": null,
  "viz_spec": null,
  "heat_spec": null,
  "type": "PoleResidue",
  "eps_inf": 1.0806713035133275,
  "poles": [
    [
      {
        "real": -964582626574.1562,
        "imag": -261722015693778.0
      },
      {
        "real": 670244161908178.2,
        "imag": 4.0881189928379674e+17
      }
    ],
    [
      {
        "real": -471245165084964.44,
        "imag": -6000484601252775.0
      },
      {
        "real": 1252521902913294.5,
        "imag": -499886583997093.7
      }
    ],
    [
      {
        "real": -2732011962908500.5,
        "imag": -6648380786990857.0
      },
      {
        "real": 6922078386500194.0,
        "imag": 7241773721301836.0
      }
    ]
  ]
}