{
  "attrs": {},
  "name": "SCP_M1",
  "frequency_range": null,
  "allow_gain": false,
  "nonlinear_spec": null,
  "modulation_spec": null,
  "viz_spec": null,
  "heat_spec": null,
  "type": "PoleResidue",
  "eps_inf": 9.519898855345993,
  "poles": [
    [
      {
        "real": -6283185307.179587,
        "imag": -189911980793309.66
      },
      {
        "real": 1481763164630319.8,
        "imag": 8.391346953962675e+17
      }
    ]
  ]
}