{
  "attrs": {},
  "name": "CP_M3",
  "frequency_range": null,
  "allow_gain": false,
  "nonlinear_spec": null,
  "modulation_spec": null,
  "viz_spec": null,
  "heat_spec": null,
  "type": "PoleResidue",
  "eps_inf": 2.1959468289476654,
  "poles": [
    [
      {
        "real": -55409586439546.055,
        "imag": -1862495988890220.0
      },
      {
        "real": 1381566190948576.2,
        "imag": 4.353577598093901e+16
      }
    ],
    [
      {
        "real": -282999520554489.06,
        "imag": -3986304454511693.0
      },
      {
        "real": 200649471284319.1,
        "imag": -172937643699334.2
      }
    ],
    [
      {
        "real": -424746623584340.6,
        "imag": -6267924791813412.0
      },
      {
        "real": 1480425399275954.8,
        "imag": 1361354406830031.5
      }
    ]
  ]
}