{
  "attrs": {},
  "name": "CP_M1",
  "frequency_range": null,
  "allow_gain": false,
  "nonlinear_spec": null,
  "modulation_spec": null,
  "viz_spec": null,
  "heat_spec": null,
  "type": "PoleResidue",
  "eps_inf": 7.611592756906042,
  "poles": [
    [
      {
        "real": -55409586439546.055,
        "imag": -1862495988890220.0
      },
      {
        "real": 825500589306697.2,
        "imag": 6.172246001740539e+16
      }
    ]
  ]
}