{
  "attrs": {},
  "name": "SCP_M1",
  "frequency_range": null,
  "allow_gain": false,
  "nonlinear_spec": null,
  "modulation_spec": null,
  "viz_spec": null,
  "heat_spec": null,
  "type": "PoleResidue",
  "eps_inf": 0.3581661561383906,
  "poles": [
    [
      {
        "real": -1046619066125032.2,
        "imag": -5759279515066472.0
      },
      {
        "real": 1.3854934445787804e+16,
        "imag": 3.692152405390272e+16
      }
    ]
  ]
}