{
  "attrs": {},
  "name": "SCP_M3",
  "frequency_range": null,
  "allow_gain": false,
  "nonlinear_spec": null,
  "modulation_spec": null,
  "viz_spec": null,
  "heat_spec": null,
  "type": "PoleResidue",
  "eps_inf": 0.8481885803602195,
  "poles": [
    [
      {
        "real": -107203802254718.5,
        "imag": -104798050404594.6
      },
      {
        "real": -1.7637043399483994e+16,
        "imag": 1.6042339693141908e+18
      }
    ],
    [
      {
        "real": -380604015557796.1,
        "imag": -1570359987762725.0
      },
      {
        "real": 1.5331098612651532e+16,
        "imag": -378732282290733.9
      }
    ],
    [
      {
        "real": -262212575127055.56,
        "imag": -2234221143300700.0
      },
      {
        "real": 3338976998523141.0,
        "imag": 3220297462387686.5
      }
    ]
  ]
}