{
  "attrs": {},
  "name": "CP_M2",
  "frequency_range": null,
  "allow_gain": false,
  "nonlinear_spec": null,
  "modulation_spec": null,
  "viz_spec": null,
  "heat_spec": null,
  "type": "PoleResidue",
  "eps_inf": 3.362783550820009,
  "poles": [
    [
      {
        "real": -315175064124854.5,
        "imag": -735672668979614.5
      },
      {
        "real": 1.3811124715987306e+16,
        "imag": 4.078979756446528e+16
      }
    ],
    [
      {
        "real": -1367336927688596.2,
        "imag": -3006072129938675.0
      },
      {
        "real": -2303565125398324.0,
        "imag": -5672967619794875.0
      }
    ]
  ]
}