{
  "attrs": {},
  "name": "RP_M3",
  "frequency_range": null,
  "allow_gain": false,
  "nonlinear_spec": null,
  "modulation_spec": null,
  "viz_spec": null,
  "heat_spec": null,
  "type": "PoleResidue",
  "eps_inf": 0.9829433604121012,
  "poles": [
    [
      {
        "real": -2315608105185662.5,
        "imag": -3106269814047815.5
      },
      {
        "real": 2153544428737151.2,
        "imag": -1.8469547580357656e+16
      }
    ],
    [
      {
        "real": -158497924178709.44,
        "imag": -600092926740948.1
      },
      {
        "real": 1.8550583810899564e+16,
        "imag": 3.3534277422319452e+16
      }
    ],
    [
      {
        "real": -207250732449238.38,
        "imag": -2445012303394710.0
      },
      {
        "real": -79307197476904.2,
        "imag": 189820976310605.16
      }
    ]
  ]
}