{
  "attrs": {},
  "name": "SCP_M3",
  "frequency_range": null,
  "allow_gain": false,
  "nonlinear_spec": null,
  "modulation_spec": null,
  "viz_spec": null,
  "heat_spec": null,
  "type": "PoleResidue",
  "eps_inf": 2.3628151284998578,
  "poles": [
    [
      {
        "real": -1693343026216700.5,
        "imag": -87603257197122.17
      },
      {
        "real": -1.2130632009405792e+16,
        "imag": 9.447127336311364e+17
      }
    ],
    [
      {
        "real": -37517391744.64992,
        "imag": -557138679726651.6
      },
      {
        "real": -80881948172136.95,
        "imag": 4.349500605953721e+16
      }
    ],
    [
      {
        "real": -3099036666143459.5,
        "imag": -6035074436557601.0
      },
      {
        "real": 1.6664437018993558e+16,
        "imag": 1.917517402146221e+16
      }
    ]
  ]
}