{
  "attrs": {},
  "name": "SCP_M3",
  "frequency_range": null,
  "allow_gain": false,
  "nonlinear_spec": null,
  "modulation_spec": null,
  "viz_spec": null,
  "heat_spec": null,
  "type": "PoleResidue",
  "eps_inf": 1.2281341504225565,
  "poles": [
    [
      {
        "real": -715390855636833.5,
        "imag": -1.0078563151201742e+16
      },
      {
        "real": 148504471897517.0,
        "imag": 164166606939746.03
      }
    ],
    [
      {
        "real": -1075060757072784.5,
        "imag": -1.7205203002418578e+16
      },
      {
        "real": 1.5180292387213216e+16,
        "imag": 1.1319715401424306e+16
      }
    ],
    [
      {
        "real": -1376937107049306.0,
        "imag": -1.7711876498576908e+16
      },
      {
        "real": -1.4999418824513154e+16,
        "imag": 408435883969504.8
      }
    ]
  ]
}