{
  "attrs": {},
  "name": "CP_M1",
  "frequency_range": null,
  "allow_gain": false,
  "nonlinear_spec": null,
  "modulation_spec": null,
  "viz_spec": null,
  "heat_spec": null,
  "type": "PoleResidue",
  "eps_inf": 1.5761375043349213,
  "poles": [
    [
      {
        "real": -14283770468969.137,
        "imag": -1.4859841065620782e+16
      },
      {
        "real": 14795312542644.07,
        "imag": 7597064626793736.0
      }
    ]
  ]
}