{
  "attrs": {},
  "name": "CP_M3",
  "frequency_range": null,
  "allow_gain": false,
  "nonlinear_spec": null,
  "modulation_spec": null,
  "viz_spec": null,
  "heat_spec": null,
  "type": "PoleResidue",
  "eps_inf": 0.879574430503451,
  "poles": [
    [
      {
        "real": -83180001495669.89,
        "imag": -1.1668269638755482e+16
      },
      {
        "real": 86903546635640.67,
        "imag": 1154491926970708.0
      }
    ],
    [
      {
        "real": -82627579036157.47,
        "imag": -2.0329257384110264e+16
      },
      {
        "real": -195832121122573.75,
        "imag": 3348299115991445.0
      }
    ],
    [
      {
        "real": -329009979466218.1,
        "imag": -2.192003629921172e+16
      },
      {
        "real": 402941612721989.4,
        "imag": 1.3053087612683816e+16
      }
    ]
  ],
  "model_family": "CP",
  "order_N": 3
}