{
  "attrs": {},
  "name": "CP_M2",
  "frequency_range": null,
  "allow_gain": false,
  "nonlinear_spec": null,
  "modulation_spec": null,
  "viz_spec": null,
  "heat_spec": null,
  "type": "PoleResidue",
  "eps_inf": 1.4382009086685972,
  "poles": [
    [
      {
        "real": -1014159065532899.0,
        "imag": -1.4530634958703552e+16
      },
      {
        "real": 3509514750245650.5,
        "imag": 625056298185603.0
      }
    ],
    [
      {
        "real": -666309246109943.0,
        "imag": -1.6124707110355542e+16
      },
      {
        "real": -3466288498122836.5,
        "imag": 8549529940193175.0
      }
    ]
  ]
}