{
  "attrs": {},
  "name": "SCP_M2",
  "frequency_range": null,
  "allow_gain": false,
  "nonlinear_spec": null,
  "modulation_spec": null,
  "viz_spec": null,
  "heat_spec": null,
  "type": "PoleResidue",
  "eps_inf": 1.4616489236434576,
  "poles": [
    [
      {
        "real": -466478589043468.1,
        "imag": -1.4901207795046694e+16
      },
      {
        "real": 2810468002069730.0,
        "imag": 1604839869324570.2
      }
    ],
    [
      {
        "real": -271151088875316.97,
        "imag": -1.5833064643762518e+16
      },
      {
        "real": -2804693258129496.5,
        "imag": 7251225378884482.0
      }
    ]
  ]
}