{
  "attrs": {},
  "name": "SCP_M1",
  "frequency_range": null,
  "allow_gain": false,
  "nonlinear_spec": null,
  "modulation_spec": null,
  "viz_spec": null,
  "heat_spec": null,
  "type": "PoleResidue",
  "eps_inf": 1.4926576917022132,
  "poles": [
    [
      {
        "real": -365230052726.8637,
        "imag": -1.5364155729286006e+16
      },
      {
        "real": 402100103455.726,
        "imag": 8493918557890637.0
      }
    ]
  ]
}