{
  "attrs": {},
  "name": "CP_M1",
  "frequency_range": null,
  "allow_gain": false,
  "nonlinear_spec": null,
  "modulation_spec": null,
  "viz_spec": null,
  "heat_spec": null,
  "type": "PoleResidue",
  "eps_inf": 5.814132199302803,
  "poles": [
    [
      {
        "real": -64253818469961.57,
        "imag": -553468458402670.94
      },
      {
        "real": 929930575997175.1,
        "imag": 1.7581510959457635e+17
      }
    ]
  ]
}