{
  "attrs": {},
  "name": "SCP_M3",
  "frequency_range": null,
  "allow_gain": false,
  "nonlinear_spec": null,
  "modulation_spec": null,
  "viz_spec": null,
  "heat_spec": null,
  "type": "PoleResidue",
  "eps_inf": 3.3183143887689264,
  "poles": [
    [
      {
        "real": -47453790247290.72,
        "imag": -567419971918439.2
      },
      {
        "real": 8412662693992362.0,
        "imag": 1.6338238058884115e+17
      }
    ],
    [
      {
        "real": -914097395559900.0,
        "imag": -1952500328834485.5
      },
      {
        "real": 1.7621894684029506e+16,
        "imag": -3663544245349431.5
      }
    ],
    [
      {
        "real": -2491184594479683.0,
        "imag": -2698820424596534.5
      },
      {
        "real": -1.396254080492663e+16,
        "imag": -3.63920130958062e+16
      }
    ]
  ]
}