{
  "attrs": {},
  "name": "SCP_M2",
  "frequency_range": null,
  "allow_gain": false,
  "nonlinear_spec": null,
  "modulation_spec": null,
  "viz_spec": null,
  "heat_spec": null,
  "type": "PoleResidue",
  "eps_inf": 2.305655042047698,
  "poles": [
    [
      {
        "real": -6283185307.179587,
        "imag": -95022600780503.12
      },
      {
        "real": 2645592257032549.0,
        "imag": 9.502260078049911e+17
      }
    ],
    [
      {
        "real": -525874978595934.1,
        "imag": -6240177839089338.0
      },
      {
        "real": 1978240347053140.8,
        "imag": 1424091598122247.5
      }
    ]
  ]
}