{
  "attrs": {},
  "name": "CP_M1",
  "frequency_range": null,
  "allow_gain": false,
  "nonlinear_spec": null,
  "modulation_spec": null,
  "viz_spec": null,
  "heat_spec": null,
  "type": "PoleResidue",
  "eps_inf": 5.705511435818565,
  "poles": [
    [
      {
        "real": -29461896892212.16,
        "imag": -618191821246903.4
      },
      {
        "real": 1220765147134941.2,
        "imag": 1.5427906286874272e+17
      }
    ]
  ]
}