{
  "attrs": {},
  "name": "CP_M3",
  "frequency_range": null,
  "allow_gain": false,
  "nonlinear_spec": null,
  "modulation_spec": null,
  "viz_spec": null,
  "heat_spec": null,
  "type": "PoleResidue",
  "eps_inf": 2.4862475985636374,
  "poles": [
    [
      {
        "real": -265554800447731.34,
        "imag": -759907085348981.9
      },
      {
        "real": -2.025202689722831e+16,
        "imag": 1.5919794049607072e+17
      }
    ],
    [
      {
        "real": -815418487167447.0,
        "imag": -1548587296268133.8
      },
      {
        "real": 2.0196974944437732e+16,
        "imag": -1.2040287175560318e+16
      }
    ],
    [
      {
        "real": -436989816121361.5,
        "imag": -6102242026365565.0
      },
      {
        "real": 1383751265206196.5,
        "imag": 1110484651213935.5
      }
    ]
  ]
}