{
  "attrs": {},
  "name": "SCP_M1",
  "frequency_range": null,
  "allow_gain": false,
  "nonlinear_spec": null,
  "modulation_spec": null,
  "viz_spec": null,
  "heat_spec": null,
  "type": "PoleResidue",
  "eps_inf": 6.2226430041219185,
  "poles": [
    [
      {
        "real": -19297691786664.855,
        "imag": -102160629258037.86
      },
      {
        "real": 1321591431127547.2,
        "imag": 1.0216062925803784e+18
      }
    ]
  ]
}