{
  "attrs": {},
  "name": "CP_M3",
  "frequency_range": null,
  "allow_gain": false,
  "nonlinear_spec": null,
  "modulation_spec": null,
  "viz_spec": null,
  "heat_spec": null,
  "type": "PoleResidue",
  "eps_inf": 2.4878397430854595,
  "poles": [
    [
      {
        "real": -266338157052412.97,
        "imag": -756517702642122.9
      },
      {
        "real": -2.0329237601427708e+16,
        "imag": 1.5991055156517875e+17
      }
    ],
    [
      {
        "real": -824936290941400.0,
        "imag": -1550506403180316.2
      },
      {
        "real": 2.0289214980870316e+16,
        "imag": -1.1865647402813766e+16
      }
    ],
    [
      {
        "real": -437035305425712.7,
        "imag": -6099638476999236.0
      },
      {
        "real": 1385430263327097.8,
        "imag": 1098659736344668.2
      }
    ]
  ]
}