{
  "attrs": {},
  "name": "CP_M2",
  "frequency_range": null,
  "allow_gain": false,
  "nonlinear_spec": null,
  "modulation_spec": null,
  "viz_spec": null,
  "heat_spec": null,
  "type": "PoleResidue",
  "eps_inf": 2.3065904926178025,
  "poles": [
    [
      {
        "real": -5892887159979.813,
        "imag": -708162546279664.4
      },
      {
        "real": 2160761577460029.0,
        "imag": 1.153795593269725e+17
      }
    ],
    [
      {
        "real": -351783186915794.6,
        "imag": -6188219757951478.0
      },
      {
        "real": 1150918359135700.2,
        "imag": 1181793282097920.2
      }
    ]
  ]
}