{
  "attrs": {},
  "name": "RP_M3",
  "frequency_range": null,
  "allow_gain": false,
  "nonlinear_spec": null,
  "modulation_spec": null,
  "viz_spec": null,
  "heat_spec": null,
  "type": "PoleResidue",
  "eps_inf": 113.41369926918729,
  "poles": [
    [
      {
        "real": -454100814389116.0,
        "imag": 6232155577668701.0
      },
      {
        "real": 2468422318202699.0,
        "imag": -4844599883198767.0
      }
    ],
    [
      {
        "real": -497136663645435.2,
        "imag": 0.10178176497163369
      },
      {
        "real": 2.4360255696748287e+25,
        "imag": 0.0
      }
    ],
    [
      {
        "real": -497136667517774.44,
        "imag": 0.0348787075511744
      },
      {
        "real": -2.4360255691178316e+25,
        "imag": 0.0
      }
    ]
  ],
  "model_family": "RP",
  "order_N": 3
}