{
  "attrs": {},
  "name": "SCP_M1",
  "frequency_range": null,
  "allow_gain": false,
  "nonlinear_spec": null,
  "modulation_spec": null,
  "viz_spec": null,
  "heat_spec": null,
  "type": "PoleResidue",
  "eps_inf": 2.9694612121648505,
  "poles": [
    [
      {
        "real": -174639499296900.2,
        "imag": -5685259571975615.0
      },
      {
        "real": 1590729614058735.0,
        "imag": 2.4854455970164428e+16
      }
    ]
  ]
}