{
  "attrs": {},
  "name": "SCP_M2",
  "frequency_range": null,
  "allow_gain": false,
  "nonlinear_spec": null,
  "modulation_spec": null,
  "viz_spec": null,
  "heat_spec": null,
  "type": "PoleResidue",
  "eps_inf": 0.9614596424022382,
  "poles": [
    [
      {
        "real": -8904179006871994.0,
        "imag": -1780413468205197.2
      },
      {
        "real": 1.5057212364149106e+16,
        "imag": -2.7638583196756412e+16
      }
    ],
    [
      {
        "real": -219957181024109.75,
        "imag": -5675804599228001.0
      },
      {
        "real": 3278182312318171.5,
        "imag": 2.4528524032195308e+16
      }
    ]
  ]
}