{
  "attrs": {},
  "name": "SCP_M3",
  "frequency_range": null,
  "allow_gain": false,
  "nonlinear_spec": null,
  "modulation_spec": null,
  "viz_spec": null,
  "heat_spec": null,
  "type": "PoleResidue",
  "eps_inf": 1.3327594496552126,
  "poles": [
    [
      {
        "real": -9604027760120614.0,
        "imag": -1265897582119917.2
      },
      {
        "real": 6634225267478012.0,
        "imag": -9967034324360730.0
      }
    ],
    [
      {
        "real": -447613967042315.6,
        "imag": -4362797084747251.5
      },
      {
        "real": -105740448606478.97,
        "imag": -169948272014762.62
      }
    ],
    [
      {
        "real": -281270702486509.3,
        "imag": -5724910047664951.0
      },
      {
        "real": 4104941324451425.0,
        "imag": 2.664439511618552e+16
      }
    ]
  ]
}