{
  "attrs": {},
  "name": "SCP_M2",
  "frequency_range": null,
  "allow_gain": false,
  "nonlinear_spec": null,
  "modulation_spec": null,
  "viz_spec": null,
  "heat_spec": null,
  "type": "PoleResidue",
  "eps_inf": 2.3887953736693994,
  "poles": [
    [
      {
        "real": -2824516734299881.0,
        "imag": -2330358427344232.5
      },
      {
        "real": 465216474277235.8,
        "imag": 503273662154155.3
      }
    ],
    [
      {
        "real": -250364598134146.2,
        "imag": -5692366405632582.0
      },
      {
        "real": 3614750618721017.5,
        "imag": 2.550759926145802e+16
      }
    ]
  ],
  "model_family": "SCP",
  "order_N": 2
}