{
  "attrs": {},
  "name": "SCP_M3",
  "frequency_range": null,
  "allow_gain": false,
  "nonlinear_spec": null,
  "modulation_spec": null,
  "viz_spec": null,
  "heat_spec": null,
  "type": "PoleResidue",
  "eps_inf": 1.0104798705639924,
  "poles": [
    [
      {
        "real": -270046897631333.16,
        "imag": -261521740795149.44
      },
      {
        "real": -2.241593682980958e+17,
        "imag": 5.268733042407729e+17
      }
    ],
    [
      {
        "real": -992792159701607.4,
        "imag": -361250665726205.2
      },
      {
        "real": 2.398627048469406e+17,
        "imag": 3.84159754389949e+17
      }
    ],
    [
      {
        "real": -2544482131895554.0,
        "imag": -5755113618104725.0
      },
      {
        "real": -821217337829060.9,
        "imag": -1808106132043328.5
      }
    ]
  ]
}