{
  "attrs": {},
  "name": "CP_M3",
  "frequency_range": null,
  "allow_gain": false,
  "nonlinear_spec": null,
  "modulation_spec": null,
  "viz_spec": null,
  "heat_spec": null,
  "type": "PoleResidue",
  "eps_inf": 1.5867656774637546,
  "poles": [
    [
      {
        "real": -121874047600142.66,
        "imag": -287117541348358.7
      },
      {
        "real": 2.4453965038542924e+16,
        "imag": 1.9188698454408186e+17
      }
    ],
    [
      {
        "real": -2409400436272319.5,
        "imag": -862257387493695.8
      },
      {
        "real": -1.5622773374724292e+16,
        "imag": 4.361449913252491e+16
      }
    ],
    [
      {
        "real": -461960475579116.75,
        "imag": -1629363217798125.2
      },
      {
        "real": 1831358252719632.5,
        "imag": 1326468208465431.8
      }
    ]
  ]
}