{
  "attrs": {},
  "name": "SCP_M2",
  "frequency_range": null,
  "allow_gain": false,
  "nonlinear_spec": null,
  "modulation_spec": null,
  "viz_spec": null,
  "heat_spec": null,
  "type": "PoleResidue",
  "eps_inf": 1.5332060026303655,
  "poles": [
    [
      {
        "real": -8292320915972.914,
        "imag": -85623645650180.84
      },
      {
        "real": 3.8076785120782584e+16,
        "imag": 4.1032614695604397e+17
      }
    ],
    [
      {
        "real": -2040686904585152.0,
        "imag": -175858786437510.94
      },
      {
        "real": -2.6849472685454956e+16,
        "imag": 2.017220345477864e+17
      }
    ]
  ]
}