{
  "attrs": {},
  "name": "CP_M2",
  "frequency_range": null,
  "allow_gain": false,
  "nonlinear_spec": null,
  "modulation_spec": null,
  "viz_spec": null,
  "heat_spec": null,
  "type": "PoleResidue",
  "eps_inf": 1.2497423733864725,
  "poles": [
    [
      {
        "real": -1481159577898579.8,
        "imag": -101042593539299.58
      },
      {
        "real": 1.849952326162833e+16,
        "imag": 8.236447313112413e+17
      }
    ],
    [
      {
        "real": -91024965020034.11,
        "imag": -409432625324139.3
      },
      {
        "real": -6416082155606682.0,
        "imag": 1.465782207713409e+17
      }
    ]
  ]
}