{
  "attrs": {},
  "name": "CP_M3",
  "frequency_range": null,
  "allow_gain": false,
  "nonlinear_spec": null,
  "modulation_spec": null,
  "viz_spec": null,
  "heat_spec": null,
  "type": "PoleResidue",
  "eps_inf": 1.6325849311566627,
  "poles": [
    [
      {
        "real": -1677315512682032.8,
        "imag": -85622679776929.1
      },
      {
        "real": 4.124597618232889e+16,
        "imag": 1.460395702046714e+18
      }
    ],
    [
      {
        "real": -104750343310784.42,
        "imag": -394008849681568.06
      },
      {
        "real": -2.175578061615318e+16,
        "imag": 1.7572288187483984e+17
      }
    ],
    [
      {
        "real": -1158336002467337.8,
        "imag": -1673682816807264.0
      },
      {
        "real": -8854585638238958.0,
        "imag": -4880285418991512.0
      }
    ]
  ]
}