{
  "attrs": {},
  "name": "SCP_M3",
  "frequency_range": null,
  "allow_gain": false,
  "nonlinear_spec": null,
  "modulation_spec": null,
  "viz_spec": null,
  "heat_spec": null,
  "type": "PoleResidue",
  "eps_inf": 1.1550701177306455,
  "poles": [
    [
      {
        "real": -1139379989615744.8,
        "imag": -210828798151120.75
      },
      {
        "real": 1.638882407081487e+17,
        "imag": 6.430342026381174e+17
      }
    ],
    [
      {
        "real": -233306551564985.7,
        "imag": -137416239796621.36
      },
      {
        "real": -1.493899510939174e+17,
        "imag": 8.802855100235528e+17
      }
    ],
    [
      {
        "real": -2013991477220269.0,
        "imag": -5619178276296230.0
      },
      {
        "real": -656850881281273.8,
        "imag": -864028300513533.0
      }
    ]
  ]
}