{
  "attrs": {},
  "name": "RP_M2",
  "frequency_range": null,
  "allow_gain": false,
  "nonlinear_spec": null,
  "modulation_spec": null,
  "viz_spec": null,
  "heat_spec": null,
  "type": "PoleResidue",
  "eps_inf": 0.9623695125510351,
  "poles": [
    [
      {
        "real": -2533819665480133.0,
        "imag": 680599941598268.9
      },
      {
        "real": 5.249151281354895e+16,
        "imag": -2.3079073518088154e+17
      }
    ],
    [
      {
        "real": -604731486010888.1,
        "imag": 409080629871661.06
      },
      {
        "real": -5.075888298383167e+16,
        "imag": -3.054602567742246e+17
      }
    ]
  ],
  "model_family": "RP",
  "order_N": 2
}