{
  "attrs": {},
  "name": "RP_M3",
  "frequency_range": null,
  "allow_gain": false,
  "nonlinear_spec": null,
  "modulation_spec": null,
  "viz_spec": null,
  "heat_spec": null,
  "type": "PoleResidue",
  "eps_inf": 0.7356608478473732,
  "poles": [
    [
      {
        "real": -409349440160251.0,
        "imag": -355583108932326.3
      },
      {
        "real": 2994295964875015.0,
        "imag": 2.3153851066298198e+17
      }
    ],
    [
      {
        "real": -2378425063365321.5,
        "imag": -1507466913055373.2
      },
      {
        "real": 1595804063977424.0,
        "imag": 5.185747581403754e+16
      }
    ],
    [
      {
        "real": -700321535726391.1,
        "imag": -5236984351473440.0
      },
      {
        "real": 1061734499568945.4,
        "imag": 476049288270371.9
      }
    ]
  ]
}