{
  "attrs": {},
  "name": "RP_M2",
  "frequency_range": null,
  "allow_gain": false,
  "nonlinear_spec": null,
  "modulation_spec": null,
  "viz_spec": null,
  "heat_spec": null,
  "type": "PoleResidue",
  "eps_inf": 0.7096133142921542,
  "poles": [
    [
      {
        "real": -409948866893182.0,
        "imag": -573643987785189.1
      },
      {
        "real": -5.85632721719369e+16,
        "imag": 1.8672806796507354e+17
      }
    ],
    [
      {
        "real": -1396072466475604.8,
        "imag": -972505544767629.0
      },
      {
        "real": 6.860419232562965e+16,
        "imag": 8.403761273903322e+16
      }
    ]
  ]
}