{
  "attrs": {},
  "name": "RP_M2",
  "frequency_range": null,
  "allow_gain": false,
  "nonlinear_spec": null,
  "modulation_spec": null,
  "viz_spec": null,
  "heat_spec": null,
  "type": "PoleResidue",
  "eps_inf": 0.7085120007991427,
  "poles": [
    [
      {
        "real": -410194077485897.44,
        "imag": -574591123405612.8
      },
      {
        "real": -5.9054209441369e+16,
        "imag": 1.866516358817047e+17
      }
    ],
    [
      {
        "real": -1393442644584357.8,
        "imag": -971043312119843.4
      },
      {
        "real": 6.910469266597588e+16,
        "imag": 8.427443210891176e+16
      }
    ]
  ]
}