{
  "attrs": {},
  "name": "RP_M3",
  "frequency_range": null,
  "allow_gain": false,
  "nonlinear_spec": null,
  "modulation_spec": null,
  "viz_spec": null,
  "heat_spec": null,
  "type": "PoleResidue",
  "eps_inf": 0.7369298284847601,
  "poles": [
    [
      {
        "real": -409386768811166.94,
        "imag": -355756881546523.1
      },
      {
        "real": 2958177982732334.0,
        "imag": 2.3149293476285142e+17
      }
    ],
    [
      {
        "real": -2377723876878589.0,
        "imag": -1505745074316019.8
      },
      {
        "real": 1637976801715451.8,
        "imag": 5.193032584347877e+16
      }
    ],
    [
      {
        "real": -698215849885874.8,
        "imag": -5237892642275898.0
      },
      {
        "real": 1056154962214608.8,
        "imag": 475312207129499.1
      }
    ]
  ]
}