{
  "attrs": {},
  "name": "SCP_M2",
  "frequency_range": null,
  "allow_gain": false,
  "nonlinear_spec": null,
  "modulation_spec": null,
  "viz_spec": null,
  "heat_spec": null,
  "type": "PoleResidue",
  "eps_inf": 1.5091388252899187,
  "poles": [
    [
      {
        "real": -5741417752331.361,
        "imag": -85622723438184.53
      },
      {
        "real": 3.7149286957859096e+16,
        "imag": 4.139123215627825e+17
      }
    ],
    [
      {
        "real": -1974965532937920.2,
        "imag": -122669944985822.88
      },
      {
        "real": -2.579432942423705e+16,
        "imag": 3.0900140312474266e+17
      }
    ]
  ]
}