{
  "attrs": {},
  "name": "SCP_M3",
  "frequency_range": null,
  "allow_gain": false,
  "nonlinear_spec": null,
  "modulation_spec": null,
  "viz_spec": null,
  "heat_spec": null,
  "type": "PoleResidue",
  "eps_inf": 1.0590675658611572,
  "poles": [
    [
      {
        "real": -1168862676233.6326,
        "imag": -125364682158872.9
      },
      {
        "real": 3.486443155207237e+16,
        "imag": 1.2536207858370307e+18
      }
    ],
    [
      {
        "real": -322984888093218.94,
        "imag": -2217372763909646.5
      },
      {
        "real": 8102438868016668.0,
        "imag": 7067425374256039.0
      }
    ],
    [
      {
        "real": -2086199307129423.0,
        "imag": -1505667541046751.8
      },
      {
        "real": -4.267119921170949e+16,
        "imag": 7997490938172944.0
      }
    ]
  ]
}