{
  "attrs": {},
  "name": "SCP_M3",
  "frequency_range": null,
  "allow_gain": false,
  "nonlinear_spec": null,
  "modulation_spec": null,
  "viz_spec": null,
  "heat_spec": null,
  "type": "PoleResidue",
  "eps_inf": 3.3119652445751795,
  "poles": [
    [
      {
        "real": -1572907563815907.5,
        "imag": -4461564398469414.5
      },
      {
        "real": -91088888600309.58,
        "imag": -87385126209876.38
      }
    ],
    [
      {
        "real": -1081845234093316.6,
        "imag": -8494979215215532.0
      },
      {
        "real": 2311291233524601.0,
        "imag": 7406363691303745.0
      }
    ],
    [
      {
        "real": -6515386707761500.0,
        "imag": -1.0491118991499258e+16
      },
      {
        "real": -2182997339928856.5,
        "imag": -358660263958429.9
      }
    ]
  ]
}