{
  "attrs": {},
  "name": "CP_M2",
  "frequency_range": null,
  "allow_gain": false,
  "nonlinear_spec": null,
  "modulation_spec": null,
  "viz_spec": null,
  "heat_spec": null,
  "type": "PoleResidue",
  "eps_inf": 2.0402986096684734,
  "poles": [
    [
      {
        "real": -525948960736207.2,
        "imag": -4347674212009787.5
      },
      {
        "real": -3995466604269825.0,
        "imag": 7756776236233276.0
      }
    ],
    [
      {
        "real": -1676641278340328.5,
        "imag": -4714265605652936.0
      },
      {
        "real": 1.7131233286881068e+16,
        "imag": 1.3141724012559624e+16
      }
    ]
  ]
}