{
  "attrs": {},
  "name": "CP_M3",
  "frequency_range": null,
  "allow_gain": false,
  "nonlinear_spec": null,
  "modulation_spec": null,
  "viz_spec": null,
  "heat_spec": null,
  "type": "PoleResidue",
  "eps_inf": 3.590877016575191,
  "poles": [
    [
      {
        "real": -204498969560514.94,
        "imag": -3068785726392050.5
      },
      {
        "real": -357097567667643.3,
        "imag": 1220388731342023.5
      }
    ],
    [
      {
        "real": -570408233547265.8,
        "imag": -4102257707361453.5
      },
      {
        "real": 4825419841218209.0,
        "imag": 1.1169726392408086e+16
      }
    ],
    [
      {
        "real": -567581783875792.1,
        "imag": -6796942642631005.0
      },
      {
        "real": -3826530642766351.5,
        "imag": 7609904092543286.0
      }
    ]
  ]
}