{
  "attrs": {},
  "name": "RP_M3",
  "frequency_range": null,
  "allow_gain": false,
  "nonlinear_spec": null,
  "modulation_spec": null,
  "viz_spec": null,
  "heat_spec": null,
  "type": "PoleResidue",
  "eps_inf": 0.7841003842080352,
  "poles": [
    [
      {
        "real": -1260742101889936.5,
        "imag": 6166180442465780.0
      },
      {
        "real": 8891332255393340.0,
        "imag": -1.017435675623745e+16
      }
    ],
    [
      {
        "real": -657719258401075.0,
        "imag": 4229150636621713.5
      },
      {
        "real": 2723187077379711.5,
        "imag": -1.476040283197636e+16
      }
    ],
    [
      {
        "real": -178995448661589.44,
        "imag": 3104138494539075.5
      },
      {
        "real": -462522547818170.6,
        "imag": -879351500824184.1
      }
    ]
  ],
  "model_family": "RP",
  "order_N": 3
}