{
  "attrs": {},
  "name": "RP_M3",
  "frequency_range": null,
  "allow_gain": false,
  "nonlinear_spec": null,
  "modulation_spec": null,
  "viz_spec": null,
  "heat_spec": null,
  "type": "PoleResidue",
  "eps_inf": 3.6977693264005214,
  "poles": [
    [
      {
        "real": -563957336134133.1,
        "imag": -6828031542999967.0
      },
      {
        "real": -4555981756286081.0,
        "imag": 7637980106239441.0
      }
    ],
    [
      {
        "real": -568574296177594.9,
        "imag": -4102942323830096.5
      },
      {
        "real": 5028094254384620.0,
        "imag": 1.0944681449682404e+16
      }
    ],
    [
      {
        "real": -204300527282153.22,
        "imag": -3065313881390027.0
      },
      {
        "real": -305492329651222.75,
        "imag": 1269889674640461.0
      }
    ]
  ]
}