{
  "attrs": {},
  "name": "CP_M3",
  "frequency_range": null,
  "allow_gain": false,
  "nonlinear_spec": null,
  "modulation_spec": null,
  "viz_spec": null,
  "heat_spec": null,
  "type": "PoleResidue",
  "eps_inf": 1.6481003516512875,
  "poles": [
    [
      {
        "real": -177535286599822.72,
        "imag": -894997532764238.0
      },
      {
        "real": -90382335164847.88,
        "imag": 7.037074493704555e+16
      }
    ],
    [
      {
        "real": -640135497242400.9,
        "imag": -3332015184120496.0
      },
      {
        "real": 898698459105935.4,
        "imag": -500203781074372.56
      }
    ],
    [
      {
        "real": -1417064504465659.8,
        "imag": -5521878585029914.0
      },
      {
        "real": 1247332381512634.8,
        "imag": 8233295313376363.0
      }
    ]
  ]
}