{
  "attrs": {},
  "name": "SCP_M3",
  "frequency_range": null,
  "allow_gain": false,
  "nonlinear_spec": null,
  "modulation_spec": null,
  "viz_spec": null,
  "heat_spec": null,
  "type": "PoleResidue",
  "eps_inf": 3.1965708604738143,
  "poles": [
    [
      {
        "real": -6283185307.179587,
        "imag": -85622679778901.97
      },
      {
        "real": 5251785259478797.0,
        "imag": 8.519943629510077e+17
      }
    ],
    [
      {
        "real": -615740797329112.1,
        "imag": -3707453960110690.0
      },
      {
        "real": 1791851357785056.2,
        "imag": -166998994662217.75
      }
    ],
    [
      {
        "real": -842370204506504.5,
        "imag": -5331435043863183.0
      },
      {
        "real": 1275332637354910.2,
        "imag": 2767370076958662.0
      }
    ]
  ]
}