{
  "attrs": {},
  "name": "CP_M3",
  "frequency_range": null,
  "allow_gain": false,
  "nonlinear_spec": null,
  "modulation_spec": null,
  "viz_spec": null,
  "heat_spec": null,
  "type": "PoleResidue",
  "eps_inf": 1.6456742119046703,
  "poles": [
    [
      {
        "real": -62337226177784.375,
        "imag": -819119266720477.5
      },
      {
        "real": 4351826314698931.5,
        "imag": 7.456622670328494e+16
      }
    ],
    [
      {
        "real": -998528281587258.9,
        "imag": -3942275492844090.0
      },
      {
        "real": 4725965119965377.0,
        "imag": 452824886449224.5
      }
    ],
    [
      {
        "real": -256206383997267.56,
        "imag": -5566084660430065.0
      },
      {
        "real": 227658824111338.62,
        "imag": 674031884351304.1
      }
    ]
  ],
  "model_family": "CP",
  "order_N": 3
}