{
  "attrs": {},
  "name": "SCP_M1",
  "frequency_range": null,
  "allow_gain": false,
  "nonlinear_spec": null,
  "modulation_spec": null,
  "viz_spec": null,
  "heat_spec": null,
  "type": "PoleResidue",
  "eps_inf": 4.806816068761871,
  "poles": [
    [
      {
        "real": -42901680449858.23,
        "imag": -775802578261368.6
      },
      {
        "real": 6346016614121896.0,
        "imag": 7.912279605920842e+16
      }
    ]
  ]
}