{
  "attrs": {},
  "name": "RP_M3",
  "frequency_range": null,
  "allow_gain": false,
  "nonlinear_spec": null,
  "modulation_spec": null,
  "viz_spec": null,
  "heat_spec": null,
  "type": "PoleResidue",
  "eps_inf": 0.2586171085670434,
  "poles": [
    [
      {
        "real": -48336145051447.2,
        "imag": -882073235836311.0
      },
      {
        "real": 3376315316591851.0,
        "imag": 6.070633373197922e+16
      }
    ],
    [
      {
        "real": -981929010579925.2,
        "imag": -3549578484761006.5
      },
      {
        "real": 3741056904805860.0,
        "imag": -880606556012014.4
      }
    ],
    [
      {
        "real": -402911051798317.25,
        "imag": -5632443249096513.0
      },
      {
        "real": 259892978385526.94,
        "imag": 1752810061879747.5
      }
    ]
  ]
}