{
  "attrs": {},
  "name": "RP_M3",
  "frequency_range": null,
  "allow_gain": false,
  "nonlinear_spec": null,
  "modulation_spec": null,
  "viz_spec": null,
  "heat_spec": null,
  "type": "PoleResidue",
  "eps_inf": 0.26156140615837936,
  "poles": [
    [
      {
        "real": -48332285095513.72,
        "imag": -882371250929721.1
      },
      {
        "real": 3375818476676869.5,
        "imag": 6.0672550563055656e+16
      }
    ],
    [
      {
        "real": -980529008709190.4,
        "imag": -3548225270218621.0
      },
      {
        "real": 3730208764970619.5,
        "imag": -882907397376301.2
      }
    ],
    [
      {
        "real": -402583182928579.7,
        "imag": -5631952039234680.0
      },
      {
        "real": 259407922437135.66,
        "imag": 1754165788813703.5
      }
    ]
  ]
}