{
  "attrs": {},
  "name": "RP_M3",
  "frequency_range": null,
  "allow_gain": false,
  "nonlinear_spec": null,
  "modulation_spec": null,
  "viz_spec": null,
  "heat_spec": null,
  "type": "PoleResidue",
  "eps_inf": 2.711621426727938,
  "poles": [
    [
      {
        "real": -890555282459792.4,
        "imag": 5097423515329554.0
      },
      {
        "real": 2614330074137962.0,
        "imag": -2785622526437544.0
      }
    ],
    [
      {
        "real": -441613773468959.75,
        "imag": 3737775408863265.5
      },
      {
        "real": 1149475804974709.8,
        "imag": -196982553055558.38
      }
    ],
    [
      {
        "real": -2464942154460.675,
        "imag": 327791752146925.1
      },
      {
        "real": 4959668438066689.0,
        "imag": -2.154405092967902e+17
      }
    ]
  ],
  "model_family": "RP",
  "order_N": 3
}