{
  "attrs": {},
  "name": "SCP_M1",
  "frequency_range": null,
  "allow_gain": false,
  "nonlinear_spec": null,
  "modulation_spec": null,
  "viz_spec": null,
  "heat_spec": null,
  "type": "PoleResidue",
  "eps_inf": 1.5222137172728119,
  "poles": [
    [
      {
        "real": -1100981140813845.8,
        "imag": -5950662757062808.0
      },
      {
        "real": 1.3093068042439368e+16,
        "imag": 3.3848264998826444e+16
      }
    ]
  ]
}