{
  "attrs": {},
  "name": "CP_M2",
  "frequency_range": null,
  "allow_gain": false,
  "nonlinear_spec": null,
  "modulation_spec": null,
  "viz_spec": null,
  "heat_spec": null,
  "type": "PoleResidue",
  "eps_inf": 1.429395991056272,
  "poles": [
    [
      {
        "real": -260547726322193.66,
        "imag": -5109961608307696.0
      },
      {
        "real": 5246869481310329.0,
        "imag": 5096703052971436.0
      }
    ],
    [
      {
        "real": -713015152886640.9,
        "imag": -6408141541500860.0
      },
      {
        "real": -1781407990227286.5,
        "imag": 2.682480375698225e+16
      }
    ]
  ]
}