{
  "attrs": {},
  "name": "SCP_M1",
  "frequency_range": null,
  "allow_gain": false,
  "nonlinear_spec": null,
  "modulation_spec": null,
  "viz_spec": null,
  "heat_spec": null,
  "type": "PoleResidue",
  "eps_inf": 1.5026034026342039,
  "poles": [
    [
      {
        "real": -865277646909052.1,
        "imag": -6015879571036472.0
      },
      {
        "real": 9240532580584868.0,
        "imag": 3.1146076577183e+16
      }
    ]
  ]
}