{
  "attrs": {},
  "name": "CP_M3",
  "frequency_range": null,
  "allow_gain": false,
  "nonlinear_spec": null,
  "modulation_spec": null,
  "viz_spec": null,
  "heat_spec": null,
  "type": "PoleResidue",
  "eps_inf": 1.8455916929077496,
  "poles": [
    [
      {
        "real": -242059963560526.56,
        "imag": -5133631353019105.0
      },
      {
        "real": 2830975469948072.5,
        "imag": 5823961068327383.0
      }
    ],
    [
      {
        "real": -446650429625964.06,
        "imag": -5379532638057597.0
      },
      {
        "real": 5188404728234245.0,
        "imag": 1211029345905807.8
      }
    ],
    [
      {
        "real": -667261398737090.9,
        "imag": -6674474132686743.0
      },
      {
        "real": -7836681045892654.0,
        "imag": 2.43793536892539e+16
      }
    ]
  ]
}