{
  "attrs": {},
  "name": "SCP_M2",
  "frequency_range": null,
  "allow_gain": false,
  "nonlinear_spec": null,
  "modulation_spec": null,
  "viz_spec": null,
  "heat_spec": null,
  "type": "PoleResidue",
  "eps_inf": 1.7160153090567323,
  "poles": [
    [
      {
        "real": -477846694482333.44,
        "imag": -5211842845876492.0
      },
      {
        "real": 8648140340987645.0,
        "imag": 9803351078293114.0
      }
    ],
    [
      {
        "real": -502047766928791.1,
        "imag": -6764541145660359.0
      },
      {
        "real": -8532705362433452.0,
        "imag": 2.038016530900695e+16
      }
    ]
  ]
}