{
  "attrs": {},
  "name": "SCP_M1",
  "frequency_range": null,
  "allow_gain": false,
  "nonlinear_spec": null,
  "modulation_spec": null,
  "viz_spec": null,
  "heat_spec": null,
  "type": "PoleResidue",
  "eps_inf": 0.2714918453802939,
  "poles": [
    [
      {
        "real": -829359608321403.8,
        "imag": -6005304308658458.0
      },
      {
        "real": 7866192108869671.0,
        "imag": 3.485602480489081e+16
      }
    ]
  ]
}