{
  "attrs": {},
  "name": "CP_M2",
  "frequency_range": null,
  "allow_gain": false,
  "nonlinear_spec": null,
  "modulation_spec": null,
  "viz_spec": null,
  "heat_spec": null,
  "type": "PoleResidue",
  "eps_inf": 1.908454478711767,
  "poles": [
    [
      {
        "real": -236337552517436.66,
        "imag": -5138643665449798.0
      },
      {
        "real": 5208587041561906.0,
        "imag": 5771135331099707.0
      }
    ],
    [
      {
        "real": -608715313212715.8,
        "imag": -6574013915025661.0
      },
      {
        "real": -4790103321996361.0,
        "imag": 2.5703453966805324e+16
      }
    ]
  ]
}