{
  "attrs": {},
  "name": "CP_M2",
  "frequency_range": null,
  "allow_gain": false,
  "nonlinear_spec": null,
  "modulation_spec": null,
  "viz_spec": null,
  "heat_spec": null,
  "type": "PoleResidue",
  "eps_inf": 1.8957343979070496,
  "poles": [
    [
      {
        "real": -234626859645226.03,
        "imag": -5135140596927341.0
      },
      {
        "real": 5219927639097235.0,
        "imag": 5691768749333001.0
      }
    ],
    [
      {
        "real": -614560759482574.6,
        "imag": -6574690877398811.0
      },
      {
        "real": -4810014209240527.0,
        "imag": 2.5866330357028624e+16
      }
    ]
  ],
  "model_family": "CP",
  "order_N": 2
}