{
  "attrs": {},
  "name": "CP_M2",
  "frequency_range": null,
  "allow_gain": false,
  "nonlinear_spec": null,
  "modulation_spec": null,
  "viz_spec": null,
  "heat_spec": null,
  "type": "PoleResidue",
  "eps_inf": 3.616762577149654,
  "poles": [
    [
      {
        "real": -5582236234649.595,
        "imag": -1811542843744125.5
      },
      {
        "real": -86320327.75035965,
        "imag": 249800685.91761822
      }
    ],
    [
      {
        "real": -6283185307.179586,
        "imag": -9955264197097814.0
      },
      {
        "real": -4534437855.193003,
        "imag": 2.4750131490673652e+16
      }
    ]
  ],
  "model_family": "CP",
  "order_N": 2
}