{
  "attrs": {},
  "name": "CP_M3",
  "frequency_range": null,
  "allow_gain": false,
  "nonlinear_spec": null,
  "modulation_spec": null,
  "viz_spec": null,
  "heat_spec": null,
  "type": "PoleResidue",
  "eps_inf": 3.616751908851541,
  "poles": [
    [
      {
        "real": -5582236234649.595,
        "imag": -1811542843744125.5
      },
      {
        "real": -72643983.14632197,
        "imag": -2251580986846020.8
      }
    ],
    [
      {
        "real": -5582236234649.247,
        "imag": -1811542843744125.5
      },
      {
        "real": -13707052.689363832,
        "imag": 2251581236889452.8
      }
    ],
    [
      {
        "real": -6283185307.179586,
        "imag": -9955264197097814.0
      },
      {
        "real": -4527010572.923059,
        "imag": 2.4750182869393572e+16
      }
    ]
  ],
  "model_family": "CP",
  "order_N": 3
}