{
  "attrs": {},
  "name": "SCP_M2",
  "frequency_range": null,
  "allow_gain": false,
  "nonlinear_spec": null,
  "modulation_spec": null,
  "viz_spec": null,
  "heat_spec": null,
  "type": "PoleResidue",
  "eps_inf": 5.3072688844106555,
  "poles": [
    [
      {
        "real": -28758651941445.94,
        "imag": -1757829333947905.2
      },
      {
        "real": 21854677.937804338,
        "imag": -35667906.277699254
      }
    ],
    [
      {
        "real": -6283185307.807905,
        "imag": -8228140713033334.0
      },
      {
        "real": -5004745409.356285,
        "imag": 1.3513488907476298e+16
      }
    ]
  ]
}