{
  "attrs": {},
  "name": "CP_M3",
  "frequency_range": null,
  "allow_gain": false,
  "nonlinear_spec": null,
  "modulation_spec": null,
  "viz_spec": null,
  "heat_spec": null,
  "type": "PoleResidue",
  "eps_inf": 5.30725577932133,
  "poles": [
    [
      {
        "real": -28758651941445.902,
        "imag": -1757829333947904.2
      },
      {
        "real": 21478612.257079683,
        "imag": -1443525044133045.8
      }
    ],
    [
      {
        "real": -28758651941445.94,
        "imag": -1757829333947905.2
      },
      {
        "real": 663759.5545727751,
        "imag": 1443525008416150.8
      }
    ],
    [
      {
        "real": -6283185307.179586,
        "imag": -8228140713033334.0
      },
      {
        "real": -5082815038.61543,
        "imag": 1.351354011373847e+16
      }
    ]
  ]
}