{
  "attrs": {},
  "name": "SCP_M1",
  "frequency_range": null,
  "allow_gain": false,
  "nonlinear_spec": null,
  "modulation_spec": null,
  "viz_spec": null,
  "heat_spec": null,
  "type": "PoleResidue",
  "eps_inf": 0.41991246586794745,
  "poles": [
    [
      {
        "real": -38507697203563.88,
        "imag": -86175120567189.03
      },
      {
        "real": 2.5585041435056664e+16,
        "imag": 5.163895816505991e+16
      }
    ]
  ]
}