{
  "attrs": {},
  "name": "SCP_M3",
  "frequency_range": null,
  "allow_gain": false,
  "nonlinear_spec": null,
  "modulation_spec": null,
  "viz_spec": null,
  "heat_spec": null,
  "type": "PoleResidue",
  "eps_inf": 1.1350377745518239,
  "poles": [
    [
      {
        "real": -65630321939.31132,
        "imag": -90563849183788.39
      },
      {
        "real": -2.3931409928451228e+16,
        "imag": 7.905137159858461e+17
      }
    ],
    [
      {
        "real": -1377374579649762.2,
        "imag": -1453449049998154.8
      },
      {
        "real": 1.6084079300119348e+16,
        "imag": 6.861743665921131e+16
      }
    ],
    [
      {
        "real": -1508635602158852.5,
        "imag": -3571572066695912.5
      },
      {
        "real": 2.6014385180532708e+16,
        "imag": 2.1086384610401892e+16
      }
    ]
  ]
}