{
  "attrs": {},
  "name": "SCP_M2",
  "frequency_range": null,
  "allow_gain": false,
  "nonlinear_spec": null,
  "modulation_spec": null,
  "viz_spec": null,
  "heat_spec": null,
  "type": "PoleResidue",
  "eps_inf": 1.2854397693987705,
  "poles": [
    [
      {
        "real": -1843528243373.2605,
        "imag": -85631695006331.73
      },
      {
        "real": 1.1712737284359492e+16,
        "imag": 4.274195139783412e+17
      }
    ],
    [
      {
        "real": -3224609548717259.0,
        "imag": -4257619741235753.0
      },
      {
        "real": -1.0134189864174464e+16,
        "imag": 6.257238577681711e+16
      }
    ]
  ]
}