{
    "attrs": {},
    "name": "CP_selected_M3",
    "frequency_range": null,
    "allow_gain": false,
    "nonlinear_spec": null,
    "modulation_spec": null,
    "viz_spec": null,
    "heat_spec": null,
    "type": "PoleResidue",
    "eps_inf": 0.40685721434207106,
    "poles": [
        [
            {
                "real": -183434218856833.72,
                "imag": -690696895720408.1
            },
            {
                "real": 6634761188198502.0,
                "imag": 5.302341918646254e+16
            }
        ],
        [
            {
                "real": -610210016583228.4,
                "imag": -2995806538552262.0
            },
            {
                "real": -2212014227910503.8,
                "imag": -1063297633229957.1
            }
        ],
        [
            {
                "real": -2242183217499893.2,
                "imag": -4156259269308637.5
            },
            {
                "real": -173212559993465.22,
                "imag": 5.01671691251059e+16
            }
        ]
    ]
}