{
  "attrs": {},
  "name": "SCP_M3",
  "frequency_range": null,
  "allow_gain": false,
  "nonlinear_spec": null,
  "modulation_spec": null,
  "viz_spec": null,
  "heat_spec": null,
  "type": "PoleResidue",
  "eps_inf": 1.7247222035751955,
  "poles": [
    [
      {
        "real": -348377911204.5191,
        "imag": -86166576354053.17
      },
      {
        "real": -2.781777091763985e+16,
        "imag": 8.616201137282964e+17
      }
    ],
    [
      {
        "real": -1499175531269080.0,
        "imag": -1487159265659278.0
      },
      {
        "real": 2682738333821811.5,
        "imag": 9.368558255928854e+16
      }
    ],
    [
      {
        "real": -1655846740709923.0,
        "imag": -3450645663457873.5
      },
      {
        "real": 3.856851104407419e+16,
        "imag": 2.5366307423807104e+16
      }
    ]
  ],
  "model_family": "SCP",
  "order_N": 3
}