{
  "attrs": {},
  "name": "CP_M3",
  "frequency_range": null,
  "allow_gain": false,
  "nonlinear_spec": null,
  "modulation_spec": null,
  "viz_spec": null,
  "heat_spec": null,
  "type": "PoleResidue",
  "eps_inf": 0.7522617553625038,
  "poles": [
    [
      {
        "real": -493059575864025.5,
        "imag": -2667341885611432.5
      },
      {
        "real": 9596065119236360.0,
        "imag": 9233100893591176.0
      }
    ],
    [
      {
        "real": -365287400974163.4,
        "imag": -3031766133867628.0
      },
      {
        "real": 3877787874033830.0,
        "imag": -8255326114413794.0
      }
    ],
    [
      {
        "real": -4187902678771113.5,
        "imag": -3456159684422285.5
      },
      {
        "real": -1531794253249823.5,
        "imag": 5.544789350588529e+16
      }
    ]
  ]
}