{
  "attrs": {},
  "name": "SCP_M3",
  "frequency_range": null,
  "allow_gain": false,
  "nonlinear_spec": null,
  "modulation_spec": null,
  "viz_spec": null,
  "heat_spec": null,
  "type": "PoleResidue",
  "eps_inf": 0.8956383067297872,
  "poles": [
    [
      {
        "real": -121240618446251.27,
        "imag": -2246789314661406.5
      },
      {
        "real": 1064715938887338.8,
        "imag": 122313328422019.08
      }
    ],
    [
      {
        "real": -1190989286881892.0,
        "imag": -3891475080489271.0
      },
      {
        "real": 8453141171384935.0,
        "imag": 2.700195181805776e+16
      }
    ],
    [
      {
        "real": -788964401421297.5,
        "imag": -5888491862386763.0
      },
      {
        "real": 4691494134020465.0,
        "imag": 2652262182343543.5
      }
    ]
  ]
}