{
  "attrs": {},
  "name": "CP_M1",
  "frequency_range": null,
  "allow_gain": false,
  "nonlinear_spec": null,
  "modulation_spec": null,
  "viz_spec": null,
  "heat_spec": null,
  "type": "PoleResidue",
  "eps_inf": 1.2129304456621002,
  "poles": [
    [
      {
        "real": -1646797109692208.8,
        "imag": -3717251800643838.0
      },
      {
        "real": 1.869226592306534e+16,
        "imag": 2.8976274780813388e+16
      }
    ]
  ]
}