{
  "attrs": {},
  "name": "CP_M2",
  "frequency_range": null,
  "allow_gain": false,
  "nonlinear_spec": null,
  "modulation_spec": null,
  "viz_spec": null,
  "heat_spec": null,
  "type": "PoleResidue",
  "eps_inf": 3.8903672193961154,
  "poles": [
    [
      {
        "real": -112991015087486.33,
        "imag": -2283628370878647.5
      },
      {
        "real": 1038135665685094.5,
        "imag": 334965852233448.5
      }
    ],
    [
      {
        "real": -1171413255368749.5,
        "imag": -3942054614617033.5
      },
      {
        "real": 9270701638804122.0,
        "imag": 2.4110441157202844e+16
      }
    ]
  ]
}