{
  "attrs": {},
  "name": "CP_M1",
  "frequency_range": null,
  "allow_gain": false,
  "nonlinear_spec": null,
  "modulation_spec": null,
  "viz_spec": null,
  "heat_spec": null,
  "type": "PoleResidue",
  "eps_inf": 3.501500170460044,
  "poles": [
    [
      {
        "real": -1402998756268624.2,
        "imag": -3899148715758895.0
      },
      {
        "real": 1.1444053133469214e+16,
        "imag": 2.8591080923009056e+16
      }
    ]
  ]
}