{
  "attrs": {},
  "name": "SCP_M3",
  "frequency_range": null,
  "allow_gain": false,
  "nonlinear_spec": null,
  "modulation_spec": null,
  "viz_spec": null,
  "heat_spec": null,
  "type": "PoleResidue",
  "eps_inf": 1.5810674737644503,
  "poles": [
    [
      {
        "real": -366809021201726.2,
        "imag": -2745338178265378.5
      },
      {
        "real": -4575558865330494.0,
        "imag": 3314522474210465.5
      }
    ],
    [
      {
        "real": -817412764475821.5,
        "imag": -2974580656276557.5
      },
      {
        "real": 2.314170748683162e+16,
        "imag": -247621039945011.84
      }
    ],
    [
      {
        "real": -4598094686782817.0,
        "imag": -3624054865300230.0
      },
      {
        "real": -1.3711101840226256e+16,
        "imag": 5.6317544063580616e+16
      }
    ]
  ]
}