{
  "attrs": {},
  "name": "SCP_M2",
  "frequency_range": null,
  "allow_gain": false,
  "nonlinear_spec": null,
  "modulation_spec": null,
  "viz_spec": null,
  "heat_spec": null,
  "type": "PoleResidue",
  "eps_inf": 2.479766767614353,
  "poles": [
    [
      {
        "real": -293720711440954.8,
        "imag": -1980562371518531.8
      },
      {
        "real": 287049298486790.4,
        "imag": -1961604917254698.5
      }
    ],
    [
      {
        "real": -1826857248488686.5,
        "imag": -3815401525792532.5
      },
      {
        "real": 1.1154713053615232e+16,
        "imag": 3.646406280799087e+16
      }
    ]
  ]
}