{
  "attrs": {},
  "name": "CP_M3",
  "frequency_range": null,
  "allow_gain": false,
  "nonlinear_spec": null,
  "modulation_spec": null,
  "viz_spec": null,
  "heat_spec": null,
  "type": "PoleResidue",
  "eps_inf": 0.3775137133835214,
  "poles": [
    [
      {
        "real": -185282206016972.0,
        "imag": -2250138898259908.0
      },
      {
        "real": 1468799018136529.8,
        "imag": 119760150844256.22
      }
    ],
    [
      {
        "real": -1184986257341637.8,
        "imag": -4002627442621376.5
      },
      {
        "real": 6110154726468780.0,
        "imag": 2.9003606600863588e+16
      }
    ],
    [
      {
        "real": -943737195502177.9,
        "imag": -5702597402693018.0
      },
      {
        "real": 7937279529159385.0,
        "imag": 1422595967712640.0
      }
    ]
  ]
}