{
  "attrs": {},
  "name": "SCP_M3",
  "frequency_range": null,
  "allow_gain": false,
  "nonlinear_spec": null,
  "modulation_spec": null,
  "viz_spec": null,
  "heat_spec": null,
  "type": "PoleResidue",
  "eps_inf": 0.8857157284117239,
  "poles": [
    [
      {
        "real": -135893455814203.27,
        "imag": -2249637378203540.2
      },
      {
        "real": 1141105655502049.0,
        "imag": 188317288207426.53
      }
    ],
    [
      {
        "real": -1114726289242300.6,
        "imag": -3850222257909313.0
      },
      {
        "real": 7700971983725336.0,
        "imag": 2.425439622105086e+16
      }
    ],
    [
      {
        "real": -997306700354523.6,
        "imag": -6128394893918571.0
      },
      {
        "real": 4315619584787913.5,
        "imag": 5579798812054374.0
      }
    ]
  ],
  "model_family": "SCP",
  "order_N": 3
}