{
  "attrs": {},
  "name": "SCP_M2",
  "frequency_range": null,
  "allow_gain": false,
  "nonlinear_spec": null,
  "modulation_spec": null,
  "viz_spec": null,
  "heat_spec": null,
  "type": "PoleResidue",
  "eps_inf": 2.1936698373004524,
  "poles": [
    [
      {
        "real": -6283185307.179587,
        "imag": -93011010178425.22
      },
      {
        "real": 5470562074745490.0,
        "imag": 9.30110101784252e+17
      }
    ],
    [
      {
        "real": -843808030017974.2,
        "imag": -3124324093923596.0
      },
      {
        "real": 5276793498676201.0,
        "imag": -2198537800280848.2
      }
    ]
  ]
}