{
  "attrs": {},
  "name": "CP_M3",
  "frequency_range": null,
  "allow_gain": false,
  "nonlinear_spec": null,
  "modulation_spec": null,
  "viz_spec": null,
  "heat_spec": null,
  "type": "PoleResidue",
  "eps_inf": 0.25847053442886997,
  "poles": [
    [
      {
        "real": -2284673244217100.5,
        "imag": -85622679776929.1
      },
      {
        "real": 4.6845817606700664e+16,
        "imag": 3.1660625948133677e+17
      }
    ],
    [
      {
        "real": -145075654309301.12,
        "imag": -598380369631268.5
      },
      {
        "real": -3.1247974205181796e+16,
        "imag": 1.8579155572982525e+17
      }
    ],
    [
      {
        "real": -274015472647997.9,
        "imag": -3035132833504156.0
      },
      {
        "real": 279345094477860.38,
        "imag": -1155891576967234.5
      }
    ]
  ]
}