{
  "attrs": {},
  "name": "SCP_M3",
  "frequency_range": null,
  "allow_gain": false,
  "nonlinear_spec": null,
  "modulation_spec": null,
  "viz_spec": null,
  "heat_spec": null,
  "type": "PoleResidue",
  "eps_inf": 0.6122497835656522,
  "poles": [
    [
      {
        "real": -14020436613369.553,
        "imag": -192539808350998.4
      },
      {
        "real": 8839563071754684.0,
        "imag": 4.243831111877554e+17
      }
    ],
    [
      {
        "real": -2061000192139022.0,
        "imag": -2480497365338351.0
      },
      {
        "real": 4284680330240127.5,
        "imag": -2.193788428096637e+16
      }
    ],
    [
      {
        "real": -994253203076919.6,
        "imag": -3403255952044033.0
      },
      {
        "real": 3498531486594287.5,
        "imag": 4241292348704851.5
      }
    ]
  ]
}