{
  "attrs": {},
  "name": "RP_M2",
  "frequency_range": null,
  "allow_gain": false,
  "nonlinear_spec": null,
  "modulation_spec": null,
  "viz_spec": null,
  "heat_spec": null,
  "type": "PoleResidue",
  "eps_inf": 2.771506898249828,
  "poles": [
    [
      {
        "real": -612722499518855.1,
        "imag": 3268564429398459.0
      },
      {
        "real": 3540712241667958.5,
        "imag": -833663901242605.6
      }
    ],
    [
      {
        "real": -71787801281094.14,
        "imag": 471368910134760.2
      },
      {
        "real": 363394098587264.6,
        "imag": -1.7805159705559085e+17
      }
    ]
  ],
  "model_family": "RP",
  "order_N": 2
}