{
  "attrs": {},
  "name": "RP_M2",
  "frequency_range": null,
  "allow_gain": false,
  "nonlinear_spec": null,
  "modulation_spec": null,
  "viz_spec": null,
  "heat_spec": null,
  "type": "PoleResidue",
  "eps_inf": 0.7454972325286826,
  "poles": [
    [
      {
        "real": -26186544921274.527,
        "imag": -919551132979921.0
      },
      {
        "real": 1837810200469559.8,
        "imag": 6.967354358279815e+16
      }
    ],
    [
      {
        "real": -509748808399275.75,
        "imag": -3264120793998943.5
      },
      {
        "real": 2511275035981158.5,
        "imag": 179100721492195.8
      }
    ]
  ]
}