{
  "attrs": {},
  "name": "CP_M2",
  "frequency_range": null,
  "allow_gain": false,
  "nonlinear_spec": null,
  "modulation_spec": null,
  "viz_spec": null,
  "heat_spec": null,
  "type": "PoleResidue",
  "eps_inf": 3.228559662806304,
  "poles": [
    [
      {
        "real": -449158526854568.8,
        "imag": -1645019454979378.8
      },
      {
        "real": -3102883486639764.0,
        "imag": 1.2994049492740453e+17
      }
    ],
    [
      {
        "real": -2372095812472421.0,
        "imag": -5399686989246696.0
      },
      {
        "real": 5964279029231279.0,
        "imag": 1.42380001568868e+16
      }
    ]
  ]
}