{
  "attrs": {},
  "name": "CP_M3",
  "frequency_range": null,
  "allow_gain": false,
  "nonlinear_spec": null,
  "modulation_spec": null,
  "viz_spec": null,
  "heat_spec": null,
  "type": "PoleResidue",
  "eps_inf": 3.247079960987243,
  "poles": [
    [
      {
        "real": -449158526854568.8,
        "imag": -1645019454979378.8
      },
      {
        "real": -5534677739365778.0,
        "imag": 1.2536949745203934e+17
      }
    ],
    [
      {
        "real": -108823818915543.97,
        "imag": -1908884376443091.5
      },
      {
        "real": 1591792353238787.5,
        "imag": 2510424293592409.5
      }
    ],
    [
      {
        "real": -2372095812472421.0,
        "imag": -5399686989246696.0
      },
      {
        "real": 5258758060543555.0,
        "imag": 1.544210003875735e+16
      }
    ]
  ]
}