{
  "attrs": {},
  "name": "CP_M1",
  "frequency_range": null,
  "allow_gain": false,
  "nonlinear_spec": null,
  "modulation_spec": null,
  "viz_spec": null,
  "heat_spec": null,
  "type": "PoleResidue",
  "eps_inf": 4.833145484379209,
  "poles": [
    [
      {
        "real": -385289905255541.4,
        "imag": -1596604569779541.8
      },
      {
        "real": 1.0244776560679812e+16,
        "imag": 1.2094625030780474e+17
      }
    ]
  ]
}