{
  "attrs": {},
  "name": "SCP_M3",
  "frequency_range": null,
  "allow_gain": false,
  "nonlinear_spec": null,
  "modulation_spec": null,
  "viz_spec": null,
  "heat_spec": null,
  "type": "PoleResidue",
  "eps_inf": 2.8506711810859366,
  "poles": [
    [
      {
        "real": -2008944065529411.8,
        "imag": -5579856967153951.0
      },
      {
        "real": 2874166634389259.5,
        "imag": 1.1379626755486834e+16
      }
    ],
    [
      {
        "real": -6283185307.1796255,
        "imag": -1596842953314802.0
      },
      {
        "real": -2064950146288921.5,
        "imag": 5994559291275557.0
      }
    ],
    [
      {
        "real": -399778249826072.1,
        "imag": -1732598191525109.0
      },
      {
        "real": 2162287430810133.5,
        "imag": 1.0812645984628445e+17
      }
    ]
  ]
}