{
  "attrs": {},
  "name": "CP_M3",
  "frequency_range": null,
  "allow_gain": false,
  "nonlinear_spec": null,
  "modulation_spec": null,
  "viz_spec": null,
  "heat_spec": null,
  "type": "PoleResidue",
  "eps_inf": 0.5927523161538415,
  "poles": [
    [
      {
        "real": -1029843305334474.1,
        "imag": -1483961866365913.2
      },
      {
        "real": 1.0372259994408939e+17,
        "imag": -5.831508192985218e+16
      }
    ],
    [
      {
        "real": -538767958849208.25,
        "imag": -1809992478800749.8
      },
      {
        "real": -8.030452632739456e+16,
        "imag": 1.5653955135128403e+17
      }
    ],
    [
      {
        "real": -204551036306184.38,
        "imag": -1906023796223279.5
      },
      {
        "real": -3313486510239050.5,
        "imag": -6639476945844292.0
      }
    ]
  ],
  "model_family": "CP",
  "order_N": 3
}