{
  "attrs": {},
  "name": "SCP_M1",
  "frequency_range": null,
  "allow_gain": false,
  "nonlinear_spec": null,
  "modulation_spec": null,
  "viz_spec": null,
  "heat_spec": null,
  "type": "PoleResidue",
  "eps_inf": 3.706208265159597,
  "poles": [
    [
      {
        "real": -361660589708108.7,
        "imag": -1673544087783544.0
      },
      {
        "real": 9866457333317784.0,
        "imag": 1.0678863875313371e+17
      }
    ]
  ]
}