{
  "attrs": {},
  "name": "CP_M1",
  "frequency_range": null,
  "allow_gain": false,
  "nonlinear_spec": null,
  "modulation_spec": null,
  "viz_spec": null,
  "heat_spec": null,
  "type": "PoleResidue",
  "eps_inf": 5.636623873586212,
  "poles": [
    [
      {
        "real": -420781984297597.06,
        "imag": -1585784261537888.8
      },
      {
        "real": 8704813282316426.0,
        "imag": 1.2791170417869208e+17
      }
    ]
  ]
}