{
  "attrs": {},
  "name": "RP_M3",
  "frequency_range": null,
  "allow_gain": false,
  "nonlinear_spec": null,
  "modulation_spec": null,
  "viz_spec": null,
  "heat_spec": null,
  "type": "PoleResidue",
  "eps_inf": 7.746560334500344,
  "poles": [
    [
      {
        "real": -557976032660773.06,
        "imag": -1065035408006073.2
      },
      {
        "real": 2.554913537844331e+16,
        "imag": 6.542847591466503e+16
      }
    ],
    [
      {
        "real": -418187502873542.2,
        "imag": -1799589155068292.5
      },
      {
        "real": -1.828129470738132e+16,
        "imag": 7.665278300100045e+16
      }
    ],
    [
      {
        "real": -56889464219287.695,
        "imag": -1869662174364004.0
      },
      {
        "real": -132762331472750.88,
        "imag": 413932038507483.8
      }
    ]
  ]
}