{
  "attrs": {},
  "name": "RP_M3",
  "frequency_range": null,
  "allow_gain": false,
  "nonlinear_spec": null,
  "modulation_spec": null,
  "viz_spec": null,
  "heat_spec": null,
  "type": "PoleResidue",
  "eps_inf": 3.8152561647621215,
  "poles": [
    [
      {
        "real": -59742145735920.36,
        "imag": 1918555128309179.2
      },
      {
        "real": 5478412990982.894,
        "imag": 48756007196525.34
      }
    ],
    [
      {
        "real": -418958718110416.06,
        "imag": 1773862175765683.2
      },
      {
        "real": -2.095063813237503e+16,
        "imag": -9.414871544973622e+16
      }
    ],
    [
      {
        "real": -231715832152639.47,
        "imag": -0.03433028472902753
      },
      {
        "real": 3.618769417589617e+16,
        "imag": 0.0
      }
    ]
  ],
  "model_family": "RP",
  "order_N": 3
}