{
  "attrs": {},
  "name": "SCP_M3",
  "frequency_range": null,
  "allow_gain": false,
  "nonlinear_spec": null,
  "modulation_spec": null,
  "viz_spec": null,
  "heat_spec": null,
  "type": "PoleResidue",
  "eps_inf": 1.657029018276606,
  "poles": [
    [
      {
        "real": -104340267407.76172,
        "imag": -678190995272633.8
      },
      {
        "real": 46728316162.35555,
        "imag": 20843085254692.336
      }
    ],
    [
      {
        "real": -402623537994628.0,
        "imag": -1.4651725556668264e+16
      },
      {
        "real": 4008850186922818.0,
        "imag": 8209474335745451.0
      }
    ],
    [
      {
        "real": -1289915821726090.8,
        "imag": -1.5066100457865098e+16
      },
      {
        "real": -3911125894919753.0,
        "imag": -451238861765115.44
      }
    ]
  ]
}