{
  "attrs": {},
  "name": "SCP_M3",
  "frequency_range": null,
  "allow_gain": false,
  "nonlinear_spec": null,
  "modulation_spec": null,
  "viz_spec": null,
  "heat_spec": null,
  "type": "PoleResidue",
  "eps_inf": 1.572241553260327,
  "poles": [
    [
      {
        "real": -33299112945173.793,
        "imag": -481996710436013.5
      },
      {
        "real": -249513906327.25238,
        "imag": 33690326323496.855
      }
    ],
    [
      {
        "real": -6368710453083029.0,
        "imag": -1.1010561692831574e+16
      },
      {
        "real": -744561272055368.2,
        "imag": 578068011828616.9
      }
    ],
    [
      {
        "real": -953644822432809.5,
        "imag": -1.451397046861866e+16
      },
      {
        "real": 2187467798418836.8,
        "imag": 7848914103165357.0
      }
    ]
  ]
}