{
  "attrs": {},
  "name": "CP_M2",
  "frequency_range": null,
  "allow_gain": false,
  "nonlinear_spec": null,
  "modulation_spec": null,
  "viz_spec": null,
  "heat_spec": null,
  "type": "PoleResidue",
  "eps_inf": 1.7971125024131538,
  "poles": [
    [
      {
        "real": -38681220887456.31,
        "imag": -388639836181731.0
      },
      {
        "real": -331194645472.9276,
        "imag": 46405263271422.43
      }
    ],
    [
      {
        "real": -20625103371173.51,
        "imag": -1.4159212190559446e+16
      },
      {
        "real": 15411040140098.23,
        "imag": 6321772421487375.0
      }
    ]
  ]
}