{
  "attrs": {},
  "name": "CP_M3",
  "frequency_range": null,
  "allow_gain": false,
  "nonlinear_spec": null,
  "modulation_spec": null,
  "viz_spec": null,
  "heat_spec": null,
  "type": "PoleResidue",
  "eps_inf": 1.66590632254895,
  "poles": [
    [
      {
        "real": -22002646066543.78,
        "imag": -512904826803449.06
      },
      {
        "real": -209233928578.94965,
        "imag": 30403777587646.1
      }
    ],
    [
      {
        "real": -392964537798084.75,
        "imag": -1.4633293764548164e+16
      },
      {
        "real": 4279286680122378.5,
        "imag": 7610407640850959.0
      }
    ],
    [
      {
        "real": -1127856573024588.0,
        "imag": -1.5219290055724308e+16
      },
      {
        "real": -4240196006083360.5,
        "imag": 66404578977852.4
      }
    ]
  ],
  "model_family": "CP",
  "order_N": 3
}