{
  "attrs": {},
  "name": "CP_M1",
  "frequency_range": null,
  "allow_gain": false,
  "nonlinear_spec": null,
  "modulation_spec": null,
  "viz_spec": null,
  "heat_spec": null,
  "type": "PoleResidue",
  "eps_inf": 1.6238733111907127,
  "poles": [
    [
      {
        "real": -8699736742056.461,
        "imag": -1.4827582672955644e+16
      },
      {
        "real": 8981764832143.053,
        "imag": 7835094975062247.0
      }
    ]
  ]
}