{
  "attrs": {},
  "name": "SCP_M2",
  "frequency_range": null,
  "allow_gain": false,
  "nonlinear_spec": null,
  "modulation_spec": null,
  "viz_spec": null,
  "heat_spec": null,
  "type": "PoleResidue",
  "eps_inf": 1.8070219575050106,
  "poles": [
    [
      {
        "real": -185024335824.53125,
        "imag": -368543479745835.9
      },
      {
        "real": 103997299950.14604,
        "imag": 49811240238916.97
      }
    ],
    [
      {
        "real": -45857930586826.734,
        "imag": -1.4100018296581412e+16
      },
      {
        "real": 44647417278141.49,
        "imag": 6226641336932058.0
      }
    ]
  ]
}