{
  "attrs": {},
  "name": "CP_M2",
  "frequency_range": null,
  "allow_gain": false,
  "nonlinear_spec": null,
  "modulation_spec": null,
  "viz_spec": null,
  "heat_spec": null,
  "type": "PoleResidue",
  "eps_inf": 1.8253121529495127,
  "poles": [
    [
      {
        "real": -94034029536259.81,
        "imag": -338166552348112.44
      },
      {
        "real": -874575953943.7249,
        "imag": 55342884875696.9
      }
    ],
    [
      {
        "real": -13927150904347.342,
        "imag": -1.3982322405793678e+16
      },
      {
        "real": 2370524163032.4165,
        "imag": 6048208959895046.0
      }
    ]
  ]
}