{
  "attrs": {},
  "name": "SCP_M2",
  "frequency_range": null,
  "allow_gain": false,
  "nonlinear_spec": null,
  "modulation_spec": null,
  "viz_spec": null,
  "heat_spec": null,
  "type": "PoleResidue",
  "eps_inf": 1.8447946690673258,
  "poles": [
    [
      {
        "real": -244783599325.875,
        "imag": -281908947455705.2
      },
      {
        "real": 214591991877.93176,
        "imag": 69041637273284.07
      }
    ],
    [
      {
        "real": -75867108536520.81,
        "imag": -1.3865864403435662e+16
      },
      {
        "real": 71649788340959.02,
        "imag": 5865285338254469.0
      }
    ]
  ]
}