{
  "attrs": {},
  "name": "RP_M2",
  "frequency_range": null,
  "allow_gain": false,
  "nonlinear_spec": null,
  "modulation_spec": null,
  "viz_spec": null,
  "heat_spec": null,
  "type": "PoleResidue",
  "eps_inf": 1.6875939248161618,
  "poles": [
    [
      {
        "real": -88565715523380.81,
        "imag": 1.4612943825739926e+16
      },
      {
        "real": 94386961604489.97,
        "imag": -7278096001720822.0
      }
    ],
    [
      {
        "real": -91879140214855.39,
        "imag": 0.14424815124076576
      },
      {
        "real": 107837156984.80347,
        "imag": -2.663040450686075e+28
      }
    ]
  ],
  "model_family": "RP",
  "order_N": 2
}