{
  "attrs": {},
  "name": "CP_M3",
  "frequency_range": null,
  "allow_gain": false,
  "nonlinear_spec": null,
  "modulation_spec": null,
  "viz_spec": null,
  "heat_spec": null,
  "type": "PoleResidue",
  "eps_inf": 0.29641286224508445,
  "poles": [
    [
      {
        "real": -190491526641827.16,
        "imag": -85622679776929.1
      },
      {
        "real": 2.07756483536288e+16,
        "imag": 4.8760899446756736e+17
      }
    ],
    [
      {
        "real": -1473185596797681.8,
        "imag": -4370230459542819.5
      },
      {
        "real": -4363869841592671.5,
        "imag": 2.008346991515984e+16
      }
    ],
    [
      {
        "real": -501881026547592.9,
        "imag": -5571226030602666.0
      },
      {
        "real": -1698608079567109.8,
        "imag": -764216277160941.8
      }
    ]
  ]
}