{
  "attrs": {},
  "name": "SCP_M3",
  "frequency_range": null,
  "allow_gain": false,
  "nonlinear_spec": null,
  "modulation_spec": null,
  "viz_spec": null,
  "heat_spec": null,
  "type": "PoleResidue",
  "eps_inf": 0.6136870752822784,
  "poles": [
    [
      {
        "real": -3239225318986.7617,
        "imag": -85698875522214.2
      },
      {
        "real": 2.606262694143548e+16,
        "imag": 3.6864507451936774e+17
      }
    ],
    [
      {
        "real": -896499940667029.1,
        "imag": -4239249302384679.5
      },
      {
        "real": -2369276770980338.5,
        "imag": 8094986538516820.0
      }
    ],
    [
      {
        "real": -795105998566839.9,
        "imag": -5319299125040597.0
      },
      {
        "real": -4537597173197840.0,
        "imag": 3093371911893588.5
      }
    ]
  ]
}