{
  "attrs": {},
  "name": "SCP_M2",
  "frequency_range": null,
  "allow_gain": false,
  "nonlinear_spec": null,
  "modulation_spec": null,
  "viz_spec": null,
  "heat_spec": null,
  "type": "PoleResidue",
  "eps_inf": 1.79529073248038,
  "poles": [
    [
      {
        "real": -77425420865327.77,
        "imag": -85622679776933.25
      },
      {
        "real": 2.3501409383104508e+16,
        "imag": 4.324559838486943e+17
      }
    ],
    [
      {
        "real": -1221688586634950.8,
        "imag": -4711630267648904.0
      },
      {
        "real": -1.1003479217128906e+16,
        "imag": 1.6134637874986264e+16
      }
    ]
  ]
}