{
  "attrs": {},
  "name": "CP_M2",
  "frequency_range": null,
  "allow_gain": false,
  "nonlinear_spec": null,
  "modulation_spec": null,
  "viz_spec": null,
  "heat_spec": null,
  "type": "PoleResidue",
  "eps_inf": 1.0402378353266095,
  "poles": [
    [
      {
        "real": -202169728683537.8,
        "imag": -402215028696159.9
      },
      {
        "real": 1.9849050948318096e+16,
        "imag": 1.0221645757511714e+17
      }
    ],
    [
      {
        "real": -1297596226604876.5,
        "imag": -4557500007788069.0
      },
      {
        "real": -9381675509079240.0,
        "imag": 1.926461450355945e+16
      }
    ]
  ]
}