{
  "attrs": {},
  "name": "CP_M3",
  "frequency_range": null,
  "allow_gain": false,
  "nonlinear_spec": null,
  "modulation_spec": null,
  "viz_spec": null,
  "heat_spec": null,
  "type": "PoleResidue",
  "eps_inf": 0.8623732057876478,
  "poles": [
    [
      {
        "real": -230017964560464.25,
        "imag": -433185069433013.25
      },
      {
        "real": 1.8772682825006196e+16,
        "imag": 9.817592428678547e+16
      }
    ],
    [
      {
        "real": -1435134062169051.0,
        "imag": -4514602225641069.0
      },
      {
        "real": -8222180780820852.0,
        "imag": 2.137918082064474e+16
      }
    ],
    [
      {
        "real": -401466471089579.8,
        "imag": -5544502189329058.0
      },
      {
        "real": -631092277571059.2,
        "imag": -396476514938013.8
      }
    ]
  ]
}