{
  "attrs": {},
  "name": "SCP_M3",
  "frequency_range": null,
  "allow_gain": false,
  "nonlinear_spec": null,
  "modulation_spec": null,
  "viz_spec": null,
  "heat_spec": null,
  "type": "PoleResidue",
  "eps_inf": 0.6302822444329618,
  "poles": [
    [
      {
        "real": -6726013882963.26,
        "imag": -85622866786962.67
      },
      {
        "real": 2.5995005384645444e+16,
        "imag": 3.70815619651192e+17
      }
    ],
    [
      {
        "real": -896548452365177.2,
        "imag": -4240893547764470.5
      },
      {
        "real": -2443582025497243.5,
        "imag": 8077575448163198.0
      }
    ],
    [
      {
        "real": -797043643984011.5,
        "imag": -5311691300376634.0
      },
      {
        "real": -4515074818594267.0,
        "imag": 3190552235685054.5
      }
    ]
  ]
}