{
  "attrs": {},
  "name": "CP_M2",
  "frequency_range": null,
  "allow_gain": false,
  "nonlinear_spec": null,
  "modulation_spec": null,
  "viz_spec": null,
  "heat_spec": null,
  "type": "PoleResidue",
  "eps_inf": 0.6277142043608388,
  "poles": [
    [
      {
        "real": -184160608067865.53,
        "imag": -371267048012991.3
      },
      {
        "real": 2.3618353764438092e+16,
        "imag": 1.6628206453319914e+17
      }
    ],
    [
      {
        "real": -1356387033559335.8,
        "imag": -2028596596718294.5
      },
      {
        "real": -7876840426726688.0,
        "imag": 1.3539520481710782e+16
      }
    ]
  ]
}