{
  "attrs": {},
  "name": "SCP_M2",
  "frequency_range": null,
  "allow_gain": false,
  "nonlinear_spec": null,
  "modulation_spec": null,
  "viz_spec": null,
  "heat_spec": null,
  "type": "PoleResidue",
  "eps_inf": 1.421397329081247,
  "poles": [
    [
      {
        "real": -71753475854665.03,
        "imag": -85630984095820.17
      },
      {
        "real": 2.5499361366876356e+16,
        "imag": 6.022686309124884e+17
      }
    ],
    [
      {
        "real": -1487643113541981.2,
        "imag": -1297879064966487.2
      },
      {
        "real": -1.1729458609387684e+16,
        "imag": 3.709093399057997e+16
      }
    ]
  ]
}