{
  "attrs": {},
  "name": "CP_M3",
  "frequency_range": null,
  "allow_gain": false,
  "nonlinear_spec": null,
  "modulation_spec": null,
  "viz_spec": null,
  "heat_spec": null,
  "type": "PoleResidue",
  "eps_inf": 0.48193934774453256,
  "poles": [
    [
      {
        "real": -99710499094599.75,
        "imag": -408487250624878.1
      },
      {
        "real": 2.7677675556920612e+16,
        "imag": 1.3057316509828614e+17
      }
    ],
    [
      {
        "real": -1184285092084956.0,
        "imag": -2180843220475405.2
      },
      {
        "real": -1.0853180888635658e+16,
        "imag": 9004767655103159.0
      }
    ],
    [
      {
        "real": -657554754326135.4,
        "imag": -3425282756917642.0
      },
      {
        "real": 217419340312460.03,
        "imag": 1056133502468720.9
      }
    ]
  ]
}