{
  "attrs": {},
  "name": "CP_M3",
  "frequency_range": null,
  "allow_gain": false,
  "nonlinear_spec": null,
  "modulation_spec": null,
  "viz_spec": null,
  "heat_spec": null,
  "type": "PoleResidue",
  "eps_inf": 1.1336798742958882,
  "poles": [
    [
      {
        "real": -101699070141139.56,
        "imag": -480906730670333.25
      },
      {
        "real": 1.942550154829225e+16,
        "imag": 1.2491210345677888e+17
      }
    ],
    [
      {
        "real": -894433106081888.4,
        "imag": -1900124409469087.8
      },
      {
        "real": -7935377424284983.0,
        "imag": 8160874855240788.0
      }
    ],
    [
      {
        "real": -1540452939516360.2,
        "imag": -2205259642718234.8
      },
      {
        "real": 2756676236130896.0,
        "imag": 1.4014145684975208e+16
      }
    ]
  ]
}