{
  "attrs": {},
  "name": "SCP_M2",
  "frequency_range": null,
  "allow_gain": false,
  "nonlinear_spec": null,
  "modulation_spec": null,
  "viz_spec": null,
  "heat_spec": null,
  "type": "PoleResidue",
  "eps_inf": 1.485254036015998,
  "poles": [
    [
      {
        "real": -141978688418999.44,
        "imag": -85622680066585.56
      },
      {
        "real": 3909412468722392.5,
        "imag": 8.14201069216015e+17
      }
    ],
    [
      {
        "real": -1285756544922935.2,
        "imag": -1110813163294442.4
      },
      {
        "real": 9490589331161572.0,
        "imag": 5.503217819703842e+16
      }
    ]
  ],
  "model_family": "SCP",
  "order_N": 2
}