{
  "attrs": {},
  "name": "CP_M3",
  "frequency_range": null,
  "allow_gain": false,
  "nonlinear_spec": null,
  "modulation_spec": null,
  "viz_spec": null,
  "heat_spec": null,
  "type": "PoleResidue",
  "eps_inf": 2.298837911034849,
  "poles": [
    [
      {
        "real": -383398365099132.6,
        "imag": -85622679776929.1
      },
      {
        "real": 1.714456353427874e+19,
        "imag": 1.3756839004010082e+19
      }
    ],
    [
      {
        "real": -276344943231130.9,
        "imag": -123275032318643.89
      },
      {
        "real": -1.7143999848499923e+19,
        "imag": 6.678272167188265e+18
      }
    ],
    [
      {
        "real": -2837485508113857.5,
        "imag": -4717344558897876.0
      },
      {
        "real": 3396063253612733.5,
        "imag": 1.895004681033258e+16
      }
    ]
  ]
}