{
  "attrs": {},
  "name": "SCP_M1",
  "frequency_range": null,
  "allow_gain": false,
  "nonlinear_spec": null,
  "modulation_spec": null,
  "viz_spec": null,
  "heat_spec": null,
  "type": "PoleResidue",
  "eps_inf": 2.4766929167330596,
  "poles": [
    [
      {
        "real": -32954105390152.06,
        "imag": -85622679785241.89
      },
      {
        "real": 1.1029713531476386e+16,
        "imag": 1.637141417770855e+18
      }
    ]
  ]
}