{
  "attrs": {},
  "name": "CP_M1",
  "frequency_range": null,
  "allow_gain": false,
  "nonlinear_spec": null,
  "modulation_spec": null,
  "viz_spec": null,
  "heat_spec": null,
  "type": "PoleResidue",
  "eps_inf": 2.5284777604138844,
  "poles": [
    [
      {
        "real": -9800321607308.156,
        "imag": -502409983608895.0
      },
      {
        "real": 1.1272087210355314e+16,
        "imag": 2.7344906390170323e+17
      }
    ]
  ]
}