{
  "attrs": {},
  "name": "SCP_M3",
  "frequency_range": null,
  "allow_gain": false,
  "nonlinear_spec": null,
  "modulation_spec": null,
  "viz_spec": null,
  "heat_spec": null,
  "type": "PoleResidue",
  "eps_inf": 0.3057492819043706,
  "poles": [
    [
      {
        "real": -15826264498173.738,
        "imag": -90937406344295.12
      },
      {
        "real": 1353751803429259.8,
        "imag": 1.7983085511054497e+18
      }
    ],
    [
      {
        "real": -2637689735912143.5,
        "imag": -5047301613980627.0
      },
      {
        "real": -5785661329589977.0,
        "imag": 1.2937590460431398e+16
      }
    ],
    [
      {
        "real": -4774589150884456.0,
        "imag": -524102604099319.4
      },
      {
        "real": 2.556432055661881e+16,
        "imag": -1.4007963724430626e+17
      }
    ]
  ]
}