{
  "attrs": {},
  "name": "CP_M3",
  "frequency_range": null,
  "allow_gain": false,
  "nonlinear_spec": null,
  "modulation_spec": null,
  "viz_spec": null,
  "heat_spec": null,
  "type": "PoleResidue",
  "eps_inf": 2.310529835049723,
  "poles": [
    [
      {
        "real": -199306207166100.06,
        "imag": -175672390347184.56
      },
      {
        "real": -3.4696586355875364e+18,
        "imag": 3.5958171425860777e+18
      }
    ],
    [
      {
        "real": -325083864230647.44,
        "imag": -177493390284568.62
      },
      {
        "real": 3.471627464556393e+18,
        "imag": -1.8357632791885552e+17
      }
    ],
    [
      {
        "real": -2700659452950653.0,
        "imag": -4798276294351087.0
      },
      {
        "real": 2625693207596801.5,
        "imag": 1.6898882385716452e+16
      }
    ]
  ]
}