{
  "attrs": {},
  "name": "SCP_M2",
  "frequency_range": null,
  "allow_gain": false,
  "nonlinear_spec": null,
  "modulation_spec": null,
  "viz_spec": null,
  "heat_spec": null,
  "type": "PoleResidue",
  "eps_inf": 1.6053426835892213,
  "poles": [
    [
      {
        "real": -13094016334330.803,
        "imag": -93701138731836.83
      },
      {
        "real": 1267712648390312.8,
        "imag": 1.7472092483325138e+18
      }
    ],
    [
      {
        "real": -2686659045441296.0,
        "imag": -4359291829135785.0
      },
      {
        "real": 7100344732778404.0,
        "imag": 1.5652511771382048e+16
      }
    ]
  ]
}