{
  "attrs": {},
  "name": "SCP_M1",
  "frequency_range": null,
  "allow_gain": false,
  "nonlinear_spec": null,
  "modulation_spec": null,
  "viz_spec": null,
  "heat_spec": null,
  "type": "PoleResidue",
  "eps_inf": 2.554101249430386,
  "poles": [
    [
      {
        "real": -10659667748693.625,
        "imag": -488040482286424.75
      },
      {
        "real": 1.1248324166328936e+16,
        "imag": 2.8332804877860483e+17
      }
    ]
  ]
}