{
  "attrs": {},
  "name": "CP_M2",
  "frequency_range": null,
  "allow_gain": false,
  "nonlinear_spec": null,
  "modulation_spec": null,
  "viz_spec": null,
  "heat_spec": null,
  "type": "PoleResidue",
  "eps_inf": 2.1904050006627167,
  "poles": [
    [
      {
        "real": -254932370322083.34,
        "imag": -5151344977823326.0
      },
      {
        "real": 5173133845210722.0,
        "imag": 5911916863402048.0
      }
    ],
    [
      {
        "real": -621474638734024.5,
        "imag": -6562583401642536.0
      },
      {
        "real": -5155256259879128.0,
        "imag": 2.518315951518182e+16
      }
    ]
  ]
}