{
  "attrs": {},
  "name": "CP_M3",
  "frequency_range": null,
  "allow_gain": false,
  "nonlinear_spec": null,
  "modulation_spec": null,
  "viz_spec": null,
  "heat_spec": null,
  "type": "PoleResidue",
  "eps_inf": 2.8671836615378234,
  "poles": [
    [
      {
        "real": -243717783553132.22,
        "imag": -5133174141225560.0
      },
      {
        "real": 3429774319234875.5,
        "imag": 4693829116095495.0
      }
    ],
    [
      {
        "real": -583261914801068.4,
        "imag": -5588744192043469.0
      },
      {
        "real": 2934148421404719.5,
        "imag": 6276516467998707.0
      }
    ],
    [
      {
        "real": -430087952066926.56,
        "imag": -6574522416720333.0
      },
      {
        "real": -5512029697440142.0,
        "imag": 1.6402606050275132e+16
      }
    ]
  ]
}