{
  "attrs": {},
  "name": "CP_M2",
  "frequency_range": null,
  "allow_gain": false,
  "nonlinear_spec": null,
  "modulation_spec": null,
  "viz_spec": null,
  "heat_spec": null,
  "type": "PoleResidue",
  "eps_inf": 2.1916653749174446,
  "poles": [
    [
      {
        "real": -254913549287138.84,
        "imag": -5150481929173311.0
      },
      {
        "real": 5184336866046377.0,
        "imag": 5895869632456962.0
      }
    ],
    [
      {
        "real": -623065480048298.8,
        "imag": -6562809773924358.0
      },
      {
        "real": -5171568963332428.0,
        "imag": 2.5205573250653476e+16
      }
    ]
  ],
  "model_family": "CP",
  "order_N": 2
}