{
  "attrs": {},
  "name": "RP_M3",
  "frequency_range": null,
  "allow_gain": false,
  "nonlinear_spec": null,
  "modulation_spec": null,
  "viz_spec": null,
  "heat_spec": null,
  "type": "PoleResidue",
  "eps_inf": 1.7992545376648572,
  "poles": [
    [
      {
        "real": -1426370147981918.5,
        "imag": 7718265737297044.0
      },
      {
        "real": -160389324824.27002,
        "imag": -1758611638866679.5
      }
    ],
    [
      {
        "real": -223514627101334.9,
        "imag": 0.6301529420905736
      },
      {
        "real": 806627420530377.6,
        "imag": -4.2692642205281793e+24
      }
    ],
    [
      {
        "real": -1.4842955391431348e+16,
        "imag": 0.47010634689253417
      },
      {
        "real": -793126062200197.8,
        "imag": 1.1809027928596004e+26
      }
    ]
  ],
  "model_family": "RP",
  "order_N": 3
}