{
  "attrs": {},
  "name": "RP_M2",
  "frequency_range": null,
  "allow_gain": false,
  "nonlinear_spec": null,
  "modulation_spec": null,
  "viz_spec": null,
  "heat_spec": null,
  "type": "PoleResidue",
  "eps_inf": 1.710182938925431,
  "poles": [
    [
      {
        "real": -1486462229431553.8,
        "imag": 7578679277414796.0
      },
      {
        "real": 189863228092917.5,
        "imag": -1635330800527485.2
      }
    ],
    [
      {
        "real": -220758702870632.38,
        "imag": 0.36295631557402325
      },
      {
        "real": 803642686630084.2,
        "imag": 2.3538448207551097e+27
      }
    ]
  ],
  "model_family": "RP",
  "order_N": 2
}