{
  "attrs": {},
  "name": "SCP_M1",
  "frequency_range": null,
  "allow_gain": false,
  "nonlinear_spec": null,
  "modulation_spec": null,
  "viz_spec": null,
  "heat_spec": null,
  "type": "PoleResidue",
  "eps_inf": 1.3892404786374273,
  "poles": [
    [
      {
        "real": -1597816960553123.8,
        "imag": -4086477651304631.5
      },
      {
        "real": 8248392076793257.0,
        "imag": 1.976176380128172e+16
      }
    ]
  ]
}