{
  "attrs": {},
  "name": "CP_M3",
  "frequency_range": null,
  "allow_gain": false,
  "nonlinear_spec": null,
  "modulation_spec": null,
  "viz_spec": null,
  "heat_spec": null,
  "type": "PoleResidue",
  "eps_inf": 0.585218178512449,
  "poles": [
    [
      {
        "real": -1283154479326515.0,
        "imag": -1144498072679427.2
      },
      {
        "real": 5075807226497059.0,
        "imag": -317506370934858.1
      }
    ],
    [
      {
        "real": -457754011074550.4,
        "imag": -4223249952062201.5
      },
      {
        "real": 732774023263653.9,
        "imag": 7795355655888541.0
      }
    ],
    [
      {
        "real": -1255569131929931.2,
        "imag": -6451912506113205.0
      },
      {
        "real": 1185915788896578.5,
        "imag": 1.0726904197435692e+16
      }
    ]
  ]
}