{
  "attrs": {},
  "name": "SCP_M1",
  "frequency_range": null,
  "allow_gain": false,
  "nonlinear_spec": null,
  "modulation_spec": null,
  "viz_spec": null,
  "heat_spec": null,
  "type": "PoleResidue",
  "eps_inf": 1.3890038899621362,
  "poles": [
    [
      {
        "real": -1597851877318731.8,
        "imag": -4086455251906216.5
      },
      {
        "real": 8249125097394431.0,
        "imag": 1.9761949505011972e+16
      }
    ]
  ]
}