{
  "attrs": {},
  "name": "CP_M3",
  "frequency_range": null,
  "allow_gain": false,
  "nonlinear_spec": null,
  "modulation_spec": null,
  "viz_spec": null,
  "heat_spec": null,
  "type": "PoleResidue",
  "eps_inf": 0.49354436137458274,
  "poles": [
    [
      {
        "real": -1305256697738662.5,
        "imag": -1134697703636907.5
      },
      {
        "real": 5257017685543389.0,
        "imag": -452151069937861.2
      }
    ],
    [
      {
        "real": -457677227532566.8,
        "imag": -4223814015744821.5
      },
      {
        "real": 743164268991741.0,
        "imag": 7789225333841617.0
      }
    ],
    [
      {
        "real": -1262032110500305.5,
        "imag": -6440341884010296.0
      },
      {
        "real": 1423707964706080.0,
        "imag": 1.0656110033047002e+16
      }
    ]
  ]
}