{
  "attrs": {},
  "name": "RP_M1",
  "frequency_range": null,
  "allow_gain": false,
  "nonlinear_spec": null,
  "modulation_spec": null,
  "viz_spec": null,
  "heat_spec": null,
  "type": "PoleResidue",
  "eps_inf": 4.704787756595611,
  "poles": [
    [
      {
        "real": -714608787710452.0,
        "imag": -4244946200821356.0
      },
      {
        "real": 1050732953202280.2,
        "imag": 1.3368682237805686e+16
      }
    ]
  ]
}