{
  "attrs": {},
  "name": "SCP_M2",
  "frequency_range": null,
  "allow_gain": false,
  "nonlinear_spec": null,
  "modulation_spec": null,
  "viz_spec": null,
  "heat_spec": null,
  "type": "PoleResidue",
  "eps_inf": 0.35583509699227905,
  "poles": [
    [
      {
        "real": -2229062445598615.0,
        "imag": -3028948800201939.5
      },
      {
        "real": 1.6283302377561806e+16,
        "imag": 1.2728508581800368e+16
      }
    ],
    [
      {
        "real": -277089985602293.3,
        "imag": -4154962563862064.5
      },
      {
        "real": 1710626162728343.8,
        "imag": 3077029506066276.0
      }
    ]
  ]
}