{
  "attrs": {},
  "name": "SCP_M3",
  "frequency_range": null,
  "allow_gain": false,
  "nonlinear_spec": null,
  "modulation_spec": null,
  "viz_spec": null,
  "heat_spec": null,
  "type": "PoleResidue",
  "eps_inf": 5.517240925859901,
  "poles": [
    [
      {
        "real": -110607780731.51895,
        "imag": -94188258447066.94
      },
      {
        "real": -1.413234935313766e+16,
        "imag": 5.2429074271916294e+17
      }
    ],
    [
      {
        "real": -1466383853006597.8,
        "imag": -1212168762779152.2
      },
      {
        "real": -1.2059557370545418e+16,
        "imag": 8.014976213840042e+16
      }
    ],
    [
      {
        "real": -2113077227714972.0,
        "imag": -2937414503037091.5
      },
      {
        "real": 2.8581602732598476e+16,
        "imag": 3.0588206719923856e+16
      }
    ]
  ]
}