{
  "attrs": {},
  "name": "CP_M2",
  "frequency_range": null,
  "allow_gain": false,
  "nonlinear_spec": null,
  "modulation_spec": null,
  "viz_spec": null,
  "heat_spec": null,
  "type": "PoleResidue",
  "eps_inf": 2.1861111746095094,
  "poles": [
    [
      {
        "real": -120139160517484.25,
        "imag": -85622679776929.1
      },
      {
        "real": 1.7541644715193946e+16,
        "imag": 3.0578789945895904e+17
      }
    ],
    [
      {
        "real": -1663693269390199.5,
        "imag": -3633406385122252.5
      },
      {
        "real": -1027708328731400.5,
        "imag": 1.066051024611188e+16
      }
    ]
  ]
}