{
  "attrs": {},
  "name": "CP_M2",
  "frequency_range": null,
  "allow_gain": false,
  "nonlinear_spec": null,
  "modulation_spec": null,
  "viz_spec": null,
  "heat_spec": null,
  "type": "PoleResidue",
  "eps_inf": 1.9327575183587278,
  "poles": [
    [
      {
        "real": -81172780044493.16,
        "imag": -205095327188824.8
      },
      {
        "real": 1.8952185871803304e+16,
        "imag": 1.1246723417716016e+17
      }
    ],
    [
      {
        "real": -1412125653072334.5,
        "imag": -3796613658645406.5
      },
      {
        "real": -1148483215219752.5,
        "imag": 7956819384685142.0
      }
    ]
  ]
}