{
  "attrs": {},
  "name": "SCP_M2",
  "frequency_range": null,
  "allow_gain": false,
  "nonlinear_spec": null,
  "modulation_spec": null,
  "viz_spec": null,
  "heat_spec": null,
  "type": "PoleResidue",
  "eps_inf": 4.335895556845816,
  "poles": [
    [
      {
        "real": -2200138049076.134,
        "imag": -85666755842997.02
      },
      {
        "real": 1.7724823839650526e+16,
        "imag": 2.970481543274385e+17
      }
    ],
    [
      {
        "real": -2576537093387050.5,
        "imag": -3875598560978365.0
      },
      {
        "real": -9707706046496610.0,
        "imag": 1.952182221686306e+16
      }
    ]
  ]
}