{
  "attrs": {},
  "name": "RP_M3",
  "frequency_range": null,
  "allow_gain": false,
  "nonlinear_spec": null,
  "modulation_spec": null,
  "viz_spec": null,
  "heat_spec": null,
  "type": "PoleResidue",
  "eps_inf": 0.6257671733825986,
  "poles": [
    [
      {
        "real": -1329702282217541.5,
        "imag": 4070377148506632.0
      },
      {
        "real": 4286614627908742.5,
        "imag": -1.188676605272032e+16
      }
    ],
    [
      {
        "real": -555123044572426.56,
        "imag": 3123481095432048.0
      },
      {
        "real": -1800525180314096.5,
        "imag": -2501496158878614.5
      }
    ],
    [
      {
        "real": -548414179102980.6,
        "imag": 679576698707286.0
      },
      {
        "real": 7463319547758484.0,
        "imag": -5.761442598045082e+16
      }
    ]
  ],
  "model_family": "RP",
  "order_N": 3
}