{
  "attrs": {},
  "name": "CP_M3",
  "frequency_range": null,
  "allow_gain": false,
  "nonlinear_spec": null,
  "modulation_spec": null,
  "viz_spec": null,
  "heat_spec": null,
  "type": "PoleResidue",
  "eps_inf": 0.9222439118694399,
  "poles": [
    [
      {
        "real": -322900915219992.25,
        "imag": -85622679776929.1
      },
      {
        "real": 1.6902140128211238e+16,
        "imag": 1.290477279806544e+17
      }
    ],
    [
      {
        "real": -2475501594011592.5,
        "imag": -1537261855762280.2
      },
      {
        "real": -1.712399895884384e+16,
        "imag": 2.621089596640172e+16
      }
    ],
    [
      {
        "real": -1269359170761512.8,
        "imag": -3572508864574242.0
      },
      {
        "real": 208580468510283.7,
        "imag": 2758445525580383.0
      }
    ]
  ]
}