{
  "attrs": {},
  "name": "SCP_M3",
  "frequency_range": null,
  "allow_gain": false,
  "nonlinear_spec": null,
  "modulation_spec": null,
  "viz_spec": null,
  "heat_spec": null,
  "type": "PoleResidue",
  "eps_inf": 0.9087969341233595,
  "poles": [
    [
      {
        "real": -90930928797379.75,
        "imag": -85628602689730.39
      },
      {
        "real": 1.7204002186617694e+16,
        "imag": 6.347270741021282e+16
      }
    ],
    [
      {
        "real": -2177103691397968.8,
        "imag": -1499611582127449.0
      },
      {
        "real": -1.7453555196686436e+16,
        "imag": 2.6862846819996136e+16
      }
    ],
    [
      {
        "real": -1248752375739123.2,
        "imag": -3500304458266364.0
      },
      {
        "real": 828380214031241.6,
        "imag": 3380279100304782.5
      }
    ]
  ]
}