{
  "attrs": {},
  "name": "SCP_M2",
  "frequency_range": null,
  "allow_gain": false,
  "nonlinear_spec": null,
  "modulation_spec": null,
  "viz_spec": null,
  "heat_spec": null,
  "type": "PoleResidue",
  "eps_inf": 0.5377410951984558,
  "poles": [
    [
      {
        "real": -361915319818015.3,
        "imag": -85693589615777.25
      },
      {
        "real": 1.9451905579055652e+16,
        "imag": 1.279449553439901e+17
      }
    ],
    [
      {
        "real": -2971287840677289.0,
        "imag": -3809744270879107.5
      },
      {
        "real": -1.5767021646910584e+16,
        "imag": 726791972999446.2
      }
    ]
  ]
}