{
  "attrs": {},
  "name": "CP_M1",
  "frequency_range": null,
  "allow_gain": false,
  "nonlinear_spec": null,
  "modulation_spec": null,
  "viz_spec": null,
  "heat_spec": null,
  "type": "PoleResidue",
  "eps_inf": 1.4371963584109442,
  "poles": [
    [
      {
        "real": -1948309469492151.5,
        "imag": -3278162499634052.5
      },
      {
        "real": 2.889948276082374e+16,
        "imag": 2.5102880694717076e+16
      }
    ]
  ]
}