{
  "attrs": {},
  "name": "CP_M3",
  "frequency_range": null,
  "allow_gain": false,
  "nonlinear_spec": null,
  "modulation_spec": null,
  "viz_spec": null,
  "heat_spec": null,
  "type": "PoleResidue",
  "eps_inf": 6.868546093589855,
  "poles": [
    [
      {
        "real": -67553202362344.81,
        "imag": -2355381139895587.5
      },
      {
        "real": 105909586018307.73,
        "imag": 212103520776474.6
      }
    ],
    [
      {
        "real": -1491995331538091.5,
        "imag": -3217168029298535.0
      },
      {
        "real": 1.0371704014757816e+16,
        "imag": 3.1843742359680084e+16
      }
    ],
    [
      {
        "real": -560454266842306.44,
        "imag": -3220712527494304.5
      },
      {
        "real": 3503772820257521.5,
        "imag": -5165255947948072.0
      }
    ]
  ]
}