{
  "attrs": {},
  "name": "CP_M2",
  "frequency_range": null,
  "allow_gain": false,
  "nonlinear_spec": null,
  "modulation_spec": null,
  "viz_spec": null,
  "heat_spec": null,
  "type": "PoleResidue",
  "eps_inf": 1.3914033297874067,
  "poles": [
    [
      {
        "real": -208018988101547.5,
        "imag": -4241805654356400.0
      },
      {
        "real": 1252599628780209.5,
        "imag": 1446141435047005.2
      }
    ],
    [
      {
        "real": -986294733741391.2,
        "imag": -4821340502417614.0
      },
      {
        "real": 1173039755913587.8,
        "imag": 1.3154831843157618e+16
      }
    ]
  ]
}