{
  "attrs": {},
  "name": "SCP_M3",
  "frequency_range": null,
  "allow_gain": false,
  "nonlinear_spec": null,
  "modulation_spec": null,
  "viz_spec": null,
  "heat_spec": null,
  "type": "PoleResidue",
  "eps_inf": 0.7166182422450156,
  "poles": [
    [
      {
        "real": -98376125577319.42,
        "imag": -3490054106464400.0
      },
      {
        "real": 356207717463054.94,
        "imag": -474405575094793.06
      }
    ],
    [
      {
        "real": -164293886849794.56,
        "imag": -4222083438910230.5
      },
      {
        "real": 1522260131904667.5,
        "imag": 421927208026936.3
      }
    ],
    [
      {
        "real": -1332404416117051.8,
        "imag": -4760738815494250.0
      },
      {
        "real": -1003484650402121.8,
        "imag": 1.8958277676862656e+16
      }
    ]
  ]
}