{
  "attrs": {},
  "name": "CP_M3",
  "frequency_range": null,
  "allow_gain": false,
  "nonlinear_spec": null,
  "modulation_spec": null,
  "viz_spec": null,
  "heat_spec": null,
  "type": "PoleResidue",
  "eps_inf": 1.9701638323981396,
  "poles": [
    [
      {
        "real": -146099163943712.66,
        "imag": -3582574766937135.5
      },
      {
        "real": 417295795446812.9,
        "imag": 70483313828450.34
      }
    ],
    [
      {
        "real": -208018988101547.5,
        "imag": -4241805654356400.0
      },
      {
        "real": 1534670112141718.0,
        "imag": 1002848923312949.2
      }
    ],
    [
      {
        "real": -986294733741391.2,
        "imag": -4821340502417614.0
      },
      {
        "real": -778320445668936.8,
        "imag": 1.2871044254788904e+16
      }
    ]
  ]
}