{
  "attrs": {},
  "name": "SCP_M1",
  "frequency_range": null,
  "allow_gain": false,
  "nonlinear_spec": null,
  "modulation_spec": null,
  "viz_spec": null,
  "heat_spec": null,
  "type": "PoleResidue",
  "eps_inf": 1.893662806257624,
  "poles": [
    [
      {
        "real": -692281915552367.8,
        "imag": -4546226983024909.0
      },
      {
        "real": 2956902728637438.5,
        "imag": 1.2095097286854882e+16
      }
    ]
  ]
}