{
  "attrs": {},
  "name": "SCP_M3",
  "frequency_range": null,
  "allow_gain": false,
  "nonlinear_spec": null,
  "modulation_spec": null,
  "viz_spec": null,
  "heat_spec": null,
  "type": "PoleResidue",
  "eps_inf": 1.3689377414716466,
  "poles": [
    [
      {
        "real": -1037264333937786.2,
        "imag": -85626079550944.95
      },
      {
        "real": -10288800419926.85,
        "imag": 354361411414626.3
      }
    ],
    [
      {
        "real": -1093356098314162.4,
        "imag": -4855028830285319.0
      },
      {
        "real": -3201839730325705.5,
        "imag": -1911017107162652.5
      }
    ],
    [
      {
        "real": -424657566453956.44,
        "imag": -5740771599586557.0
      },
      {
        "real": 7845652083115697.0,
        "imag": 3.211265197364344e+16
      }
    ]
  ]
}