{
  "attrs": {},
  "name": "SCP_M2",
  "frequency_range": null,
  "allow_gain": false,
  "nonlinear_spec": null,
  "modulation_spec": null,
  "viz_spec": null,
  "heat_spec": null,
  "type": "PoleResidue",
  "eps_inf": 4.356163651972631,
  "poles": [
    [
      {
        "real": -1728746731246742.0,
        "imag": -4832358872888005.0
      },
      {
        "real": -2022074748373360.2,
        "imag": -620339919473341.2
      }
    ],
    [
      {
        "real": -209128598759605.84,
        "imag": -5556489372656072.0
      },
      {
        "real": 3075280924532754.0,
        "imag": 2.2584870603253176e+16
      }
    ]
  ]
}