{
  "attrs": {},
  "name": "CP_M1",
  "frequency_range": null,
  "allow_gain": false,
  "nonlinear_spec": null,
  "modulation_spec": null,
  "viz_spec": null,
  "heat_spec": null,
  "type": "PoleResidue",
  "eps_inf": 0.7189335425882517,
  "poles": [
    [
      {
        "real": -6283185307.179586,
        "imag": -7022814580227534.0
      },
      {
        "real": 32720998058.8103,
        "imag": 1.7911097964803696e+16
      }
    ]
  ]
}