{
  "attrs": {},
  "name": "SCP_M1",
  "frequency_range": null,
  "allow_gain": false,
  "nonlinear_spec": null,
  "modulation_spec": null,
  "viz_spec": null,
  "heat_spec": null,
  "type": "PoleResidue",
  "eps_inf": 0.827419745990192,
  "poles": [
    [
      {
        "real": -6283185307.807905,
        "imag": -7022814580227534.0
      },
      {
        "real": 32142225188.230507,
        "imag": 1.7606877258475352e+16
      }
    ]
  ]
}