{
  "attrs": {},
  "name": "SCP_M3",
  "frequency_range": null,
  "allow_gain": false,
  "nonlinear_spec": null,
  "modulation_spec": null,
  "viz_spec": null,
  "heat_spec": null,
  "type": "PoleResidue",
  "eps_inf": 5.080639558427924,
  "poles": [
    [
      {
        "real": -132787922223.55757,
        "imag": -2365429885527601.5
      },
      {
        "real": -9262745300.259233,
        "imag": 1983857867705.4854
      }
    ],
    [
      {
        "real": -2986980800063908.5,
        "imag": -1.0721977941253494e+16
      },
      {
        "real": 2172348055019892.0,
        "imag": 3600820698097306.5
      }
    ],
    [
      {
        "real": -2986980735149327.5,
        "imag": -1.0721974388521086e+16
      },
      {
        "real": 2172347824987003.2,
        "imag": 3600753702242475.0
      }
    ]
  ]
}