{
  "attrs": {},
  "name": "RP_M1",
  "frequency_range": null,
  "allow_gain": false,
  "nonlinear_spec": null,
  "modulation_spec": null,
  "viz_spec": null,
  "heat_spec": null,
  "type": "PoleResidue",
  "eps_inf": 0.8039409549232217,
  "poles": [
    [
      {
        "real": -0.04834865706957538,
        "imag": -7030333111228731.0
      },
      {
        "real": -1357537618.5893254,
        "imag": 1.770318017910212e+16
      }
    ]
  ]
}