{
  "attrs": {},
  "name": "SCP_M3",
  "frequency_range": null,
  "allow_gain": false,
  "nonlinear_spec": null,
  "modulation_spec": null,
  "viz_spec": null,
  "heat_spec": null,
  "type": "PoleResidue",
  "eps_inf": 1.5025291949983663,
  "poles": [
    [
      {
        "real": -684231374443384.9,
        "imag": -5699654039582902.0
      },
      {
        "real": 288647304957740.2,
        "imag": -498093561179975.8
      }
    ],
    [
      {
        "real": -1001901560549714.5,
        "imag": -6783818649393857.0
      },
      {
        "real": 3751905978341880.5,
        "imag": 3149928026111223.0
      }
    ],
    [
      {
        "real": -2816698364876414.0,
        "imag": -9493617624610936.0
      },
      {
        "real": 491505127046940.44,
        "imag": 1.3102055615265232e+16
      }
    ]
  ]
}