{
  "attrs": {},
  "name": "CP_M2",
  "frequency_range": null,
  "allow_gain": false,
  "nonlinear_spec": null,
  "modulation_spec": null,
  "viz_spec": null,
  "heat_spec": null,
  "type": "PoleResidue",
  "eps_inf": 2.4499205542304465,
  "poles": [
    [
      {
        "real": -917754604809454.1,
        "imag": -5987142871175868.0
      },
      {
        "real": 1438902701514608.2,
        "imag": -1068307821182997.6
      }
    ],
    [
      {
        "real": -1063547265196679.9,
        "imag": -7810421482023609.0
      },
      {
        "real": 151643194387906.3,
        "imag": 1.1185536908725864e+16
      }
    ]
  ]
}