{
  "attrs": {},
  "name": "SCP_M3",
  "frequency_range": null,
  "allow_gain": false,
  "nonlinear_spec": null,
  "modulation_spec": null,
  "viz_spec": null,
  "heat_spec": null,
  "type": "PoleResidue",
  "eps_inf": 1.500914942350558,
  "poles": [
    [
      {
        "real": -684220640479653.0,
        "imag": -5699741586446494.0
      },
      {
        "real": 289087646030587.8,
        "imag": -497881817240519.4
      }
    ],
    [
      {
        "real": -1001908244490109.2,
        "imag": -6784155086557812.0
      },
      {
        "real": 3754970768985937.5,
        "imag": 3150798945858926.0
      }
    ],
    [
      {
        "real": -2823200526866699.5,
        "imag": -9491002558154464.0
      },
      {
        "real": 506396131710944.4,
        "imag": 1.3105362606316326e+16
      }
    ]
  ]
}