{
  "attrs": {},
  "name": "CP_M3",
  "frequency_range": null,
  "allow_gain": false,
  "nonlinear_spec": null,
  "modulation_spec": null,
  "viz_spec": null,
  "heat_spec": null,
  "type": "PoleResidue",
  "eps_inf": 1.4950723968416524,
  "poles": [
    [
      {
        "real": -684296842816931.1,
        "imag": -5688514186243549.0
      },
      {
        "real": 276063366116647.88,
        "imag": -482299411455186.7
      }
    ],
    [
      {
        "real": -1003772072012485.6,
        "imag": -6797019946432489.0
      },
      {
        "real": 3856394748887570.5,
        "imag": 3189877138108905.0
      }
    ],
    [
      {
        "real": -2822758360998637.5,
        "imag": -9490667395891742.0
      },
      {
        "real": 350078320399262.56,
        "imag": 1.3076920944166708e+16
      }
    ]
  ]
}