{
  "attrs": {},
  "name": "CP_M3",
  "frequency_range": null,
  "allow_gain": false,
  "nonlinear_spec": null,
  "modulation_spec": null,
  "viz_spec": null,
  "heat_spec": null,
  "type": "PoleResidue",
  "eps_inf": 1.9356706433192312,
  "poles": [
    [
      {
        "real": -724293902981044.2,
        "imag": -5497062547679846.0
      },
      {
        "real": -216797647174455.94,
        "imag": -441224883749881.0
      }
    ],
    [
      {
        "real": -1179879935254955.5,
        "imag": -6564823020089726.0
      },
      {
        "real": 5249541439572518.0,
        "imag": 2460815323545999.0
      }
    ],
    [
      {
        "real": -2017892819357943.5,
        "imag": -1.0047493407801818e+16
      },
      {
        "real": -4891514454499147.0,
        "imag": 1.250216850162912e+16
      }
    ]
  ]
}