{
  "attrs": {},
  "name": "RP_M2",
  "frequency_range": null,
  "allow_gain": false,
  "nonlinear_spec": null,
  "modulation_spec": null,
  "viz_spec": null,
  "heat_spec": null,
  "type": "PoleResidue",
  "eps_inf": 2.5416170723380973,
  "poles": [
    [
      {
        "real": -1003026237150502.9,
        "imag": -7786665090010201.0
      },
      {
        "real": 2275601792296.7046,
        "imag": 1.0668077024292406e+16
      }
    ],
    [
      {
        "real": -890449719449657.9,
        "imag": -5978875351645313.0
      },
      {
        "real": 1397761184450065.8,
        "imag": -942428367285018.6
      }
    ]
  ]
}