{
  "attrs": {},
  "name": "SCP_M2",
  "frequency_range": null,
  "allow_gain": false,
  "nonlinear_spec": null,
  "modulation_spec": null,
  "viz_spec": null,
  "heat_spec": null,
  "type": "PoleResidue",
  "eps_inf": 2.339940430658201,
  "poles": [
    [
      {
        "real": -851438672013163.0,
        "imag": -6246162083804057.0
      },
      {
        "real": 2579584246507240.5,
        "imag": -186255096567113.3
      }
    ],
    [
      {
        "real": -1266166678571579.0,
        "imag": -8242391133407045.0
      },
      {
        "real": -1142109383152331.2,
        "imag": 1.1123104181280882e+16
      }
    ]
  ],
  "model_family": "SCP",
  "order_N": 2
}