{
  "attrs": {},
  "name": "CP_M2",
  "frequency_range": null,
  "allow_gain": false,
  "nonlinear_spec": null,
  "modulation_spec": null,
  "viz_spec": null,
  "heat_spec": null,
  "type": "PoleResidue",
  "eps_inf": 3.9510031395050014,
  "poles": [
    [
      {
        "real": -987025380953543.8,
        "imag": -3573935571712608.5
      },
      {
        "real": 6339440164358628.0,
        "imag": 1.8845736086397816e+16
      }
    ],
    [
      {
        "real": -485064569357217.1,
        "imag": -4674167520872606.0
      },
      {
        "real": 994156130245774.4,
        "imag": 5749011804341598.0
      }
    ]
  ]
}