{
  "attrs": {},
  "name": "SCP_M1",
  "frequency_range": null,
  "allow_gain": false,
  "nonlinear_spec": null,
  "modulation_spec": null,
  "viz_spec": null,
  "heat_spec": null,
  "type": "PoleResidue",
  "eps_inf": 0.25225975510694926,
  "poles": [
    [
      {
        "real": -1350359899215923.5,
        "imag": -3639815815121757.5
      },
      {
        "real": 1.762343530673046e+16,
        "imag": 2.8119255529096016e+16
      }
    ]
  ]
}