{
  "attrs": {},
  "name": "SCP_M3",
  "frequency_range": null,
  "allow_gain": false,
  "nonlinear_spec": null,
  "modulation_spec": null,
  "viz_spec": null,
  "heat_spec": null,
  "type": "PoleResidue",
  "eps_inf": 5.987875747288196,
  "poles": [
    [
      {
        "real": -678579317250756.4,
        "imag": -855838239759299.1
      },
      {
        "real": -6678240010152315.0,
        "imag": 1.156238050654444e+16
      }
    ],
    [
      {
        "real": -968213305990511.5,
        "imag": -3576577537550491.5
      },
      {
        "real": 8211711556481803.0,
        "imag": 2.1627716062830532e+16
      }
    ],
    [
      {
        "real": -473424861954022.94,
        "imag": -4673291242646118.0
      },
      {
        "real": 1111525832304143.5,
        "imag": 5373036165118113.0
      }
    ]
  ]
}