{
  "attrs": {},
  "name": "CP_M3",
  "frequency_range": null,
  "allow_gain": false,
  "nonlinear_spec": null,
  "modulation_spec": null,
  "viz_spec": null,
  "heat_spec": null,
  "type": "PoleResidue",
  "eps_inf": 2.063076374449023,
  "poles": [
    [
      {
        "real": -683060745870128.0,
        "imag": -7737275765162011.0
      },
      {
        "real": 3959856917667383.0,
        "imag": 1188063785891638.2
      }
    ],
    [
      {
        "real": -2570927217338305.5,
        "imag": -8966681014928856.0
      },
      {
        "real": 2664211190673222.0,
        "imag": 1.0565249160685708e+16
      }
    ],
    [
      {
        "real": -6801132825476384.0,
        "imag": -9605756351242720.0
      },
      {
        "real": -6018236540529506.0,
        "imag": 1232902192780094.5
      }
    ]
  ]
}