{
  "attrs": {},
  "name": "CP_M3",
  "frequency_range": null,
  "allow_gain": false,
  "nonlinear_spec": null,
  "modulation_spec": null,
  "viz_spec": null,
  "heat_spec": null,
  "type": "PoleResidue",
  "eps_inf": 0.6384516383933226,
  "poles": [
    [
      {
        "real": -3535650371604613.0,
        "imag": -5655024508975936.0
      },
      {
        "real": -590093458500026.6,
        "imag": -843627655352418.8
      }
    ],
    [
      {
        "real": -451637169101270.56,
        "imag": -7450855201729482.0
      },
      {
        "real": 1915035529635532.5,
        "imag": 1353234988153957.2
      }
    ],
    [
      {
        "real": -5124618229779296.0,
        "imag": -1.052802770008096e+16
      },
      {
        "real": 1.2885360378730012e+16,
        "imag": 1.7470346248074082e+16
      }
    ]
  ],
  "model_family": "CP",
  "order_N": 3
}