{
  "attrs": {},
  "name": "SCP_M1",
  "frequency_range": null,
  "allow_gain": false,
  "nonlinear_spec": null,
  "modulation_spec": null,
  "viz_spec": null,
  "heat_spec": null,
  "type": "PoleResidue",
  "eps_inf": 12.643337246696097,
  "poles": [
    [
      {
        "real": -6283185307.179587,
        "imag": -107897323609180.39
      },
      {
        "real": 7664418952862744.0,
        "imag": 1.078973235963474e+18
      }
    ]
  ]
}