{
  "attrs": {},
  "name": "SCP_M2",
  "frequency_range": null,
  "allow_gain": false,
  "nonlinear_spec": null,
  "modulation_spec": null,
  "viz_spec": null,
  "heat_spec": null,
  "type": "PoleResidue",
  "eps_inf": 3.534378743540919,
  "poles": [
    [
      {
        "real": -6283185333.929631,
        "imag": -104649941951537.83
      },
      {
        "real": 5997813452411053.0,
        "imag": 9.927511090770732e+17
      }
    ],
    [
      {
        "real": -1086042985713702.5,
        "imag": -3893008709095008.5
      },
      {
        "real": 8555284567096922.0,
        "imag": 1358219892118183.5
      }
    ]
  ]
}