{
  "attrs": {},
  "name": "SCP_M3",
  "frequency_range": null,
  "allow_gain": false,
  "nonlinear_spec": null,
  "modulation_spec": null,
  "viz_spec": null,
  "heat_spec": null,
  "type": "PoleResidue",
  "eps_inf": 2.798309808691568,
  "poles": [
    [
      {
        "real": -8025348504298.877,
        "imag": -104649942120084.3
      },
      {
        "real": 6640896844964049.0,
        "imag": 9.855646506003762e+17
      }
    ],
    [
      {
        "real": -562053049512218.7,
        "imag": -2521292659877292.5
      },
      {
        "real": 672499141621563.0,
        "imag": 185801702244472.56
      }
    ],
    [
      {
        "real": -1106170778174590.5,
        "imag": -3742593789784071.0
      },
      {
        "real": 9634055895262822.0,
        "imag": -1157126803240077.5
      }
    ]
  ]
}