{
  "attrs": {},
  "name": "CP_M2",
  "frequency_range": null,
  "allow_gain": false,
  "nonlinear_spec": null,
  "modulation_spec": null,
  "viz_spec": null,
  "heat_spec": null,
  "type": "PoleResidue",
  "eps_inf": 0.8701683335511277,
  "poles": [
    [
      {
        "real": -33544942662771.164,
        "imag": -710961738373615.5
      },
      {
        "real": 4074839394909454.5,
        "imag": 1.310877120167647e+17
      }
    ],
    [
      {
        "real": -1323047303838741.0,
        "imag": -4004427857559164.0
      },
      {
        "real": 1.1873311738416186e+16,
        "imag": 2944800063797410.0
      }
    ]
  ]
}