{
  "attrs": {},
  "name": "CP_M3",
  "frequency_range": null,
  "allow_gain": false,
  "nonlinear_spec": null,
  "modulation_spec": null,
  "viz_spec": null,
  "heat_spec": null,
  "type": "PoleResidue",
  "eps_inf": 2.5604302799559266,
  "poles": [
    [
      {
        "real": -34608703286156.152,
        "imag": -711267037939230.8
      },
      {
        "real": 1719708451989764.2,
        "imag": 1.3888604802079467e+17
      }
    ],
    [
      {
        "real": -574891450661164.8,
        "imag": -2865103577769170.5
      },
      {
        "real": -915601413651459.9,
        "imag": 551989420508508.56
      }
    ],
    [
      {
        "real": -1322686834610323.8,
        "imag": -4003419251755003.0
      },
      {
        "real": 1.1103437510237506e+16,
        "imag": 5593214308102720.0
      }
    ]
  ],
  "model_family": "CP",
  "order_N": 3
}