{
  "attrs": {},
  "name": "RP_M2",
  "frequency_range": null,
  "allow_gain": false,
  "nonlinear_spec": null,
  "modulation_spec": null,
  "viz_spec": null,
  "heat_spec": null,
  "type": "PoleResidue",
  "eps_inf": 2.4629256738097425,
  "poles": [
    [
      {
        "real": -1067683381702085.1,
        "imag": 3837028215874981.5
      },
      {
        "real": 8610768627817368.0,
        "imag": -1696481328626714.8
      }
    ],
    [
      {
        "real": -55793698830279.81,
        "imag": 582643837465606.4
      },
      {
        "real": 3665691807254462.0,
        "imag": -1.6515929644777014e+17
      }
    ]
  ],
  "model_family": "RP",
  "order_N": 2
}