{
  "attrs": {},
  "name": "SCP_M2",
  "frequency_range": null,
  "allow_gain": false,
  "nonlinear_spec": null,
  "modulation_spec": null,
  "viz_spec": null,
  "heat_spec": null,
  "type": "PoleResidue",
  "eps_inf": 3.5395993946129054,
  "poles": [
    [
      {
        "real": -6283185307.289029,
        "imag": -104649941949679.44
      },
      {
        "real": 5996417379699673.0,
        "imag": 9.928913783082893e+17
      }
    ],
    [
      {
        "real": -1085872626251432.5,
        "imag": -3892964204084044.5
      },
      {
        "real": 8550601846230361.0,
        "imag": 1358891297793338.8
      }
    ]
  ],
  "model_family": "SCP",
  "order_N": 2
}