{
  "attrs": {},
  "name": "CP_M3",
  "frequency_range": null,
  "allow_gain": false,
  "nonlinear_spec": null,
  "modulation_spec": null,
  "viz_spec": null,
  "heat_spec": null,
  "type": "PoleResidue",
  "eps_inf": 1.1475326646883164,
  "poles": [
    [
      {
        "real": -195894907404975.97,
        "imag": -3717313662631339.0
      },
      {
        "real": 1.0855189496328036e+16,
        "imag": 3890371568573337.5
      }
    ],
    [
      {
        "real": -208418720921666.66,
        "imag": -3723801274536348.5
      },
      {
        "real": -1.0571477568925426e+16,
        "imag": -3789685363883232.5
      }
    ],
    [
      {
        "real": -1767780264952437.0,
        "imag": -4125872737444702.0
      },
      {
        "real": 1.690686984647784e+16,
        "imag": 1.7122285405870266e+16
      }
    ]
  ]
}