{
    "attrs": {},
    "name": "CP_selected_M2",
    "frequency_range": null,
    "allow_gain": false,
    "nonlinear_spec": null,
    "modulation_spec": null,
    "viz_spec": null,
    "heat_spec": null,
    "type": "PoleResidue",
    "eps_inf": 0.293108482765443,
    "poles": [
        [
            {
                "real": -903115190489176.9,
                "imag": -3418309707541801.0
            },
            {
                "real": 1333536694130136.0,
                "imag": -6844987318452556.0
            }
        ],
        [
            {
                "real": -1851896620233139.2,
                "imag": -3549251210246115.5
            },
            {
                "real": 2.075197115553998e+16,
                "imag": 2.204273709726728e+16
            }
        ]
    ]
}