{
  "attrs": {},
  "name": "SCP_M1",
  "frequency_range": null,
  "allow_gain": false,
  "nonlinear_spec": null,
  "modulation_spec": null,
  "viz_spec": null,
  "heat_spec": null,
  "type": "PoleResidue",
  "eps_inf": 0.48420694038604667,
  "poles": [
    [
      {
        "real": -2028073270099948.5,
        "imag": -4122771728692221.5
      },
      {
        "real": 2.084358582824683e+16,
        "imag": 1.7278490920064462e+16
      }
    ]
  ]
}