{
  "attrs": {},
  "name": "RP_M3",
  "frequency_range": null,
  "allow_gain": false,
  "nonlinear_spec": null,
  "modulation_spec": null,
  "viz_spec": null,
  "heat_spec": null,
  "type": "PoleResidue",
  "eps_inf": 0.3263214863832522,
  "poles": [
    [
      {
        "real": -1981954322458355.8,
        "imag": -4526915060200345.0
      },
      {
        "real": 1.6111484442219898e+16,
        "imag": 2.0989569629904308e+16
      }
    ],
    [
      {
        "real": -196008296512696.56,
        "imag": -3761362320541386.5
      },
      {
        "real": 1587035101135969.2,
        "imag": 1062189472231543.5
      }
    ],
    [
      {
        "real": -235083168749423.5,
        "imag": -3685058209606452.0
      },
      {
        "real": -530318021099624.06,
        "imag": 424789163079319.3
      }
    ]
  ]
}