{
    "attrs": {},
    "name": "RP_selected_M3",
    "frequency_range": null,
    "allow_gain": false,
    "nonlinear_spec": null,
    "modulation_spec": null,
    "viz_spec": null,
    "heat_spec": null,
    "type": "PoleResidue",
    "eps_inf": 0.3566775686401502,
    "poles": [
        [
            {
                "real": -1971338987610451.2,
                "imag": -4512579992892957.0
            },
            {
                "real": 1.6097647862204422e+16,
                "imag": 2.0850539627796412e+16
            }
        ],
        [
            {
                "real": -196288891872552.16,
                "imag": -3761241648455237.0
            },
            {
                "real": 1550652334496298.2,
                "imag": 1102834294453819.9
            }
        ],
        [
            {
                "real": -234147481207477.53,
                "imag": -3684828885539773.0
            },
            {
                "real": -508501419838773.8,
                "imag": 357552651082859.9
            }
        ]
    ]
}