{
  "attrs": {},
  "name": "RP_M3",
  "frequency_range": null,
  "allow_gain": false,
  "nonlinear_spec": null,
  "modulation_spec": null,
  "viz_spec": null,
  "heat_spec": null,
  "type": "PoleResidue",
  "eps_inf": 2.186168184783912,
  "poles": [
    [
      {
        "real": -18676980797203.18,
        "imag": 3882099041913857.0
      },
      {
        "real": -51026087033468.016,
        "imag": -110741926621756.38
      }
    ],
    [
      {
        "real": -1068247293629251.4,
        "imag": 3793933369755107.0
      },
      {
        "real": 2.8187053515346504e+16,
        "imag": -7894811236946149.0
      }
    ],
    [
      {
        "real": -1103721719648228.9,
        "imag": 3350790369253391.0
      },
      {
        "real": -1.3921771420410698e+16,
        "imag": -7637445232931512.0
      }
    ]
  ],
  "model_family": "RP",
  "order_N": 3
}