{
  "attrs": {},
  "name": "SCP_M3",
  "frequency_range": null,
  "allow_gain": false,
  "nonlinear_spec": null,
  "modulation_spec": null,
  "viz_spec": null,
  "heat_spec": null,
  "type": "PoleResidue",
  "eps_inf": 0.9530649139327734,
  "poles": [
    [
      {
        "real": -1000996397715712.2,
        "imag": -162548034534807.1
      },
      {
        "real": 2.8225226077430637e+17,
        "imag": 1.6253938816890406e+18
      }
    ],
    [
      {
        "real": -1112007460120989.0,
        "imag": -302405929803269.4
      },
      {
        "real": -2.4922033471644544e+17,
        "imag": -1.1684110102757404e+18
      }
    ],
    [
      {
        "real": -444163580550047.56,
        "imag": -3562833050645811.0
      },
      {
        "real": 4547972482285079.0,
        "imag": -726993191947619.6
      }
    ]
  ]
}