{
  "attrs": {},
  "name": "CP_M3",
  "frequency_range": null,
  "allow_gain": false,
  "nonlinear_spec": null,
  "modulation_spec": null,
  "viz_spec": null,
  "heat_spec": null,
  "type": "PoleResidue",
  "eps_inf": 0.8129783771659101,
  "poles": [
    [
      {
        "real": -468632837854148.56,
        "imag": -846102614792559.6
      },
      {
        "real": 7.442922485782085e+16,
        "imag": 7.155639055121275e+16
      }
    ],
    [
      {
        "real": -36499647049475.38,
        "imag": -955701387379679.0
      },
      {
        "real": -7.382518000197374e+16,
        "imag": 5.444522271241862e+16
      }
    ],
    [
      {
        "real": -1628662669262713.5,
        "imag": -3892842488683025.5
      },
      {
        "real": 1.1749297724702684e+16,
        "imag": 1492615558853603.2
      }
    ]
  ]
}