{
  "attrs": {},
  "name": "SCP_M1",
  "frequency_range": null,
  "allow_gain": false,
  "nonlinear_spec": null,
  "modulation_spec": null,
  "viz_spec": null,
  "heat_spec": null,
  "type": "PoleResidue",
  "eps_inf": 4.745296312491791,
  "poles": [
    [
      {
        "real": -50550699573523.79,
        "imag": -483417497675652.0
      },
      {
        "real": 5725102350236287.0,
        "imag": 1.2622624419106565e+17
      }
    ]
  ]
}