{
  "attrs": {},
  "name": "CP_M1",
  "frequency_range": null,
  "allow_gain": false,
  "nonlinear_spec": null,
  "modulation_spec": null,
  "viz_spec": null,
  "heat_spec": null,
  "type": "PoleResidue",
  "eps_inf": 5.916729061286759,
  "poles": [
    [
      {
        "real": -84475995370884.08,
        "imag": -375059497554232.75
      },
      {
        "real": 5291925551541220.0,
        "imag": 1.871316193555492e+17
      }
    ]
  ]
}