{
  "attrs": {},
  "name": "CP_M3",
  "frequency_range": null,
  "allow_gain": false,
  "nonlinear_spec": null,
  "modulation_spec": null,
  "viz_spec": null,
  "heat_spec": null,
  "type": "PoleResidue",
  "eps_inf": 0.9591413313968525,
  "poles": [
    [
      {
        "real": -960426356154694.8,
        "imag": -288574872139938.9
      },
      {
        "real": 1.5426345700327818e+17,
        "imag": 6445975111304724.0
      }
    ],
    [
      {
        "real": -303212970908027.8,
        "imag": -309870721887412.9
      },
      {
        "real": -1.473778744469047e+17,
        "imag": 5.122676095233517e+17
      }
    ],
    [
      {
        "real": -1257111166812354.8,
        "imag": -4179276473329348.0
      },
      {
        "real": 6121648443856708.0,
        "imag": 1494436328533905.0
      }
    ]
  ],
  "model_family": "CP",
  "order_N": 3
}