{
  "attrs": {},
  "name": "SCP_M3",
  "frequency_range": null,
  "allow_gain": false,
  "nonlinear_spec": null,
  "modulation_spec": null,
  "viz_spec": null,
  "heat_spec": null,
  "type": "PoleResidue",
  "eps_inf": 0.33290036811574486,
  "poles": [
    [
      {
        "real": -709101512825133.1,
        "imag": -163440224930409.25
      },
      {
        "real": 4.5886146454955016e+16,
        "imag": 1.5784713820872816e+17
      }
    ],
    [
      {
        "real": -148058182374.99084,
        "imag": -149746681576849.03
      },
      {
        "real": -4.289099387127618e+16,
        "imag": 5.744292224646245e+17
      }
    ],
    [
      {
        "real": -1757782501103579.5,
        "imag": -3619727106556301.5
      },
      {
        "real": 1.345409813536391e+16,
        "imag": -2127675819285813.0
      }
    ]
  ]
}