{
  "attrs": {},
  "name": "SCP_M1",
  "frequency_range": null,
  "allow_gain": false,
  "nonlinear_spec": null,
  "modulation_spec": null,
  "viz_spec": null,
  "heat_spec": null,
  "type": "PoleResidue",
  "eps_inf": 5.131795323012897,
  "poles": [
    [
      {
        "real": -24862785387654.02,
        "imag": -352598273232815.25
      },
      {
        "real": 6105162201320932.0,
        "imag": 1.8215516668223478e+17
      }
    ]
  ]
}