{
  "attrs": {},
  "name": "SCP_M2",
  "frequency_range": null,
  "allow_gain": false,
  "nonlinear_spec": null,
  "modulation_spec": null,
  "viz_spec": null,
  "heat_spec": null,
  "type": "PoleResidue",
  "eps_inf": 0.37193951645249496,
  "poles": [
    [
      {
        "real": -57761662456315.87,
        "imag": -353914679872939.4
      },
      {
        "real": 3.1193576380269372e+16,
        "imag": 1.502689806437393e+17
      }
    ],
    [
      {
        "real": -1685767721259834.8,
        "imag": -1192552887747103.5
      },
      {
        "real": -1.1243808914761126e+16,
        "imag": -6.883216825300036e+16
      }
    ]
  ]
}