{
  "attrs": {},
  "name": "SCP_M3",
  "frequency_range": null,
  "allow_gain": false,
  "nonlinear_spec": null,
  "modulation_spec": null,
  "viz_spec": null,
  "heat_spec": null,
  "type": "PoleResidue",
  "eps_inf": 0.2882207317714181,
  "poles": [
    [
      {
        "real": -1038908141990735.6,
        "imag": -113471199845130.28
      },
      {
        "real": 9.830197765258031e+17,
        "imag": 4.348048240554753e+18
      }
    ],
    [
      {
        "real": -326209460300541.25,
        "imag": -85622817292672.5
      },
      {
        "real": -1.0239623924252102e+18,
        "imag": 4.740368836426184e+18
      }
    ],
    [
      {
        "real": -2917483357897822.0,
        "imag": -3112867138058901.0
      },
      {
        "real": 5.3426751329881016e+16,
        "imag": 1.6190659175770554e+16
      }
    ]
  ]
}