{
  "attrs": {},
  "name": "CP_M2",
  "frequency_range": null,
  "allow_gain": false,
  "nonlinear_spec": null,
  "modulation_spec": null,
  "viz_spec": null,
  "heat_spec": null,
  "type": "PoleResidue",
  "eps_inf": 2.1089738312914745,
  "poles": [
    [
      {
        "real": -1361907509167877.5,
        "imag": -3657465175722233.5
      },
      {
        "real": -45946922085148.31,
        "imag": -77715181315844.05
      }
    ],
    [
      {
        "real": -1699156354031802.0,
        "imag": -9955981374419302.0
      },
      {
        "real": 3333727604127299.5,
        "imag": 1.027223105356644e+16
      }
    ]
  ]
}