{
  "attrs": {},
  "name": "SCP_M3",
  "frequency_range": null,
  "allow_gain": false,
  "nonlinear_spec": null,
  "modulation_spec": null,
  "viz_spec": null,
  "heat_spec": null,
  "type": "PoleResidue",
  "eps_inf": 0.49847298348350316,
  "poles": [
    [
      {
        "real": -2294202372110496.5,
        "imag": -5390727173111160.0
      },
      {
        "real": 873897756063662.4,
        "imag": -596271497627668.6
      }
    ],
    [
      {
        "real": -919301802039865.1,
        "imag": -6981639448982850.0
      },
      {
        "real": 550840915731531.44,
        "imag": 17757800104215.918
      }
    ],
    [
      {
        "real": -5215129195423586.0,
        "imag": -1.6239172056570568e+16
      },
      {
        "real": 6930546642712567.0,
        "imag": 3.1143666354573264e+16
      }
    ]
  ]
}