{
  "attrs": {},
  "name": "CP_M3",
  "frequency_range": null,
  "allow_gain": false,
  "nonlinear_spec": null,
  "modulation_spec": null,
  "viz_spec": null,
  "heat_spec": null,
  "type": "PoleResidue",
  "eps_inf": 0.4886771537753654,
  "poles": [
    [
      {
        "real": -2294202372110496.5,
        "imag": -5390727173111160.0
      },
      {
        "real": 862820733759783.4,
        "imag": -588829742646274.2
      }
    ],
    [
      {
        "real": -919301802039865.1,
        "imag": -6981639448982850.0
      },
      {
        "real": 550101252334460.9,
        "imag": 29702711054355.344
      }
    ],
    [
      {
        "real": -5215129195423586.0,
        "imag": -1.6239172056570568e+16
      },
      {
        "real": 7111972550549016.0,
        "imag": 3.113523955003509e+16
      }
    ]
  ]
}