{
  "attrs": {},
  "name": "SCP_M1",
  "frequency_range": null,
  "allow_gain": false,
  "nonlinear_spec": null,
  "modulation_spec": null,
  "viz_spec": null,
  "heat_spec": null,
  "type": "PoleResidue",
  "eps_inf": 1.755353509953764,
  "poles": [
    [
      {
        "real": -1488889426019095.2,
        "imag": -1.0252697521843544e+16
      },
      {
        "real": 3655480522821909.5,
        "imag": 1.2033946315881928e+16
      }
    ]
  ]
}