{
  "attrs": {},
  "name": "CP_M1",
  "frequency_range": null,
  "allow_gain": false,
  "nonlinear_spec": null,
  "modulation_spec": null,
  "viz_spec": null,
  "heat_spec": null,
  "type": "PoleResidue",
  "eps_inf": 1.7499870902666952,
  "poles": [
    [
      {
        "real": -1408968676335165.0,
        "imag": -1.0287875762088664e+16
      },
      {
        "real": 3465733046182731.0,
        "imag": 1.2135140650075812e+16
      }
    ]
  ]
}