{
  "attrs": {},
  "name": "RP_M3",
  "frequency_range": null,
  "allow_gain": false,
  "nonlinear_spec": null,
  "modulation_spec": null,
  "viz_spec": null,
  "heat_spec": null,
  "type": "PoleResidue",
  "eps_inf": 2.0743754068459137,
  "poles": [
    [
      {
        "real": -1725134722151828.5,
        "imag": -1.058576308564346e+16
      },
      {
        "real": 2363840448465681.0,
        "imag": 1.2255225618591234e+16
      }
    ],
    [
      {
        "real": -2126174096377963.2,
        "imag": -2726684821835338.0
      },
      {
        "real": -478608242348888.6,
        "imag": -50331285232432.336
      }
    ],
    [
      {
        "real": -594065457168229.8,
        "imag": -2246816083443695.0
      },
      {
        "real": 26194395491172.0,
        "imag": -15468777618679.846
      }
    ]
  ]
}