{
  "attrs": {},
  "name": "RP_M3",
  "frequency_range": null,
  "allow_gain": false,
  "nonlinear_spec": null,
  "modulation_spec": null,
  "viz_spec": null,
  "heat_spec": null,
  "type": "PoleResidue",
  "eps_inf": 1.7307053279929903,
  "poles": [
    [
      {
        "real": -2633325966614050.0,
        "imag": 1.0089488872071652e+16
      },
      {
        "real": 6812758504948249.0,
        "imag": -1.1634748765938274e+16
      }
    ],
    [
      {
        "real": -1443042465288296.0,
        "imag": 3793007349493235.5
      },
      {
        "real": -89529125416133.8,
        "imag": 63170657734065.734
      }
    ],
    [
      {
        "real": -15399867796361.934,
        "imag": 2412602223005921.0
      },
      {
        "real": -12976304806.813322,
        "imag": 28057408285.69495
      }
    ]
  ],
  "model_family": "RP",
  "order_N": 3
}