{
  "attrs": {},
  "name": "RP_M2",
  "frequency_range": null,
  "allow_gain": false,
  "nonlinear_spec": null,
  "modulation_spec": null,
  "viz_spec": null,
  "heat_spec": null,
  "type": "PoleResidue",
  "eps_inf": 1.7349531175888333,
  "poles": [
    [
      {
        "real": -2625644235766325.0,
        "imag": 1.0090360729682692e+16
      },
      {
        "real": 6771916119481901.0,
        "imag": -1.1627662147228902e+16
      }
    ],
    [
      {
        "real": -1446238081943353.8,
        "imag": 3802314892714121.0
      },
      {
        "real": -89252444536853.16,
        "imag": 64999286054950.234
      }
    ]
  ],
  "model_family": "RP",
  "order_N": 2
}