{
  "attrs": {},
  "name": "SCP_M3",
  "frequency_range": null,
  "allow_gain": false,
  "nonlinear_spec": null,
  "modulation_spec": null,
  "viz_spec": null,
  "heat_spec": null,
  "type": "PoleResidue",
  "eps_inf": 2.5590751898216033,
  "poles": [
    [
      {
        "real": -567027096667490.2,
        "imag": -1391794406839451.2
      },
      {
        "real": -20594016019474.59,
        "imag": 572951285206.0912
      }
    ],
    [
      {
        "real": -2089405665638819.0,
        "imag": -4052379756139578.0
      },
      {
        "real": -182421698893172.53,
        "imag": -340260237950045.44
      }
    ],
    [
      {
        "real": -1267348183489858.8,
        "imag": -1.0012144812668046e+16
      },
      {
        "real": 631141050494467.1,
        "imag": 9223976109118582.0
      }
    ]
  ],
  "model_family": "SCP",
  "order_N": 3
}