{
  "attrs": {},
  "name": "SCP_M3",
  "frequency_range": null,
  "allow_gain": false,
  "nonlinear_spec": null,
  "modulation_spec": null,
  "viz_spec": null,
  "heat_spec": null,
  "type": "PoleResidue",
  "eps_inf": 1.514647482353131,
  "poles": [
    [
      {
        "real": -302248125072983.6,
        "imag": -85622725243754.22
      },
      {
        "real": 3891338396631405.0,
        "imag": 2.1389377018105064e+16
      }
    ],
    [
      {
        "real": -1523283932022866.0,
        "imag": -3730345563552998.5
      },
      {
        "real": 54075633008236.72,
        "imag": 241652374270310.75
      }
    ],
    [
      {
        "real": -1485794524211132.2,
        "imag": -7779461653415760.0
      },
      {
        "real": -1789509038906661.8,
        "imag": 2897780836392621.5
      }
    ]
  ]
}