{
  "attrs": {},
  "name": "SCP_M3",
  "frequency_range": null,
  "allow_gain": false,
  "nonlinear_spec": null,
  "modulation_spec": null,
  "viz_spec": null,
  "heat_spec": null,
  "type": "PoleResidue",
  "eps_inf": 1.5136536740600313,
  "poles": [
    [
      {
        "real": -302435232073820.94,
        "imag": -85622897066312.88
      },
      {
        "real": 3890998793664770.0,
        "imag": 2.140237606993322e+16
      }
    ],
    [
      {
        "real": -1526342902602402.8,
        "imag": -3731590852972621.0
      },
      {
        "real": 53960989041715.04,
        "imag": 242966632082936.78
      }
    ],
    [
      {
        "real": -1486526365398190.2,
        "imag": -7777394856195897.0
      },
      {
        "real": -1783763507107094.2,
        "imag": 2899038995695501.5
      }
    ]
  ]
}