{
  "attrs": {},
  "name": "RP_M3",
  "frequency_range": null,
  "allow_gain": false,
  "nonlinear_spec": null,
  "modulation_spec": null,
  "viz_spec": null,
  "heat_spec": null,
  "type": "PoleResidue",
  "eps_inf": 1.613546150227639,
  "poles": [
    [
      {
        "real": -964616318447901.8,
        "imag": 8111893113660054.0
      },
      {
        "real": -2564115820393449.0,
        "imag": -2048944662089311.2
      }
    ],
    [
      {
        "real": -834243351651784.4,
        "imag": 2358897034895991.0
      },
      {
        "real": 41166738533017.58,
        "imag": 166844895859092.03
      }
    ],
    [
      {
        "real": -32627551002703.523,
        "imag": 0.16894363037229343
      },
      {
        "real": 4297627698735389.0,
        "imag": -2.5244801292063938e+29
      }
    ]
  ],
  "model_family": "RP",
  "order_N": 3
}