{
  "attrs": {},
  "name": "SCP_M3",
  "frequency_range": null,
  "allow_gain": false,
  "nonlinear_spec": null,
  "modulation_spec": null,
  "viz_spec": null,
  "heat_spec": null,
  "type": "PoleResidue",
  "eps_inf": 0.9619978402839486,
  "poles": [
    [
      {
        "real": -326644906373587.44,
        "imag": -7193929381366900.0
      },
      {
        "real": 91934085967244.7,
        "imag": -52179109614758.914
      }
    ],
    [
      {
        "real": -8888889738189198.0,
        "imag": -9339315315170684.0
      },
      {
        "real": -6011897151601830.0,
        "imag": 8474214432570907.0
      }
    ],
    [
      {
        "real": -3000699502704803.5,
        "imag": -1.1337146251581446e+16
      },
      {
        "real": 1.5293973173190406e+16,
        "imag": 1.287572266972159e+16
      }
    ]
  ]
}