{
  "attrs": {},
  "name": "CP_M3",
  "frequency_range": null,
  "allow_gain": false,
  "nonlinear_spec": null,
  "modulation_spec": null,
  "viz_spec": null,
  "heat_spec": null,
  "type": "PoleResidue",
  "eps_inf": 1.180481203492604,
  "poles": [
    [
      {
        "real": -1592503920767172.0,
        "imag": -7079798690043469.0
      },
      {
        "real": -238243753302567.8,
        "imag": -179203075265838.44
      }
    ],
    [
      {
        "real": -8748704255515273.0,
        "imag": -9657814958724892.0
      },
      {
        "real": -1.100230661184658e+16,
        "imag": 7204056223218110.0
      }
    ],
    [
      {
        "real": -2990867609564147.5,
        "imag": -1.1260066980032812e+16
      },
      {
        "real": 1.657880079800292e+16,
        "imag": 1.5151234889335032e+16
      }
    ]
  ]
}