{
  "attrs": {},
  "name": "SCP_M2",
  "frequency_range": null,
  "allow_gain": false,
  "nonlinear_spec": null,
  "modulation_spec": null,
  "viz_spec": null,
  "heat_spec": null,
  "type": "PoleResidue",
  "eps_inf": 0.2749568063368299,
  "poles": [
    [
      {
        "real": -2.0282172129332228e+16,
        "imag": -9168779112659094.0
      },
      {
        "real": -1.4534110636672888e+16,
        "imag": 5.2874804431828424e+16
      }
    ],
    [
      {
        "real": -3155255720440816.0,
        "imag": -1.224816574485729e+16
      },
      {
        "real": 1.9008285039534092e+16,
        "imag": 1.4728541026880182e+16
      }
    ]
  ]
}