{
  "attrs": {},
  "name": "SCP_M1",
  "frequency_range": null,
  "allow_gain": false,
  "nonlinear_spec": null,
  "modulation_spec": null,
  "viz_spec": null,
  "heat_spec": null,
  "type": "PoleResidue",
  "eps_inf": 2.334027033242299,
  "poles": [
    [
      {
        "real": -275561354548497.62,
        "imag": -1.0720715805628382e+16
      },
      {
        "real": 481842379616209.0,
        "imag": 9199406927085978.0
      }
    ]
  ]
}