{
  "attrs": {},
  "name": "RP_M2",
  "frequency_range": null,
  "allow_gain": false,
  "nonlinear_spec": null,
  "modulation_spec": null,
  "viz_spec": null,
  "heat_spec": null,
  "type": "PoleResidue",
  "eps_inf": 0.4326043588705316,
  "poles": [
    [
      {
        "real": -2.020984778249602e+16,
        "imag": -1.0024906591725062e+16
      },
      {
        "real": -2.067272856953378e+16,
        "imag": 5.555520724524494e+16
      }
    ],
    [
      {
        "real": -3206547794955709.5,
        "imag": -1.228359402807212e+16
      },
      {
        "real": 1.9689868155073496e+16,
        "imag": 1.4985673497622216e+16
      }
    ]
  ]
}