{
  "attrs": {},
  "name": "SCP_M3",
  "frequency_range": null,
  "allow_gain": false,
  "nonlinear_spec": null,
  "modulation_spec": null,
  "viz_spec": null,
  "heat_spec": null,
  "type": "PoleResidue",
  "eps_inf": 1.1350414800751143,
  "poles": [
    [
      {
        "real": -1592503920767172.0,
        "imag": -7079798690043469.0
      },
      {
        "real": -235897586472475.4,
        "imag": -166066306577255.53
      }
    ],
    [
      {
        "real": -8748704255515273.0,
        "imag": -9657814958724892.0
      },
      {
        "real": -1.0700463335115466e+16,
        "imag": 7582789707864967.0
      }
    ],
    [
      {
        "real": -2990867609564147.5,
        "imag": -1.1260066980032812e+16
      },
      {
        "real": 1.6765542291008472e+16,
        "imag": 1.4905814532570972e+16
      }
    ]
  ]
}