{
  "attrs": {},
  "name": "SCP_M1",
  "frequency_range": null,
  "allow_gain": false,
  "nonlinear_spec": null,
  "modulation_spec": null,
  "viz_spec": null,
  "heat_spec": null,
  "type": "PoleResidue",
  "eps_inf": 5.002563940431214,
  "poles": [
    [
      {
        "real": -6283185307.807905,
        "imag": -9832444350440946.0
      },
      {
        "real": 25177472719.011684,
        "imag": 2.084011153690765e+16
      }
    ]
  ]
}