{
  "attrs": {},
  "name": "SCP_M1",
  "frequency_range": null,
  "allow_gain": false,
  "nonlinear_spec": null,
  "modulation_spec": null,
  "viz_spec": null,
  "heat_spec": null,
  "type": "PoleResidue",
  "eps_inf": 4.787461968602125,
  "poles": [
    [
      {
        "real": -1029305377549949.8,
        "imag": -3956963284776502.0
      },
      {
        "real": 1.298360194949226e+16,
        "imag": 2.3438361119386544e+16
      }
    ]
  ]
}