{
  "attrs": {},
  "name": "CP_M1",
  "frequency_range": null,
  "allow_gain": false,
  "nonlinear_spec": null,
  "modulation_spec": null,
  "viz_spec": null,
  "heat_spec": null,
  "type": "PoleResidue",
  "eps_inf": 8.898494548580391,
  "poles": [
    [
      {
        "real": -951712697090782.4,
        "imag": -4531638452580842.0
      },
      {
        "real": 1663033345038076.0,
        "imag": 2.3458387148304148e+16
      }
    ]
  ]
}