{
  "attrs": {},
  "name": "CP_M3",
  "frequency_range": null,
  "allow_gain": false,
  "nonlinear_spec": null,
  "modulation_spec": null,
  "viz_spec": null,
  "heat_spec": null,
  "type": "PoleResidue",
  "eps_inf": 5.831707634297247,
  "poles": [
    [
      {
        "real": -952760850459954.0,
        "imag": -837199373102551.9
      },
      {
        "real": -1547919979968775.8,
        "imag": 3746993689690762.0
      }
    ],
    [
      {
        "real": -652233745028890.2,
        "imag": -3735864479993447.0
      },
      {
        "real": -1.1733698823997128e+16,
        "imag": 5.226281621121264e+16
      }
    ],
    [
      {
        "real": -518985972234325.5,
        "imag": -3831757121490582.5
      },
      {
        "real": 2.473432746324931e+16,
        "imag": -3.097552190673383e+16
      }
    ]
  ]
}