{
  "attrs": {},
  "name": "CP_M2",
  "frequency_range": null,
  "allow_gain": false,
  "nonlinear_spec": null,
  "modulation_spec": null,
  "viz_spec": null,
  "heat_spec": null,
  "type": "PoleResidue",
  "eps_inf": 3.3393055508017624,
  "poles": [
    [
      {
        "real": -951712697090782.4,
        "imag": -4531638452580842.0
      },
      {
        "real": 8.221940770232104e+16,
        "imag": 7.188094484023441e+16
      }
    ],
    [
      {
        "real": -790619782600078.6,
        "imag": -4599660110792376.0
      },
      {
        "real": -6.672739664633818e+16,
        "imag": -4.6159535085200264e+16
      }
    ]
  ]
}