{
  "attrs": {},
  "name": "SCP_M3",
  "frequency_range": null,
  "allow_gain": false,
  "nonlinear_spec": null,
  "modulation_spec": null,
  "viz_spec": null,
  "heat_spec": null,
  "type": "PoleResidue",
  "eps_inf": 5.147099876769329,
  "poles": [
    [
      {
        "real": -939976357651322.6,
        "imag": -820975377518398.6
      },
      {
        "real": -6043105289851705.0,
        "imag": 1.51120144499378e+16
      }
    ],
    [
      {
        "real": -666718166205092.6,
        "imag": -3494159431433738.5
      },
      {
        "real": 3.4840371881719508e+16,
        "imag": 8.093713320635363e+16
      }
    ],
    [
      {
        "real": -514631343787940.44,
        "imag": -3518933665102446.0
      },
      {
        "real": -1.4477622775456164e+16,
        "imag": -5.849681246600879e+16
      }
    ]
  ]
}