{
  "attrs": {},
  "name": "CP_M3",
  "frequency_range": null,
  "allow_gain": false,
  "nonlinear_spec": null,
  "modulation_spec": null,
  "viz_spec": null,
  "heat_spec": null,
  "type": "PoleResidue",
  "eps_inf": 1.5687333471752172,
  "poles": [
    [
      {
        "real": -440272994498955.4,
        "imag": -2983417798390129.5
      },
      {
        "real": 4780820991550989.0,
        "imag": 4804362343292735.0
      }
    ],
    [
      {
        "real": -268362595815988.38,
        "imag": -3852333608252320.5
      },
      {
        "real": 6558697588477191.0,
        "imag": 2805394539621559.5
      }
    ],
    [
      {
        "real": -4383286838886653.0,
        "imag": -4690617361542343.0
      },
      {
        "real": 5415669548817046.0,
        "imag": 3.61160750567743e+16
      }
    ]
  ]
}