{
  "attrs": {},
  "name": "SCP_M2",
  "frequency_range": null,
  "allow_gain": false,
  "nonlinear_spec": null,
  "modulation_spec": null,
  "viz_spec": null,
  "heat_spec": null,
  "type": "PoleResidue",
  "eps_inf": 1.0388393357798662,
  "poles": [
    [
      {
        "real": -782715081515403.6,
        "imag": -4045111998367853.0
      },
      {
        "real": 7610920648649680.0,
        "imag": 1.9853163261088964e+16
      }
    ],
    [
      {
        "real": -2026712570501943.2,
        "imag": -8198212112047803.0
      },
      {
        "real": 4452648359278688.5,
        "imag": 2.2390615318216148e+16
      }
    ]
  ],
  "model_family": "SCP",
  "order_N": 2
}