{
  "attrs": {},
  "name": "SCP_M1",
  "frequency_range": null,
  "allow_gain": false,
  "nonlinear_spec": null,
  "modulation_spec": null,
  "viz_spec": null,
  "heat_spec": null,
  "type": "PoleResidue",
  "eps_inf": 4.7414653587745095,
  "poles": [
    [
      {
        "real": -1037166092649350.1,
        "imag": -3954907074940711.5
      },
      {
        "real": 1.3063527771700184e+16,
        "imag": 2.3550407042250624e+16
      }
    ]
  ],
  "model_family": "SCP",
  "order_N": 1
}