{
  "attrs": {},
  "name": "SCP_M3",
  "frequency_range": null,
  "allow_gain": false,
  "nonlinear_spec": null,
  "modulation_spec": null,
  "viz_spec": null,
  "heat_spec": null,
  "type": "PoleResidue",
  "eps_inf": 0.7203696374230438,
  "poles": [
    [
      {
        "real": -342309513346723.0,
        "imag": -2868928434691498.0
      },
      {
        "real": 2664933435728093.5,
        "imag": 2803252506045945.0
      }
    ],
    [
      {
        "real": -406219459825540.56,
        "imag": -3946973656106903.0
      },
      {
        "real": 8064106116067972.0,
        "imag": 6489039153910263.0
      }
    ],
    [
      {
        "real": -4941184533517213.0,
        "imag": -4662566743683392.0
      },
      {
        "real": 1.1636294430328968e+16,
        "imag": 3.5914206332892996e+16
      }
    ]
  ]
}