{
  "attrs": {},
  "name": "CP_M3",
  "frequency_range": null,
  "allow_gain": false,
  "nonlinear_spec": null,
  "modulation_spec": null,
  "viz_spec": null,
  "heat_spec": null,
  "type": "PoleResidue",
  "eps_inf": 4.189683355602567,
  "poles": [
    [
      {
        "real": -150644174620850.06,
        "imag": -192881298895020.1
      },
      {
        "real": -9099733938290476.0,
        "imag": 7.509331576584362e+17
      }
    ],
    [
      {
        "real": -200554589672314.22,
        "imag": -941667429475876.1
      },
      {
        "real": 4967995205527833.0,
        "imag": -3.988283936611809e+16
      }
    ],
    [
      {
        "real": -1669291770614272.2,
        "imag": -3942890277075861.5
      },
      {
        "real": 7305472076684796.0,
        "imag": 9566952658688354.0
      }
    ]
  ]
}