{
  "attrs": {},
  "name": "SCP_M2",
  "frequency_range": null,
  "allow_gain": false,
  "nonlinear_spec": null,
  "modulation_spec": null,
  "viz_spec": null,
  "heat_spec": null,
  "type": "PoleResidue",
  "eps_inf": 2.314165409233237,
  "poles": [
    [
      {
        "real": -1028576296947114.8,
        "imag": -3453770117674405.5
      },
      {
        "real": 5818168144675172.0,
        "imag": 154703658083944.75
      }
    ],
    [
      {
        "real": -6283185391.227858,
        "imag": -85622679776929.11
      },
      {
        "real": 4900951479740867.0,
        "imag": 9.847020027424316e+17
      }
    ]
  ]
}