{
  "attrs": {},
  "name": "CP_M3",
  "frequency_range": null,
  "allow_gain": false,
  "nonlinear_spec": null,
  "modulation_spec": null,
  "viz_spec": null,
  "heat_spec": null,
  "type": "PoleResidue",
  "eps_inf": 0.9634882884869302,
  "poles": [
    [
      {
        "real": -2352327403239114.5,
        "imag": -187801724153118.53
      },
      {
        "real": 1.7714242274555218e+16,
        "imag": -1.8049288071328285e+17
      }
    ],
    [
      {
        "real": -191749993899127.34,
        "imag": -392494888625197.7
      },
      {
        "real": -7411693622693058.0,
        "imag": 2.5408753695316822e+17
      }
    ],
    [
      {
        "real": -1534333987085987.0,
        "imag": -3890434212168316.0
      },
      {
        "real": 3226930785216161.5,
        "imag": 5376913395876129.0
      }
    ]
  ]
}