{
  "attrs": {},
  "name": "SCP_M1",
  "frequency_range": null,
  "allow_gain": false,
  "nonlinear_spec": null,
  "modulation_spec": null,
  "viz_spec": null,
  "heat_spec": null,
  "type": "PoleResidue",
  "eps_inf": 3.3513632964061286,
  "poles": [
    [
      {
        "real": -30842466815904.992,
        "imag": -499214927252113.75
      },
      {
        "real": 7448485216664261.0,
        "imag": 1.3322285836562627e+17
      }
    ]
  ]
}