{
  "attrs": {},
  "name": "CP_M1",
  "frequency_range": null,
  "allow_gain": false,
  "nonlinear_spec": null,
  "modulation_spec": null,
  "viz_spec": null,
  "heat_spec": null,
  "type": "PoleResidue",
  "eps_inf": 3.7859057431000003,
  "poles": [
    [
      {
        "real": -94814666518993.47,
        "imag": -317418777005332.8
      },
      {
        "real": 6732147982838258.0,
        "imag": 2.2548801769236026e+17
      }
    ]
  ]
}