{
  "attrs": {},
  "name": "CP_M1",
  "frequency_range": null,
  "allow_gain": false,
  "nonlinear_spec": null,
  "modulation_spec": null,
  "viz_spec": null,
  "heat_spec": null,
  "type": "PoleResidue",
  "eps_inf": 3.633861837718883,
  "poles": [
    [
      {
        "real": -110037910628755.78,
        "imag": -446175397690264.06
      },
      {
        "real": 6433571224769422.0,
        "imag": 1.566915627697546e+17
      }
    ]
  ]
}