{
  "attrs": {},
  "name": "CP_M2",
  "frequency_range": null,
  "allow_gain": false,
  "nonlinear_spec": null,
  "modulation_spec": null,
  "viz_spec": null,
  "heat_spec": null,
  "type": "PoleResidue",
  "eps_inf": 0.6375295395960754,
  "poles": [
    [
      {
        "real": -23897119913303.69,
        "imag": -809645281994857.9
      },
      {
        "real": 5109825139278945.0,
        "imag": 8.590291328963653e+16
      }
    ],
    [
      {
        "real": -1141866761599049.0,
        "imag": -3194343843706507.0
      },
      {
        "real": 6712864094739431.0,
        "imag": -2114837172881648.2
      }
    ]
  ]
}