{
  "attrs": {},
  "name": "SCP_M3",
  "frequency_range": null,
  "allow_gain": false,
  "nonlinear_spec": null,
  "modulation_spec": null,
  "viz_spec": null,
  "heat_spec": null,
  "type": "PoleResidue",
  "eps_inf": 0.27524735729981437,
  "poles": [
    [
      {
        "real": -2277658917332.676,
        "imag": -105165881504833.73
      },
      {
        "real": 1.0657293214359486e+16,
        "imag": 7.252489365264424e+17
      }
    ],
    [
      {
        "real": -2060516339762643.0,
        "imag": -2537244014808130.5
      },
      {
        "real": 1.1056982691100524e+16,
        "imag": -2.291541379081342e+16
      }
    ],
    [
      {
        "real": -915448855942284.0,
        "imag": -4362363321737005.0
      },
      {
        "real": -1777007684148062.2,
        "imag": 2410249104087121.5
      }
    ]
  ]
}