{
  "attrs": {},
  "name": "RP_M3",
  "frequency_range": null,
  "allow_gain": false,
  "nonlinear_spec": null,
  "modulation_spec": null,
  "viz_spec": null,
  "heat_spec": null,
  "type": "PoleResidue",
  "eps_inf": 1.7532273596965282,
  "poles": [
    [
      {
        "real": -1224475255566644.5,
        "imag": 3502795071650696.5
      },
      {
        "real": 9561076315075056.0,
        "imag": -6252124629513321.0
      }
    ],
    [
      {
        "real": -311704376037186.94,
        "imag": 0.20849259129569248
      },
      {
        "real": -2.0589580788068042e+18,
        "imag": -19704.39260715116
      }
    ],
    [
      {
        "real": -264772673899709.4,
        "imag": 0.016253775942944113
      },
      {
        "real": 2.0498280127204344e+18,
        "imag": 0.0
      }
    ]
  ],
  "model_family": "RP",
  "order_N": 3
}