{
  "attrs": {},
  "name": "CP_M3",
  "frequency_range": null,
  "allow_gain": false,
  "nonlinear_spec": null,
  "modulation_spec": null,
  "viz_spec": null,
  "heat_spec": null,
  "type": "PoleResidue",
  "eps_inf": 1.911269980671366,
  "poles": [
    [
      {
        "real": -84814860498667.17,
        "imag": -514348583464746.5
      },
      {
        "real": 954828783317256.6,
        "imag": 1.6201780814283088e+17
      }
    ],
    [
      {
        "real": -2196416568569431.5,
        "imag": -1517242216294173.5
      },
      {
        "real": 5177978270739848.0,
        "imag": -1.3550334218602328e+16
      }
    ],
    [
      {
        "real": -335999288226039.2,
        "imag": -6170573042466154.0
      },
      {
        "real": 864290400672317.1,
        "imag": 321016484282394.6
      }
    ]
  ]
}