{
  "attrs": {},
  "name": "SCP_M3",
  "frequency_range": null,
  "allow_gain": false,
  "nonlinear_spec": null,
  "modulation_spec": null,
  "viz_spec": null,
  "heat_spec": null,
  "type": "PoleResidue",
  "eps_inf": 0.49434000989098825,
  "poles": [
    [
      {
        "real": -16332798363949.887,
        "imag": -227611846070481.88
      },
      {
        "real": 1618660567916549.5,
        "imag": 3.632369147448042e+17
      }
    ],
    [
      {
        "real": -3927021257685834.0,
        "imag": -4021282686668249.5
      },
      {
        "real": 1.3334895701165276e+16,
        "imag": -6651851191244995.0
      }
    ],
    [
      {
        "real": -374785746039729.9,
        "imag": -6134460857638022.0
      },
      {
        "real": 905917373347824.9,
        "imag": -122368760213994.67
      }
    ]
  ]
}