{
  "attrs": {},
  "name": "CP_M2",
  "frequency_range": null,
  "allow_gain": false,
  "nonlinear_spec": null,
  "modulation_spec": null,
  "viz_spec": null,
  "heat_spec": null,
  "type": "PoleResidue",
  "eps_inf": 2.8948707189866143,
  "poles": [
    [
      {
        "real": -46130372765422.734,
        "imag": -816323002068039.5
      },
      {
        "real": 1432108951938010.2,
        "imag": 8.952287188873714e+16
      }
    ],
    [
      {
        "real": -242318250160960.12,
        "imag": -6246930149878807.0
      },
      {
        "real": 405155143484156.75,
        "imag": 666987952343722.6
      }
    ]
  ]
}