{
  "attrs": {},
  "name": "SCP_M1",
  "frequency_range": null,
  "allow_gain": false,
  "nonlinear_spec": null,
  "modulation_spec": null,
  "viz_spec": null,
  "heat_spec": null,
  "type": "PoleResidue",
  "eps_inf": 5.440889053809091,
  "poles": [
    [
      {
        "real": -6283185307.179612,
        "imag": -85622679776929.11
      },
      {
        "real": 1722041950727609.0,
        "imag": 1.0854071484766842e+18
      }
    ]
  ]
}