{
  "attrs": {},
  "name": "CP_M3",
  "frequency_range": null,
  "allow_gain": false,
  "nonlinear_spec": null,
  "modulation_spec": null,
  "viz_spec": null,
  "heat_spec": null,
  "type": "PoleResidue",
  "eps_inf": 1.8923085110359146,
  "poles": [
    [
      {
        "real": -84016724946786.89,
        "imag": -515380264980170.94
      },
      {
        "real": 998653576085231.8,
        "imag": 1.6139224045927293e+17
      }
    ],
    [
      {
        "real": -2219602786624684.5,
        "imag": -1529466627119298.0
      },
      {
        "real": 5209096645886707.0,
        "imag": -1.3591016801498516e+16
      }
    ],
    [
      {
        "real": -335498640664895.06,
        "imag": -6170457968442680.0
      },
      {
        "real": 864746603767951.2,
        "imag": 318683928315234.6
      }
    ]
  ]
}