{
  "attrs": {},
  "name": "CP_M1",
  "frequency_range": null,
  "allow_gain": false,
  "nonlinear_spec": null,
  "modulation_spec": null,
  "viz_spec": null,
  "heat_spec": null,
  "type": "PoleResidue",
  "eps_inf": 5.076732818605255,
  "poles": [
    [
      {
        "real": -17501022729208.762,
        "imag": -568622762440487.0
      },
      {
        "real": 1558984902828964.5,
        "imag": 1.5219678395032704e+17
      }
    ]
  ]
}