{
  "attrs": {},
  "name": "SCP_M1",
  "frequency_range": null,
  "allow_gain": false,
  "nonlinear_spec": null,
  "modulation_spec": null,
  "viz_spec": null,
  "heat_spec": null,
  "type": "PoleResidue",
  "eps_inf": 5.440906992417974,
  "poles": [
    [
      {
        "real": -6283185307.195176,
        "imag": -85622679776929.11
      },
      {
        "real": 1722035880247361.0,
        "imag": 1.0854083284052014e+18
      }
    ]
  ]
}