{
  "attrs": {},
  "name": "SCP_M3",
  "frequency_range": null,
  "allow_gain": false,
  "nonlinear_spec": null,
  "modulation_spec": null,
  "viz_spec": null,
  "heat_spec": null,
  "type": "PoleResidue",
  "eps_inf": 0.6897060878096493,
  "poles": [
    [
      {
        "real": -13594675943393.867,
        "imag": -232612458371099.56
      },
      {
        "real": 1762951744614087.5,
        "imag": 3.54675383115588e+17
      }
    ],
    [
      {
        "real": -3673657067082206.5,
        "imag": -4045053427526085.0
      },
      {
        "real": 1.1728149924561438e+16,
        "imag": -5597690797590165.0
      }
    ],
    [
      {
        "real": -379060860326194.44,
        "imag": -6141739004354493.0
      },
      {
        "real": 941423648451301.5,
        "imag": -104728691248537.3
      }
    ]
  ]
}