{
  "attrs": {},
  "name": "RP_M2",
  "frequency_range": null,
  "allow_gain": false,
  "nonlinear_spec": null,
  "modulation_spec": null,
  "viz_spec": null,
  "heat_spec": null,
  "type": "PoleResidue",
  "eps_inf": 1.6466918629209755,
  "poles": [
    [
      {
        "real": -447612957671066.7,
        "imag": -6005042837295934.0
      },
      {
        "real": 703343293452649.8,
        "imag": 939853088867510.6
      }
    ],
    [
      {
        "real": -32615056206790.605,
        "imag": -716237377079225.4
      },
      {
        "real": 258675484081321.8,
        "imag": 9.950676670638877e+16
      }
    ]
  ]
}