{
  "attrs": {},
  "name": "RP_M2",
  "frequency_range": null,
  "allow_gain": false,
  "nonlinear_spec": null,
  "modulation_spec": null,
  "viz_spec": null,
  "heat_spec": null,
  "type": "PoleResidue",
  "eps_inf": 3.9405052829296703,
  "poles": [
    [
      {
        "real": -116712577695303.5,
        "imag": 343859741735037.06
      },
      {
        "real": -1.3904147144770216e+17,
        "imag": -2.6783906764931376e+17
      }
    ],
    [
      {
        "real": -183560973511433.72,
        "imag": 4.267703028982028e-10
      },
      {
        "real": 1.3977622787387003e+17,
        "imag": 0.0
      }
    ]
  ],
  "model_family": "RP",
  "order_N": 2
}