{
  "attrs": {},
  "name": "SCP_M1",
  "frequency_range": null,
  "allow_gain": false,
  "nonlinear_spec": null,
  "modulation_spec": null,
  "viz_spec": null,
  "heat_spec": null,
  "type": "PoleResidue",
  "eps_inf": 1.7847395468999059,
  "poles": [
    [
      {
        "real": -16904558243815.248,
        "imag": -9905257670185748.0
      },
      {
        "real": 44014466307119.59,
        "imag": 1.2510532052141972e+16
      }
    ]
  ]
}