{
  "attrs": {},
  "name": "CP_M3",
  "frequency_range": null,
  "allow_gain": false,
  "nonlinear_spec": null,
  "modulation_spec": null,
  "viz_spec": null,
  "heat_spec": null,
  "type": "PoleResidue",
  "eps_inf": 1.6187223542803595,
  "poles": [
    [
      {
        "real": -569469849534848.4,
        "imag": -4602245385898778.0
      },
      {
        "real": -518731793806.9293,
        "imag": -2135944253166.4934
      }
    ],
    [
      {
        "real": -7820885473910.6875,
        "imag": -9995263222102574.0
      },
      {
        "real": 306718880924869.2,
        "imag": 1.1696746244809342e+16
      }
    ],
    [
      {
        "real": -944747298394119.5,
        "imag": -1.121589336337591e+16
      },
      {
        "real": -28707019833295.766,
        "imag": 1985499834513724.5
      }
    ]
  ]
}