{
  "attrs": {},
  "name": "CP_M2",
  "frequency_range": null,
  "allow_gain": false,
  "nonlinear_spec": null,
  "modulation_spec": null,
  "viz_spec": null,
  "heat_spec": null,
  "type": "PoleResidue",
  "eps_inf": 1.787278606089822,
  "poles": [
    [
      {
        "real": -20914858030603.305,
        "imag": -9934670027800348.0
      },
      {
        "real": -366731291657980.5,
        "imag": 1.272616134832167e+16
      }
    ],
    [
      {
        "real": -993712822435592.8,
        "imag": -9940709782830370.0
      },
      {
        "real": 388181625740745.25,
        "imag": -230876560070635.8
      }
    ]
  ]
}