{
  "attrs": {},
  "name": "RP_M2",
  "frequency_range": null,
  "allow_gain": false,
  "nonlinear_spec": null,
  "modulation_spec": null,
  "viz_spec": null,
  "heat_spec": null,
  "type": "PoleResidue",
  "eps_inf": 1.784340503032558,
  "poles": [
    [
      {
        "real": -21152994091747.324,
        "imag": 9908315558447580.0
      },
      {
        "real": 54654651930889.47,
        "imag": -1.2518578580040602e+16
      }
    ],
    [
      {
        "real": -1168600645386714.8,
        "imag": 3245523453314898.0
      },
      {
        "real": -367873519286.5695,
        "imag": 361076715370.075
      }
    ]
  ],
  "model_family": "RP",
  "order_N": 2
}