{
  "attrs": {},
  "name": "SCP_M2",
  "frequency_range": null,
  "allow_gain": false,
  "nonlinear_spec": null,
  "modulation_spec": null,
  "viz_spec": null,
  "heat_spec": null,
  "type": "PoleResidue",
  "eps_inf": 1.785117317864382,
  "poles": [
    [
      {
        "real": -30709801180374.504,
        "imag": -9916961274561452.0
      },
      {
        "real": 281421120754565.7,
        "imag": 1.284127257455781e+16
      }
    ],
    [
      {
        "real": -253274311789419.84,
        "imag": -1.059249976346425e+16
      },
      {
        "real": -245258681613773.38,
        "imag": -334582917514405.5
      }
    ]
  ],
  "model_family": "SCP",
  "order_N": 2
}