{
  "attrs": {},
  "name": "SCP_M3",
  "frequency_range": null,
  "allow_gain": false,
  "nonlinear_spec": null,
  "modulation_spec": null,
  "viz_spec": null,
  "heat_spec": null,
  "type": "PoleResidue",
  "eps_inf": 1.7708362935084672,
  "poles": [
    [
      {
        "real": -166362147313196.66,
        "imag": -2888038183292136.0
      },
      {
        "real": -536200363251632.3,
        "imag": 1150412778612703.5
      }
    ],
    [
      {
        "real": -910822499409573.8,
        "imag": -3325247810629040.5
      },
      {
        "real": 6301709379209862.0,
        "imag": 1.2090209453230048e+16
      }
    ],
    [
      {
        "real": -713582904869765.9,
        "imag": -5837520601877551.0
      },
      {
        "real": -1863466637229497.8,
        "imag": 1.2208286405709064e+16
      }
    ]
  ]
}