{
  "attrs": {},
  "name": "CP_M1",
  "frequency_range": null,
  "allow_gain": false,
  "nonlinear_spec": null,
  "modulation_spec": null,
  "viz_spec": null,
  "heat_spec": null,
  "type": "PoleResidue",
  "eps_inf": 3.738403784918725,
  "poles": [
    [
      {
        "real": -1074000444469681.0,
        "imag": -3303354285094683.0
      },
      {
        "real": 1.1118981285212696e+16,
        "imag": 1.626592467063385e+16
      }
    ]
  ]
}