{
  "attrs": {},
  "name": "SCP_M3",
  "frequency_range": null,
  "allow_gain": false,
  "nonlinear_spec": null,
  "modulation_spec": null,
  "viz_spec": null,
  "heat_spec": null,
  "type": "PoleResidue",
  "eps_inf": 1.7708479067789213,
  "poles": [
    [
      {
        "real": -166360810023399.62,
        "imag": -2888034658441352.0
      },
      {
        "real": -536153238295742.06,
        "imag": 1150415877687827.2
      }
    ],
    [
      {
        "real": -910830945431942.5,
        "imag": -3325251753692864.5
      },
      {
        "real": 6301686680579261.0,
        "imag": 1.2090296825965138e+16
      }
    ],
    [
      {
        "real": -713576590974861.4,
        "imag": -5837521448379542.0
      },
      {
        "real": -1863447565547958.8,
        "imag": 1.22081832587655e+16
      }
    ]
  ]
}