{
  "attrs": {},
  "name": "SCP_M2",
  "frequency_range": null,
  "allow_gain": false,
  "nonlinear_spec": null,
  "modulation_spec": null,
  "viz_spec": null,
  "heat_spec": null,
  "type": "PoleResidue",
  "eps_inf": 0.5990867567576639,
  "poles": [
    [
      {
        "real": -1983063112594196.8,
        "imag": -2136983171541893.2
      },
      {
        "real": -7.665961041110714e+16,
        "imag": -9.683602319062576e+16
      }
    ],
    [
      {
        "real": -2162047467120889.0,
        "imag": -2424398646305326.5
      },
      {
        "real": 9.607273030725298e+16,
        "imag": 1.303270575263987e+17
      }
    ]
  ]
}