{
  "attrs": {},
  "name": "CP_M3",
  "frequency_range": null,
  "allow_gain": false,
  "nonlinear_spec": null,
  "modulation_spec": null,
  "viz_spec": null,
  "heat_spec": null,
  "type": "PoleResidue",
  "eps_inf": 0.8839346799038298,
  "poles": [
    [
      {
        "real": -160897755179646.84,
        "imag": -2904481689809454.5
      },
      {
        "real": -449479857933090.6,
        "imag": 1046183148532310.0
      }
    ],
    [
      {
        "real": -1074000444469681.0,
        "imag": -3303354285094683.0
      },
      {
        "real": 8838044252911807.0,
        "imag": 1.4101915573693194e+16
      }
    ],
    [
      {
        "real": -603841385592962.6,
        "imag": -5786564568455691.0
      },
      {
        "real": -311901179846402.6,
        "imag": 9684251867949854.0
      }
    ]
  ]
}