{
  "attrs": {},
  "name": "SCP_M1",
  "frequency_range": null,
  "allow_gain": false,
  "nonlinear_spec": null,
  "modulation_spec": null,
  "viz_spec": null,
  "heat_spec": null,
  "type": "PoleResidue",
  "eps_inf": 0.7585045728289939,
  "poles": [
    [
      {
        "real": -5747088353490385.0,
        "imag": -321544055974662.25
      },
      {
        "real": 3.4516270085103188e+16,
        "imag": 4.9642015777637536e+17
      }
    ]
  ]
}