{
  "attrs": {},
  "name": "CP_M1",
  "frequency_range": null,
  "allow_gain": false,
  "nonlinear_spec": null,
  "modulation_spec": null,
  "viz_spec": null,
  "heat_spec": null,
  "type": "PoleResidue",
  "eps_inf": 3.778477044009331,
  "poles": [
    [
      {
        "real": -1063296951656068.4,
        "imag": -3301450762256615.0
      },
      {
        "real": 1.1021246083931026e+16,
        "imag": 1.6160493277359958e+16
      }
    ]
  ],
  "model_family": "CP",
  "order_N": 1
}