{
  "attrs": {},
  "name": "CP_M2",
  "frequency_range": null,
  "allow_gain": false,
  "nonlinear_spec": null,
  "modulation_spec": null,
  "viz_spec": null,
  "heat_spec": null,
  "type": "PoleResidue",
  "eps_inf": 1.9448203855305037,
  "poles": [
    [
      {
        "real": -1061115728292481.8,
        "imag": -3299951876974080.5
      },
      {
        "real": 5764949543409315.0,
        "imag": 1.569871159778395e+16
      }
    ],
    [
      {
        "real": -604259711862748.2,
        "imag": -5787918711795025.0
      },
      {
        "real": -745654710922553.5,
        "imag": 1.033231520847907e+16
      }
    ]
  ]
}