{
  "attrs": {},
  "name": "RP_M3",
  "frequency_range": null,
  "allow_gain": false,
  "nonlinear_spec": null,
  "modulation_spec": null,
  "viz_spec": null,
  "heat_spec": null,
  "type": "PoleResidue",
  "eps_inf": 1.9608695754965932,
  "poles": [
    [
      {
        "real": -725001474833079.1,
        "imag": 5826912963458236.0
      },
      {
        "real": -1822129412672107.2,
        "imag": -1.2810453075382972e+16
      }
    ],
    [
      {
        "real": -849089005339358.0,
        "imag": 3367700359447637.0
      },
      {
        "real": 5528635156405872.0,
        "imag": -1.1664899041522962e+16
      }
    ],
    [
      {
        "real": -179636748281470.7,
        "imag": 2897854003816551.5
      },
      {
        "real": -704142893534732.8,
        "imag": -1299882365700436.5
      }
    ]
  ],
  "model_family": "RP",
  "order_N": 3
}