{
  "attrs": {},
  "name": "RP_M3",
  "frequency_range": null,
  "allow_gain": false,
  "nonlinear_spec": null,
  "modulation_spec": null,
  "viz_spec": null,
  "heat_spec": null,
  "type": "PoleResidue",
  "eps_inf": 0.979021130923428,
  "poles": [
    [
      {
        "real": -617749886415937.6,
        "imag": -5801160293720720.0
      },
      {
        "real": -590557718459479.5,
        "imag": 1.0059922974032202e+16
      }
    ],
    [
      {
        "real": -1020082302591580.1,
        "imag": -3291233208929268.5
      },
      {
        "real": 8740986593151177.0,
        "imag": 1.368544454806489e+16
      }
    ],
    [
      {
        "real": -160358133646133.28,
        "imag": -2920995952048350.0
      },
      {
        "real": -639134841134945.9,
        "imag": 975893076939739.0
      }
    ]
  ]
}