{
  "attrs": {},
  "name": "SCP_M3",
  "frequency_range": null,
  "allow_gain": false,
  "nonlinear_spec": null,
  "modulation_spec": null,
  "viz_spec": null,
  "heat_spec": null,
  "type": "PoleResidue",
  "eps_inf": 8.887912516099744,
  "poles": [
    [
      {
        "real": -119462720296844.12,
        "imag": -3079499905820147.0
      },
      {
        "real": 133969083416247.52,
        "imag": 742978103572737.0
      }
    ],
    [
      {
        "real": -320895630732845.8,
        "imag": -4230042302326221.0
      },
      {
        "real": -4.950764458182783e+17,
        "imag": 6.003930628467573e+16
      }
    ],
    [
      {
        "real": -320125010436536.2,
        "imag": -4231574359161986.0
      },
      {
        "real": 4.9574449851920486e+17,
        "imag": -5.29789472624429e+16
      }
    ]
  ]
}