{
  "attrs": {},
  "name": "RP_M2",
  "frequency_range": null,
  "allow_gain": false,
  "nonlinear_spec": null,
  "modulation_spec": null,
  "viz_spec": null,
  "heat_spec": null,
  "type": "PoleResidue",
  "eps_inf": 5.902046590608807,
  "poles": [
    [
      {
        "real": -954495984613381.0,
        "imag": -4102686013394079.5
      },
      {
        "real": 8419023378768312.0,
        "imag": 1.2797986771502748e+16
      }
    ],
    [
      {
        "real": -194507875242785.3,
        "imag": -3259491016924644.0
      },
      {
        "real": -1081138047651954.5,
        "imag": 370005219327174.1
      }
    ]
  ]
}