{
  "attrs": {},
  "name": "SCP_M3",
  "frequency_range": null,
  "allow_gain": false,
  "nonlinear_spec": null,
  "modulation_spec": null,
  "viz_spec": null,
  "heat_spec": null,
  "type": "PoleResidue",
  "eps_inf": 2.059230412904026,
  "poles": [
    [
      {
        "real": -1658211068979426.8,
        "imag": -4933742789886153.0
      },
      {
        "real": 3882966163455602.5,
        "imag": 1.5182711063109728e+16
      }
    ],
    [
      {
        "real": -323399844947661.94,
        "imag": -4527422105644591.0
      },
      {
        "real": 2149481069307587.0,
        "imag": -317557861483246.2
      }
    ],
    [
      {
        "real": -812141215590.1079,
        "imag": -7035241894106944.0
      },
      {
        "real": -3315346445407169.5,
        "imag": 6473359764164228.0
      }
    ]
  ]
}