{
  "attrs": {},
  "name": "CP_M2",
  "frequency_range": null,
  "allow_gain": false,
  "nonlinear_spec": null,
  "modulation_spec": null,
  "viz_spec": null,
  "heat_spec": null,
  "type": "PoleResidue",
  "eps_inf": 1.2598522902915195,
  "poles": [
    [
      {
        "real": -238971568493416.34,
        "imag": -4605984899330818.0
      },
      {
        "real": 1246992820702129.8,
        "imag": 386171854647112.25
      }
    ],
    [
      {
        "real": -2064835725021948.0,
        "imag": -5545017206422469.0
      },
      {
        "real": 1.0150214674908598e+16,
        "imag": 2.307398740793733e+16
      }
    ]
  ]
}