{
  "attrs": {},
  "name": "SCP_M1",
  "frequency_range": null,
  "allow_gain": false,
  "nonlinear_spec": null,
  "modulation_spec": null,
  "viz_spec": null,
  "heat_spec": null,
  "type": "PoleResidue",
  "eps_inf": 0.5463968645546964,
  "poles": [
    [
      {
        "real": -1965089956857514.5,
        "imag": -5481516682474134.0
      },
      {
        "real": 1.416798778875878e+16,
        "imag": 2.323096488289754e+16
      }
    ]
  ]
}