{
  "attrs": {},
  "name": "SCP_M1",
  "frequency_range": null,
  "allow_gain": false,
  "nonlinear_spec": null,
  "modulation_spec": null,
  "viz_spec": null,
  "heat_spec": null,
  "type": "PoleResidue",
  "eps_inf": 0.5461599008090209,
  "poles": [
    [
      {
        "real": -1965135492738332.2,
        "imag": -5481483679513279.0
      },
      {
        "real": 1.4169042440394752e+16,
        "imag": 2.3231056786961936e+16
      }
    ]
  ]
}