{
  "attrs": {},
  "name": "CP_M3",
  "frequency_range": null,
  "allow_gain": false,
  "nonlinear_spec": null,
  "modulation_spec": null,
  "viz_spec": null,
  "heat_spec": null,
  "type": "PoleResidue",
  "eps_inf": 0.4131690171878963,
  "poles": [
    [
      {
        "real": -817887102847386.5,
        "imag": -4208957111001458.0
      },
      {
        "real": 2525963404186978.5,
        "imag": -2200529337560776.5
      }
    ],
    [
      {
        "real": -1707855665734653.2,
        "imag": -5759401069385963.0
      },
      {
        "real": -7352973733359779.0,
        "imag": 2.3738479460641456e+16
      }
    ],
    [
      {
        "real": -383229360004241.75,
        "imag": -7600640415417099.0
      },
      {
        "real": 5054630494222874.0,
        "imag": 1.344624757389892e+16
      }
    ]
  ]
}