{
  "attrs": {},
  "name": "CP_M1",
  "frequency_range": null,
  "allow_gain": false,
  "nonlinear_spec": null,
  "modulation_spec": null,
  "viz_spec": null,
  "heat_spec": null,
  "type": "PoleResidue",
  "eps_inf": 0.7209429241941354,
  "poles": [
    [
      {
        "real": -647437401710341.0,
        "imag": -6611529230280169.0
      },
      {
        "real": 705153896580051.2,
        "imag": 3.757968937285954e+16
      }
    ]
  ]
}