{
  "attrs": {},
  "name": "CP_M2",
  "frequency_range": null,
  "allow_gain": false,
  "nonlinear_spec": null,
  "modulation_spec": null,
  "viz_spec": null,
  "heat_spec": null,
  "type": "PoleResidue",
  "eps_inf": 1.6561706361622723,
  "poles": [
    [
      {
        "real": -196666203257006.03,
        "imag": -5140763043150228.0
      },
      {
        "real": 5321427033619569.0,
        "imag": 4873400059194714.0
      }
    ],
    [
      {
        "real": -647437401710341.0,
        "imag": -6611529230280169.0
      },
      {
        "real": -4952566634939118.0,
        "imag": 2.7594618422661124e+16
      }
    ]
  ]
}