{
  "attrs": {},
  "name": "CP_M2",
  "frequency_range": null,
  "allow_gain": false,
  "nonlinear_spec": null,
  "modulation_spec": null,
  "viz_spec": null,
  "heat_spec": null,
  "type": "PoleResidue",
  "eps_inf": 1.6379277234266925,
  "poles": [
    [
      {
        "real": -195608879625402.16,
        "imag": -5138147149209794.0
      },
      {
        "real": 5329780043084001.0,
        "imag": 4816982777396255.0
      }
    ],
    [
      {
        "real": -651459311774317.6,
        "imag": -6613409968857864.0
      },
      {
        "real": -4973775179840837.0,
        "imag": 2.774761233819541e+16
      }
    ]
  ]
}