{
  "attrs": {},
  "name": "RP_M2",
  "frequency_range": null,
  "allow_gain": false,
  "nonlinear_spec": null,
  "modulation_spec": null,
  "viz_spec": null,
  "heat_spec": null,
  "type": "PoleResidue",
  "eps_inf": 0.9770775861408377,
  "poles": [
    [
      {
        "real": -809835981941629.8,
        "imag": -6387534346492221.0
      },
      {
        "real": 369996707754062.56,
        "imag": 2.9514603337017308e+16
      }
    ],
    [
      {
        "real": -182635772351328.34,
        "imag": -5134935645779297.0
      },
      {
        "real": 4443365091780492.0,
        "imag": 3931337294705593.5
      }
    ]
  ]
}