{
  "attrs": {},
  "name": "CP_M2",
  "frequency_range": null,
  "allow_gain": false,
  "nonlinear_spec": null,
  "modulation_spec": null,
  "viz_spec": null,
  "heat_spec": null,
  "type": "PoleResidue",
  "eps_inf": 3.149179691873167,
  "poles": [
    [
      {
        "real": -76597452610537.25,
        "imag": -465486399908978.94
      },
      {
        "real": 6706270711524473.0,
        "imag": 4.030811161913622e+17
      }
    ],
    [
      {
        "real": -841575521451891.2,
        "imag": -4992372904671975.0
      },
      {
        "real": 3829941651018153.5,
        "imag": 3731289866262817.5
      }
    ]
  ]
}