{
  "attrs": {},
  "name": "CP_M2",
  "frequency_range": null,
  "allow_gain": false,
  "nonlinear_spec": null,
  "modulation_spec": null,
  "viz_spec": null,
  "heat_spec": null,
  "type": "PoleResidue",
  "eps_inf": 2.0461524877676296,
  "poles": [
    [
      {
        "real": -53672433587313.76,
        "imag": -413609814400784.75
      },
      {
        "real": 9149710221786420.0,
        "imag": 4.461301856030625e+17
      }
    ],
    [
      {
        "real": -953127647539703.8,
        "imag": -4633585296052212.0
      },
      {
        "real": 5981685634908078.0,
        "imag": 1432369723449121.5
      }
    ]
  ]
}