{
  "attrs": {},
  "name": "CP_M3",
  "frequency_range": null,
  "allow_gain": false,
  "nonlinear_spec": null,
  "modulation_spec": null,
  "viz_spec": null,
  "heat_spec": null,
  "type": "PoleResidue",
  "eps_inf": 1.1414048089357258,
  "poles": [
    [
      {
        "real": -53672433587313.76,
        "imag": -413609814400784.75
      },
      {
        "real": 1.2260926258459058e+16,
        "imag": 4.342563004275574e+17
      }
    ],
    [
      {
        "real": -1047432752358808.8,
        "imag": -2318722203526052.5
      },
      {
        "real": -128194990615182.73,
        "imag": -3590805108526306.5
      }
    ],
    [
      {
        "real": -953127647539703.8,
        "imag": -4633585296052212.0
      },
      {
        "real": 5592091337254320.0,
        "imag": 618646213024561.1
      }
    ]
  ]
}