{
  "attrs": {},
  "name": "CP_M1",
  "frequency_range": null,
  "allow_gain": false,
  "nonlinear_spec": null,
  "modulation_spec": null,
  "viz_spec": null,
  "heat_spec": null,
  "type": "PoleResidue",
  "eps_inf": 6.5138905772586195,
  "poles": [
    [
      {
        "real": -7838334636172.053,
        "imag": -391325614942905.94
      },
      {
        "real": 1.34754618270593e+16,
        "imag": 4.785742063502795e+17
      }
    ]
  ]
}