{
  "attrs": {},
  "name": "SCP_M3",
  "frequency_range": null,
  "allow_gain": false,
  "nonlinear_spec": null,
  "modulation_spec": null,
  "viz_spec": null,
  "heat_spec": null,
  "type": "PoleResidue",
  "eps_inf": 2.3435979008241405,
  "poles": [
    [
      {
        "real": -119840525090201.05,
        "imag": -108284682445071.34
      },
      {
        "real": 1342786916909060.0,
        "imag": 1.8775406696387284e+18
      }
    ],
    [
      {
        "real": -2759379004476517.5,
        "imag": -7522895111195913.0
      },
      {
        "real": 4836860702868882.0,
        "imag": 1.4178030714388618e+16
      }
    ],
    [
      {
        "real": -670401034921190.2,
        "imag": -5341609334133534.0
      },
      {
        "real": -236787370635171.25,
        "imag": 3738910577076573.0
      }
    ]
  ]
}