{
  "attrs": {},
  "name": "CP_M1",
  "frequency_range": null,
  "allow_gain": false,
  "nonlinear_spec": null,
  "modulation_spec": null,
  "viz_spec": null,
  "heat_spec": null,
  "type": "PoleResidue",
  "eps_inf": 5.211149853286775,
  "poles": [
    [
      {
        "real": -20744730819660.355,
        "imag": -726022949784939.6
      },
      {
        "real": 1.257182220715471e+16,
        "imag": 2.3429425524709322e+17
      }
    ]
  ]
}