{
  "attrs": {},
  "name": "RP_M3",
  "frequency_range": null,
  "allow_gain": false,
  "nonlinear_spec": null,
  "modulation_spec": null,
  "viz_spec": null,
  "heat_spec": null,
  "type": "PoleResidue",
  "eps_inf": 1.7966213418730497,
  "poles": [
    [
      {
        "real": -531494855220392.6,
        "imag": 5627821493938174.0
      },
      {
        "real": 3856428303787649.0,
        "imag": 4481224898163555.5
      }
    ],
    [
      {
        "real": -64151768289755.03,
        "imag": -518376056402475.8
      },
      {
        "real": 7185612668069788.0,
        "imag": 3.498595846987744e+17
      }
    ],
    [
      {
        "real": -576502681341554.9,
        "imag": -5348305103510967.0
      },
      {
        "real": 153773788851690.22,
        "imag": 9117239405633740.0
      }
    ]
  ]
}