{
  "attrs": {},
  "name": "RP_M1",
  "frequency_range": null,
  "allow_gain": false,
  "nonlinear_spec": null,
  "modulation_spec": null,
  "viz_spec": null,
  "heat_spec": null,
  "type": "PoleResidue",
  "eps_inf": 0.7066381381182523,
  "poles": [
    [
      {
        "real": -118616087806605.53,
        "imag": -917998170753825.9
      },
      {
        "real": 1010402030639839.5,
        "imag": 1.6092072004109994e+17
      }
    ]
  ]
}