{
  "attrs": {},
  "name": "RP_M3",
  "frequency_range": null,
  "allow_gain": false,
  "nonlinear_spec": null,
  "modulation_spec": null,
  "viz_spec": null,
  "heat_spec": null,
  "type": "PoleResidue",
  "eps_inf": 1.7737292076391806,
  "poles": [
    [
      {
        "real": -537051243874718.3,
        "imag": 5640583183834113.0
      },
      {
        "real": 3985434867076745.5,
        "imag": 4253795523782440.5
      }
    ],
    [
      {
        "real": -64025453043850.734,
        "imag": -518557113609622.7
      },
      {
        "real": 7198320754933563.0,
        "imag": 3.496727157453837e+17
      }
    ],
    [
      {
        "real": -576418374574634.4,
        "imag": -5348575919009219.0
      },
      {
        "real": 60899197784206.625,
        "imag": 8915820713720525.0
      }
    ]
  ]
}