{
  "attrs": {},
  "name": "CP_M2",
  "frequency_range": null,
  "allow_gain": false,
  "nonlinear_spec": null,
  "modulation_spec": null,
  "viz_spec": null,
  "heat_spec": null,
  "type": "PoleResidue",
  "eps_inf": 1.239084811651616,
  "poles": [
    [
      {
        "real": -1345728140772336.8,
        "imag": -4135523364301938.0
      },
      {
        "real": 5652175704752133.0,
        "imag": 1.6089292521536986e+16
      }
    ],
    [
      {
        "real": -16103294027175.826,
        "imag": -7221316368629324.0
      },
      {
        "real": -4968048164190108.0,
        "imag": 9857649597866262.0
      }
    ]
  ],
  "model_family": "CP",
  "order_N": 2
}