{
  "attrs": {},
  "name": "CP_M1",
  "frequency_range": null,
  "allow_gain": false,
  "nonlinear_spec": null,
  "modulation_spec": null,
  "viz_spec": null,
  "heat_spec": null,
  "type": "PoleResidue",
  "eps_inf": 0.7587123197316226,
  "poles": [
    [
      {
        "real": -2165477803231385.0,
        "imag": -3917621957936096.5
      },
      {
        "real": 1.991774558839629e+16,
        "imag": 1.9138104164003292e+16
      }
    ]
  ]
}