{
  "attrs": {},
  "name": "CP_M3",
  "frequency_range": null,
  "allow_gain": false,
  "nonlinear_spec": null,
  "modulation_spec": null,
  "viz_spec": null,
  "heat_spec": null,
  "type": "PoleResidue",
  "eps_inf": 1.1086025524160001,
  "poles": [
    [
      {
        "real": -2786998824929976.0,
        "imag": -2704317129365919.5
      },
      {
        "real": 7825449075045815.0,
        "imag": 1.4925098698627352e+16
      }
    ],
    [
      {
        "real": -562183260200149.44,
        "imag": -3710774533204827.5
      },
      {
        "real": 5280244443800580.0,
        "imag": 3440547092274494.5
      }
    ],
    [
      {
        "real": -303200166366108.7,
        "imag": -6845485600637781.0
      },
      {
        "real": -2068964778460633.8,
        "imag": 6531039919399013.0
      }
    ]
  ]
}