{
  "attrs": {},
  "name": "SCP_M3",
  "frequency_range": null,
  "allow_gain": false,
  "nonlinear_spec": null,
  "modulation_spec": null,
  "viz_spec": null,
  "heat_spec": null,
  "type": "PoleResidue",
  "eps_inf": 1.4736981883523939,
  "poles": [
    [
      {
        "real": -539918746400954.8,
        "imag": -3796251699826726.5
      },
      {
        "real": 4429268267894346.5,
        "imag": 4004954283833318.5
      }
    ],
    [
      {
        "real": -2414374034390370.5,
        "imag": -3367167486628050.5
      },
      {
        "real": 1500789583237690.2,
        "imag": 1.3563966364869462e+16
      }
    ],
    [
      {
        "real": -567747403433015.8,
        "imag": -7149989913059268.0
      },
      {
        "real": -3377637550766596.5,
        "imag": 1.1857698747944872e+16
      }
    ]
  ]
}