{
  "attrs": {},
  "name": "RP_M1",
  "frequency_range": null,
  "allow_gain": false,
  "nonlinear_spec": null,
  "modulation_spec": null,
  "viz_spec": null,
  "heat_spec": null,
  "type": "PoleResidue",
  "eps_inf": 6.859110717813379,
  "poles": [
    [
      {
        "real": -682698229044714.6,
        "imag": -4019704778950470.0
      },
      {
        "real": 3297791830111088.0,
        "imag": 1.0432193021296358e+16
      }
    ]
  ]
}