{
  "attrs": {},
  "name": "SCP_M3",
  "frequency_range": null,
  "allow_gain": false,
  "nonlinear_spec": null,
  "modulation_spec": null,
  "viz_spec": null,
  "heat_spec": null,
  "type": "PoleResidue",
  "eps_inf": 1.3107534276563728,
  "poles": [
    [
      {
        "real": -540331759816436.9,
        "imag": -3799287663433726.0
      },
      {
        "real": 4384046160853776.5,
        "imag": 4070675120275505.0
      }
    ],
    [
      {
        "real": -2485996195723061.5,
        "imag": -3302869900788636.5
      },
      {
        "real": 2507995655986298.0,
        "imag": 1.365020955082024e+16
      }
    ],
    [
      {
        "real": -553876199295560.2,
        "imag": -7116463277773806.0
      },
      {
        "real": -3007943287569863.5,
        "imag": 1.1332046909630522e+16
      }
    ]
  ],
  "model_family": "SCP",
  "order_N": 3
}