{
  "attrs": {},
  "name": "CP_M3",
  "frequency_range": null,
  "allow_gain": false,
  "nonlinear_spec": null,
  "modulation_spec": null,
  "viz_spec": null,
  "heat_spec": null,
  "type": "PoleResidue",
  "eps_inf": 0.5818230287345699,
  "poles": [
    [
      {
        "real": -636813265033369.2,
        "imag": -742433832925298.9
      },
      {
        "real": 8.66608314212646e+16,
        "imag": 3.842677596210076e+16
      }
    ],
    [
      {
        "real": -598501088384197.1,
        "imag": -1540171352770267.2
      },
      {
        "real": -7.811412556944253e+16,
        "imag": 8.195298991876864e+16
      }
    ],
    [
      {
        "real": -1437925811559480.2,
        "imag": -5589787554463913.0
      },
      {
        "real": 4481791222563467.5,
        "imag": 9882420390644864.0
      }
    ]
  ]
}