{
  "attrs": {},
  "name": "CP_M2",
  "frequency_range": null,
  "allow_gain": false,
  "nonlinear_spec": null,
  "modulation_spec": null,
  "viz_spec": null,
  "heat_spec": null,
  "type": "PoleResidue",
  "eps_inf": 2.2160227841179996,
  "poles": [
    [
      {
        "real": -361243752108397.8,
        "imag": -1310634419685216.2
      },
      {
        "real": 5.257853667696539e+16,
        "imag": 9.841641332896368e+16
      }
    ],
    [
      {
        "real": -552652623655048.06,
        "imag": -1853089415314546.2
      },
      {
        "real": -3.490354821898024e+16,
        "imag": -6021660098588247.0
      }
    ]
  ]
}