{
  "attrs": {},
  "name": "CP_M1",
  "frequency_range": null,
  "allow_gain": false,
  "nonlinear_spec": null,
  "modulation_spec": null,
  "viz_spec": null,
  "heat_spec": null,
  "type": "PoleResidue",
  "eps_inf": 6.2149783470895645,
  "poles": [
    [
      {
        "real": -359784206664200.7,
        "imag": -1312152508410811.0
      },
      {
        "real": 1.1364912496065456e+16,
        "imag": 1.2936076667882363e+17
      }
    ]
  ]
}