{
  "attrs": {},
  "name": "CP_M2",
  "frequency_range": null,
  "allow_gain": false,
  "nonlinear_spec": null,
  "modulation_spec": null,
  "viz_spec": null,
  "heat_spec": null,
  "type": "PoleResidue",
  "eps_inf": 0.8422617326340202,
  "poles": [
    [
      {
        "real": -490850476440059.1,
        "imag": -1153315486773381.2
      },
      {
        "real": 1.425830115129059e+17,
        "imag": 8.018118741918384e+16
      }
    ],
    [
      {
        "real": -682331883096992.4,
        "imag": -1644005411537170.2
      },
      {
        "real": -1.1982194226021082e+17,
        "imag": -7455392101546338.0
      }
    ]
  ]
}