{
  "attrs": {},
  "name": "SCP_M2",
  "frequency_range": null,
  "allow_gain": false,
  "nonlinear_spec": null,
  "modulation_spec": null,
  "viz_spec": null,
  "heat_spec": null,
  "type": "PoleResidue",
  "eps_inf": 4.888139176976178,
  "poles": [
    [
      {
        "real": -223586640824118.25,
        "imag": -1639870961848130.2
      },
      {
        "real": 2.9948502156466436e+16,
        "imag": 3.881511917128362e+16
      }
    ],
    [
      {
        "real": -250509653979.32324,
        "imag": -1353818219259994.8
      },
      {
        "real": -1.460931304201511e+16,
        "imag": 6.623462663353156e+16
      }
    ]
  ],
  "model_family": "SCP",
  "order_N": 2
}