{
  "attrs": {},
  "name": "SCP_M3",
  "frequency_range": null,
  "allow_gain": false,
  "nonlinear_spec": null,
  "modulation_spec": null,
  "viz_spec": null,
  "heat_spec": null,
  "type": "PoleResidue",
  "eps_inf": 2.346688566650309,
  "poles": [
    [
      {
        "real": -6283185327.413167,
        "imag": -1286859632237530.0
      },
      {
        "real": -3.3221136359991364e+16,
        "imag": 4.016128498439754e+16
      }
    ],
    [
      {
        "real": -324512060074990.0,
        "imag": -1526320227285277.8
      },
      {
        "real": 3.5656941806337796e+16,
        "imag": 8.862560636507048e+16
      }
    ],
    [
      {
        "real": -1570117650505183.0,
        "imag": -5678323491516787.0
      },
      {
        "real": 3498848158802246.5,
        "imag": 1.3409925121740066e+16
      }
    ]
  ]
}