{
  "attrs": {},
  "name": "SCP_M3",
  "frequency_range": null,
  "allow_gain": false,
  "nonlinear_spec": null,
  "modulation_spec": null,
  "viz_spec": null,
  "heat_spec": null,
  "type": "PoleResidue",
  "eps_inf": 2.190084219411038,
  "poles": [
    [
      {
        "real": -6283185307.807905,
        "imag": -7216305222970428.0
      },
      {
        "real": 13156018344.05615,
        "imag": 831746114716761.0
      }
    ],
    [
      {
        "real": -6283185307.807905,
        "imag": -9766133703343682.0
      },
      {
        "real": -86899893165.48616,
        "imag": 5733451297988546.0
      }
    ],
    [
      {
        "real": -6283185307.807905,
        "imag": -1.0203601243152214e+16
      },
      {
        "real": 84346390093.24611,
        "imag": 4076435753307529.5
      }
    ]
  ]
}