{
  "attrs": {},
  "name": "SCP_M3",
  "frequency_range": null,
  "allow_gain": false,
  "nonlinear_spec": null,
  "modulation_spec": null,
  "viz_spec": null,
  "heat_spec": null,
  "type": "PoleResidue",
  "eps_inf": 2.4184613951938614,
  "poles": [
    [
      {
        "real": -6283185307.807905,
        "imag": -6819318949413530.0
      },
      {
        "real": -5193695973.356492,
        "imag": 186394551556787.3
      }
    ],
    [
      {
        "real": -6283185307.807905,
        "imag": -6976259836135164.0
      },
      {
        "real": 15724291856.521984,
        "imag": 43991434523181.77
      }
    ],
    [
      {
        "real": -6283185307.807905,
        "imag": -9180436198683510.0
      },
      {
        "real": -7384925061.863566,
        "imag": 8764589220353510.0
      }
    ]
  ]
}