{
  "attrs": {},
  "name": "CP_M2",
  "frequency_range": null,
  "allow_gain": false,
  "nonlinear_spec": null,
  "modulation_spec": null,
  "viz_spec": null,
  "heat_spec": null,
  "type": "PoleResidue",
  "eps_inf": 2.4843373257983967,
  "poles": [
    [
      {
        "real": -6283185307.179586,
        "imag": -6942023792203236.0
      },
      {
        "real": 10275881484.284262,
        "imag": 262234765876461.7
      }
    ],
    [
      {
        "real": -6283185307.179586,
        "imag": -9077785667301314.0
      },
      {
        "real": -15803574534.031366,
        "imag": 8335821685336356.0
      }
    ]
  ],
  "model_family": "CP",
  "order_N": 2
}