{
  "attrs": {},
  "name": "CP_M3",
  "frequency_range": null,
  "allow_gain": false,
  "nonlinear_spec": null,
  "modulation_spec": null,
  "viz_spec": null,
  "heat_spec": null,
  "type": "PoleResidue",
  "eps_inf": 2.190810677585692,
  "poles": [
    [
      {
        "real": -6283185307.179586,
        "imag": -7219153842547523.0
      },
      {
        "real": 9842159913.310818,
        "imag": 835684686868751.5
      }
    ],
    [
      {
        "real": -6283185307.179586,
        "imag": -9778642245295332.0
      },
      {
        "real": 80686194981.87108,
        "imag": 6460219559295680.0
      }
    ],
    [
      {
        "real": -6283185307.179586,
        "imag": -1.028463513510756e+16
      },
      {
        "real": -96178280329.29855,
        "imag": 3343407857990674.0
      }
    ]
  ]
}