{
  "attrs": {},
  "name": "CP_M2",
  "frequency_range": null,
  "allow_gain": false,
  "nonlinear_spec": null,
  "modulation_spec": null,
  "viz_spec": null,
  "heat_spec": null,
  "type": "PoleResidue",
  "eps_inf": 2.413941648552665,
  "poles": [
    [
      {
        "real": -6283185307.179586,
        "imag": -6819318949413530.0
      },
      {
        "real": 6230884014.22518,
        "imag": 215637163001299.8
      }
    ],
    [
      {
        "real": -6283185307.179586,
        "imag": -9180436198683510.0
      },
      {
        "real": -732398189.0058463,
        "imag": 8803145362435372.0
      }
    ]
  ]
}