{
  "attrs": {},
  "name": "SCP_M1",
  "frequency_range": null,
  "allow_gain": false,
  "nonlinear_spec": null,
  "modulation_spec": null,
  "viz_spec": null,
  "heat_spec": null,
  "type": "PoleResidue",
  "eps_inf": 2.713047578447152,
  "poles": [
    [
      {
        "real": -6592388702.341775,
        "imag": -8538288737566892.0
      },
      {
        "real": 9543859531.384521,
        "imag": 7201702047431624.0
      }
    ]
  ]
}