{
  "attrs": {},
  "name": "CP_M1",
  "frequency_range": null,
  "allow_gain": false,
  "nonlinear_spec": null,
  "modulation_spec": null,
  "viz_spec": null,
  "heat_spec": null,
  "type": "PoleResidue",
  "eps_inf": 2.6061571280753135,
  "poles": [
    [
      {
        "real": -6283185307.179586,
        "imag": -8679631852075209.0
      },
      {
        "real": 9585818367.735048,
        "imag": 7766612838508169.0
      }
    ]
  ]
}