{
  "attrs": {},
  "name": "SCP_M1",
  "frequency_range": null,
  "allow_gain": false,
  "nonlinear_spec": null,
  "modulation_spec": null,
  "viz_spec": null,
  "heat_spec": null,
  "type": "PoleResidue",
  "eps_inf": 2.7120163938392126,
  "poles": [
    [
      {
        "real": -6518883629.066316,
        "imag": -8539608303860516.0
      },
      {
        "real": 9420545541.214943,
        "imag": 7207018267326205.0
      }
    ]
  ]
}