{
    "attrs": {},
    "name": "RP_selected_M3",
    "frequency_range": null,
    "allow_gain": false,
    "nonlinear_spec": null,
    "modulation_spec": null,
    "viz_spec": null,
    "heat_spec": null,
    "type": "PoleResidue",
    "eps_inf": 2.4565272266979212,
    "poles": [
        [
            {
                "real": -241.14476243442178,
                "imag": 6743822756094097.0
            },
            {
                "real": 410467305.3852978,
                "imag": -137151871669050.78
            }
        ],
        [
            {
                "real": -60.365586115809165,
                "imag": -9075926462187844.0
            },
            {
                "real": -2999048364.782762,
                "imag": 8578989737895173.0
            }
        ],
        [
            {
                "real": -27.76902718905236,
                "imag": -6905960083336496.0
            },
            {
                "real": -48954310.88033614,
                "imag": 27053127654677.113
            }
        ]
    ]
}