{
  "attrs": {},
  "name": "RP_M3",
  "frequency_range": null,
  "allow_gain": false,
  "nonlinear_spec": null,
  "modulation_spec": null,
  "viz_spec": null,
  "heat_spec": null,
  "type": "PoleResidue",
  "eps_inf": 2.1138925945596023,
  "poles": [
    [
      {
        "real": -628.3185307179587,
        "imag": 1.045375932418451e+16
      },
      {
        "real": -1527272546.235287,
        "imag": -9701706310041924.0
      }
    ],
    [
      {
        "real": -628.3185307179587,
        "imag": 7565827642279727.0
      },
      {
        "real": -1188366999.2242067,
        "imag": -1581862138373933.2
      }
    ],
    [
      {
        "real": -628.3185307179587,
        "imag": 6551223807084043.0
      },
      {
        "real": 281655468.777756,
        "imag": -18393297685995.45
      }
    ]
  ],
  "model_family": "RP",
  "order_N": 3
}