{
  "attrs": {},
  "name": "RP_M3",
  "frequency_range": null,
  "allow_gain": false,
  "nonlinear_spec": null,
  "modulation_spec": null,
  "viz_spec": null,
  "heat_spec": null,
  "type": "PoleResidue",
  "eps_inf": 2.4552574214047085,
  "poles": [
    [
      {
        "real": -22.374780591229886,
        "imag": 6750785992616980.0
      },
      {
        "real": 419988264.1589838,
        "imag": -145619503869248.47
      }
    ],
    [
      {
        "real": -8.797702287710502,
        "imag": -9078862050698614.0
      },
      {
        "real": -3012893614.0350285,
        "imag": 8586259136501767.0
      }
    ],
    [
      {
        "real": -2.396477293875476,
        "imag": -6907233288075231.0
      },
      {
        "real": -51354215.53705336,
        "imag": 19450729451580.18
      }
    ]
  ]
}