{
  "attrs": {},
  "name": "SCP_M2",
  "frequency_range": null,
  "allow_gain": false,
  "nonlinear_spec": null,
  "modulation_spec": null,
  "viz_spec": null,
  "heat_spec": null,
  "type": "PoleResidue",
  "eps_inf": 2.4877390689740233,
  "poles": [
    [
      {
        "real": -6283185307.807905,
        "imag": -6942023792203236.0
      },
      {
        "real": 7903098486.648784,
        "imag": 266302644914992.03
      }
    ],
    [
      {
        "real": -6283185307.807905,
        "imag": -9077785667301314.0
      },
      {
        "real": -4025337567.3215957,
        "imag": 8316168665720584.0
      }
    ]
  ],
  "model_family": "SCP",
  "order_N": 2
}