{
  "attrs": {},
  "name": "SCP_M1",
  "frequency_range": null,
  "allow_gain": false,
  "nonlinear_spec": null,
  "modulation_spec": null,
  "viz_spec": null,
  "heat_spec": null,
  "type": "PoleResidue",
  "eps_inf": 7.967158073715671,
  "poles": [
    [
      {
        "real": -15252807856907.855,
        "imag": -85622679785307.62
      },
      {
        "real": 6836366856875717.0,
        "imag": 1.0429570482756387e+18
      }
    ]
  ]
}