{
  "attrs": {},
  "name": "SCP_M3",
  "frequency_range": null,
  "allow_gain": false,
  "nonlinear_spec": null,
  "modulation_spec": null,
  "viz_spec": null,
  "heat_spec": null,
  "type": "PoleResidue",
  "eps_inf": 0.27133818163078005,
  "poles": [
    [
      {
        "real": -120571949890065.72,
        "imag": -85625188790907.6
      },
      {
        "real": 4.442784006539847e+16,
        "imag": 1.0990516749955104e+18
      }
    ],
    [
      {
        "real": -1025547782223930.0,
        "imag": -207021581106984.94
      },
      {
        "real": -2.7751921532598164e+16,
        "imag": -3.4981136162975885e+17
      }
    ],
    [
      {
        "real": -969772457233980.0,
        "imag": -3553151835193159.5
      },
      {
        "real": 4603071306145831.0,
        "imag": -4282839732249144.0
      }
    ]
  ]
}