{
  "attrs": {},
  "name": "SCP_M2",
  "frequency_range": null,
  "allow_gain": false,
  "nonlinear_spec": null,
  "modulation_spec": null,
  "viz_spec": null,
  "heat_spec": null,
  "type": "PoleResidue",
  "eps_inf": 1.6013572340013018,
  "poles": [
    [
      {
        "real": -6283185321.930334,
        "imag": -85622681941449.02
      },
      {
        "real": 4989813028825404.0,
        "imag": 1.0356369665875292e+18
      }
    ],
    [
      {
        "real": -1350574648084266.0,
        "imag": -3765119782491441.5
      },
      {
        "real": 1.0636113788378594e+16,
        "imag": -932330486625395.8
      }
    ]
  ]
}