{
  "attrs": {},
  "name": "CP_M2",
  "frequency_range": null,
  "allow_gain": false,
  "nonlinear_spec": null,
  "modulation_spec": null,
  "viz_spec": null,
  "heat_spec": null,
  "type": "PoleResidue",
  "eps_inf": 0.4461805677499562,
  "poles": [
    [
      {
        "real": -59116395440414.33,
        "imag": -895105813774795.5
      },
      {
        "real": 5226390395104936.0,
        "imag": 7.786325178827957e+16
      }
    ],
    [
      {
        "real": -1073252416471818.4,
        "imag": -3618780037040407.0
      },
      {
        "real": 8097467178660832.0,
        "imag": -2384774113281293.0
      }
    ]
  ]
}