{
  "attrs": {},
  "name": "RP_M2",
  "frequency_range": null,
  "allow_gain": false,
  "nonlinear_spec": null,
  "modulation_spec": null,
  "viz_spec": null,
  "heat_spec": null,
  "type": "PoleResidue",
  "eps_inf": 1.4993656723940858,
  "poles": [
    [
      {
        "real": -1352402846767746.0,
        "imag": 3817019251292579.5
      },
      {
        "real": 1.0184246939895728e+16,
        "imag": -998618034151625.6
      }
    ],
    [
      {
        "real": -26090433210807.633,
        "imag": 401854196679092.2
      },
      {
        "real": 2712948410053063.5,
        "imag": -2.1548342475587696e+17
      }
    ]
  ],
  "model_family": "RP",
  "order_N": 2
}