{
  "attrs": {},
  "name": "RP_M2",
  "frequency_range": null,
  "allow_gain": false,
  "nonlinear_spec": null,
  "modulation_spec": null,
  "viz_spec": null,
  "heat_spec": null,
  "type": "PoleResidue",
  "eps_inf": 0.28077005370428415,
  "poles": [
    [
      {
        "real": -40790519737093.81,
        "imag": -883199693817324.5
      },
      {
        "real": 2052109381819859.0,
        "imag": 7.654558845714486e+16
      }
    ],
    [
      {
        "real": -1000829655504332.8,
        "imag": -3669479680391403.0
      },
      {
        "real": 6778765718916520.0,
        "imag": 260851522560908.6
      }
    ]
  ]
}