{
  "attrs": {},
  "name": "SCP_M3",
  "frequency_range": null,
  "allow_gain": false,
  "nonlinear_spec": null,
  "modulation_spec": null,
  "viz_spec": null,
  "heat_spec": null,
  "type": "PoleResidue",
  "eps_inf": 0.8707400038410131,
  "poles": [
    [
      {
        "real": -664054942489.1282,
        "imag": -170119265407688.94
      },
      {
        "real": 6367480169572940.0,
        "imag": 5.118595401367671e+17
      }
    ],
    [
      {
        "real": -937357133694797.8,
        "imag": -2900223829346506.0
      },
      {
        "real": 7669808249155907.0,
        "imag": 1.2732141529308436e+16
      }
    ],
    [
      {
        "real": -1009816844196755.1,
        "imag": -3252353994185462.5
      },
      {
        "real": 4812120583865860.0,
        "imag": -1.9503451971700292e+16
      }
    ]
  ],
  "model_family": "SCP",
  "order_N": 3
}