{
  "attrs": {},
  "name": "CP_M2",
  "frequency_range": null,
  "allow_gain": false,
  "nonlinear_spec": null,
  "modulation_spec": null,
  "viz_spec": null,
  "heat_spec": null,
  "type": "PoleResidue",
  "eps_inf": 0.5818784972947234,
  "poles": [
    [
      {
        "real": -982448561821406.5,
        "imag": -4256985708213356.0
      },
      {
        "real": 2613005182749609.5,
        "imag": 4217390012534758.5
      }
    ],
    [
      {
        "real": -2240232905696160.0,
        "imag": -1.0944706538071492e+16
      },
      {
        "real": -1424663462786446.5,
        "imag": 1.7647826818464284e+16
      }
    ]
  ]
}