{
  "attrs": {},
  "name": "CP_M2",
  "frequency_range": null,
  "allow_gain": false,
  "nonlinear_spec": null,
  "modulation_spec": null,
  "viz_spec": null,
  "heat_spec": null,
  "type": "PoleResidue",
  "eps_inf": 0.8698705271434855,
  "poles": [
    [
      {
        "real": -510296057978609.75,
        "imag": -453378469246835.2
      },
      {
        "real": 6782307980780158.0,
        "imag": 1.5545121407693654e+16
      }
    ],
    [
      {
        "real": -1311665684540041.0,
        "imag": -2256736838032705.5
      },
      {
        "real": 2.8708251274540292e+16,
        "imag": -1.1025947104555768e+16
      }
    ]
  ]
}