{
  "attrs": {},
  "name": "SCP_M2",
  "frequency_range": null,
  "allow_gain": false,
  "nonlinear_spec": null,
  "modulation_spec": null,
  "viz_spec": null,
  "heat_spec": null,
  "type": "PoleResidue",
  "eps_inf": 15.442402596781585,
  "poles": [
    [
      {
        "real": -46776151371763.06,
        "imag": -2687482250785114.5
      },
      {
        "real": 6867900698822866.0,
        "imag": 5.5319554706922584e+16
      }
    ],
    [
      {
        "real": -47022645530149.44,
        "imag": -2687272990241418.0
      },
      {
        "real": -6860865702878263.0,
        "imag": -5.490639816083598e+16
      }
    ]
  ]
}