{
  "attrs": {},
  "name": "SCP_M2",
  "frequency_range": null,
  "allow_gain": false,
  "nonlinear_spec": null,
  "modulation_spec": null,
  "viz_spec": null,
  "heat_spec": null,
  "type": "PoleResidue",
  "eps_inf": 1.0711480310581036,
  "poles": [
    [
      {
        "real": -624031615689616.8,
        "imag": -85695981718729.31
      },
      {
        "real": 1.492114038156701e+16,
        "imag": 2.702992227090375e+17
      }
    ],
    [
      {
        "real": -2071414742433511.0,
        "imag": -4621210384658315.0
      },
      {
        "real": -1.330739488307671e+16,
        "imag": 613703133032550.1
      }
    ]
  ]
}