{
  "attrs": {},
  "name": "RP_M1",
  "frequency_range": null,
  "allow_gain": false,
  "nonlinear_spec": null,
  "modulation_spec": null,
  "viz_spec": null,
  "heat_spec": null,
  "type": "PoleResidue",
  "eps_inf": 0.8897669265676768,
  "poles": [
    [
      {
        "real": -2303222488229372.5,
        "imag": 3922711026374088.5
      },
      {
        "real": 8217928853996558.0,
        "imag": -1.0336885203934914e+16
      }
    ]
  ],
  "model_family": "RP",
  "order_N": 1
}