{
  "attrs": {},
  "name": "SCP_M3",
  "frequency_range": null,
  "allow_gain": false,
  "nonlinear_spec": null,
  "modulation_spec": null,
  "viz_spec": null,
  "heat_spec": null,
  "type": "PoleResidue",
  "eps_inf": 1.4569185185971765,
  "poles": [
    [
      {
        "real": -2215491018543440.5,
        "imag": -172360302016267.1
      },
      {
        "real": 1032584602886268.6,
        "imag": -1.5392280786371118e+16
      }
    ],
    [
      {
        "real": -420088370286820.94,
        "imag": -85629045969003.94
      },
      {
        "real": 5288396856412169.0,
        "imag": 3.035881570461474e+16
      }
    ],
    [
      {
        "real": -1108410324597750.4,
        "imag": -7698296112229898.0
      },
      {
        "real": -1956533479846270.0,
        "imag": 1952797854160210.5
      }
    ]
  ]
}