{
  "attrs": {},
  "name": "RP_M3",
  "frequency_range": null,
  "allow_gain": false,
  "nonlinear_spec": null,
  "modulation_spec": null,
  "viz_spec": null,
  "heat_spec": null,
  "type": "PoleResidue",
  "eps_inf": 0.5031188546979612,
  "poles": [
    [
      {
        "real": -226566754443186.25,
        "imag": -80719765655059.97
      },
      {
        "real": 5334736714349667.0,
        "imag": 1.421949354938243e+16
      }
    ],
    [
      {
        "real": -4584433208547625.0,
        "imag": -2450062458288968.0
      },
      {
        "real": 5051966555324472.0,
        "imag": -2171234310238552.2
      }
    ],
    [
      {
        "real": -1513386515898889.8,
        "imag": -6364885243006434.0
      },
      {
        "real": 546718055337029.75,
        "imag": 943136783468999.9
      }
    ]
  ]
}