{
  "attrs": {},
  "name": "RP_M3",
  "frequency_range": null,
  "allow_gain": false,
  "nonlinear_spec": null,
  "modulation_spec": null,
  "viz_spec": null,
  "heat_spec": null,
  "type": "PoleResidue",
  "eps_inf": 0.2830802331974146,
  "poles": [
    [
      {
        "real": -7416980956438697.0,
        "imag": -994852590361757.6
      },
      {
        "real": 8126972055301661.0,
        "imag": -5944374976951232.0
      }
    ],
    [
      {
        "real": -315771172613024.1,
        "imag": -171775466102836.47
      },
      {
        "real": 4975193098063647.0,
        "imag": 1.1666803292903774e+16
      }
    ],
    [
      {
        "real": -1388674883429317.0,
        "imag": -6186803159599499.0
      },
      {
        "real": 456468549945676.25,
        "imag": 783964796134029.0
      }
    ]
  ]
}