{
  "attrs": {},
  "name": "RP_M3",
  "frequency_range": null,
  "allow_gain": false,
  "nonlinear_spec": null,
  "modulation_spec": null,
  "viz_spec": null,
  "heat_spec": null,
  "type": "PoleResidue",
  "eps_inf": 1.2023902381761444,
  "poles": [
    [
      {
        "real": -842304817958495.2,
        "imag": 8393881109841108.0
      },
      {
        "real": -3199875243693562.5,
        "imag": -3002650560845291.5
      }
    ],
    [
      {
        "real": -241956898917789.34,
        "imag": 1662458108379498.0
      },
      {
        "real": -205294310571645.97,
        "imag": -97101343617659.83
      }
    ],
    [
      {
        "real": -339774524432771.3,
        "imag": -0.052318027470349755
      },
      {
        "real": 5790005199815734.0,
        "imag": 0.0
      }
    ]
  ],
  "model_family": "RP",
  "order_N": 3
}