{
  "attrs": {},
  "name": "SCP_M2",
  "frequency_range": null,
  "allow_gain": false,
  "nonlinear_spec": null,
  "modulation_spec": null,
  "viz_spec": null,
  "heat_spec": null,
  "type": "PoleResidue",
  "eps_inf": 2.3331015268567836,
  "poles": [
    [
      {
        "real": -1448189854092190.0,
        "imag": -5403100242048488.0
      },
      {
        "real": -8593050246.866415,
        "imag": -7324921696.86562
      }
    ],
    [
      {
        "real": -26540704535.799862,
        "imag": -8809212481185960.0
      },
      {
        "real": 47229090234.73513,
        "imag": 8097086341445877.0
      }
    ]
  ]
}