{
  "attrs": {},
  "name": "SCP_M3",
  "frequency_range": null,
  "allow_gain": false,
  "nonlinear_spec": null,
  "modulation_spec": null,
  "viz_spec": null,
  "heat_spec": null,
  "type": "PoleResidue",
  "eps_inf": 2.5209331586772903,
  "poles": [
    [
      {
        "real": -1545021973054458.8,
        "imag": -1.2617858837345176e+16
      },
      {
        "real": -560465342544453.5,
        "imag": 2371807126627666.0
      }
    ],
    [
      {
        "real": -360374233872626.9,
        "imag": -6946067971629745.0
      },
      {
        "real": 394988534995201.75,
        "imag": 197983167318916.06
      }
    ],
    [
      {
        "real": -388019948516704.0,
        "imag": -8900764594627164.0
      },
      {
        "real": 517456877375438.1,
        "imag": 6604650770349336.0
      }
    ]
  ]
}