{
  "attrs": {},
  "name": "CP_M2",
  "frequency_range": null,
  "allow_gain": false,
  "nonlinear_spec": null,
  "modulation_spec": null,
  "viz_spec": null,
  "heat_spec": null,
  "type": "PoleResidue",
  "eps_inf": 0.934992726631034,
  "poles": [
    [
      {
        "real": -1.1027041727027234e+16,
        "imag": -5851400376958477.0
      },
      {
        "real": 2.080142837202683e+16,
        "imag": -7501691479619663.0
      }
    ],
    [
      {
        "real": -586465977204325.8,
        "imag": -8020462690382333.0
      },
      {
        "real": 2948755116736030.5,
        "imag": 4255197429647399.5
      }
    ]
  ]
}