{
  "attrs": {},
  "name": "SCP_M2",
  "frequency_range": null,
  "allow_gain": false,
  "nonlinear_spec": null,
  "modulation_spec": null,
  "viz_spec": null,
  "heat_spec": null,
  "type": "PoleResidue",
  "eps_inf": 14.77779169585191,
  "poles": [
    [
      {
        "real": -2.9071553927990804e+16,
        "imag": -742391806099049.4
      },
      {
        "real": 13046634231134.455,
        "imag": -228255500503320.88
      }
    ],
    [
      {
        "real": -2.7324693782271116e+16,
        "imag": -742390978631067.8
      },
      {
        "real": 13045684438354.436,
        "imag": -228255621330434.8
      }
    ]
  ]
}