{
  "attrs": {},
  "name": "RP_M2",
  "frequency_range": null,
  "allow_gain": false,
  "nonlinear_spec": null,
  "modulation_spec": null,
  "viz_spec": null,
  "heat_spec": null,
  "type": "PoleResidue",
  "eps_inf": 17.061317893212134,
  "poles": [
    [
      {
        "real": -458756838376012.56,
        "imag": 5181892450470958.0
      },
      {
        "real": -1.0725291427349996e+16,
        "imag": -3974962495002498.5
      }
    ],
    [
      {
        "real": -458756838376016.4,
        "imag": 5181892450470953.0
      },
      {
        "real": 1.0876994180624192e+16,
        "imag": 3218457997848885.5
      }
    ]
  ],
  "model_family": "RP",
  "order_N": 2
}