{
  "attrs": {},
  "name": "RP_M2",
  "frequency_range": null,
  "allow_gain": false,
  "nonlinear_spec": null,
  "modulation_spec": null,
  "viz_spec": null,
  "heat_spec": null,
  "type": "PoleResidue",
  "eps_inf": 17.463141107832943,
  "poles": [
    [
      {
        "real": -270199732476930.22,
        "imag": -5060517832536723.0
      },
      {
        "real": -185524706.80278698,
        "imag": 71902681407072.69
      }
    ],
    [
      {
        "real": -270199732476930.16,
        "imag": -5060517832536723.0
      },
      {
        "real": -185524322.65527382,
        "imag": -71900213563280.31
      }
    ]
  ]
}