{
  "attrs": {},
  "name": "SCP_M2",
  "frequency_range": null,
  "allow_gain": false,
  "nonlinear_spec": null,
  "modulation_spec": null,
  "viz_spec": null,
  "heat_spec": null,
  "type": "PoleResidue",
  "eps_inf": 1.3582612246885657,
  "poles": [
    [
      {
        "real": -50355661130.74527,
        "imag": -85681483734865.39
      },
      {
        "real": 1.1395754853602292e+16,
        "imag": 9.215386465325868e+17
      }
    ],
    [
      {
        "real": -1633555895686000.2,
        "imag": -3950220434947629.5
      },
      {
        "real": 2.0482459404081716e+16,
        "imag": 6626134344491699.0
      }
    ]
  ]
}