{
  "attrs": {},
  "name": "SCP_M2",
  "frequency_range": null,
  "allow_gain": false,
  "nonlinear_spec": null,
  "modulation_spec": null,
  "viz_spec": null,
  "heat_spec": null,
  "type": "PoleResidue",
  "eps_inf": 1.436244955415634,
  "poles": [
    [
      {
        "real": -134398975851.80957,
        "imag": -88972031556647.16
      },
      {
        "real": 1.1282039737025316e+16,
        "imag": 8.897179136979227e+17
      }
    ],
    [
      {
        "real": -1625076914560077.5,
        "imag": -3969020630172761.5
      },
      {
        "real": 2.0223884620006864e+16,
        "imag": 6989049664434479.0
      }
    ]
  ]
}