{
  "attrs": {},
  "name": "CP_M3",
  "frequency_range": null,
  "allow_gain": false,
  "nonlinear_spec": null,
  "modulation_spec": null,
  "viz_spec": null,
  "heat_spec": null,
  "type": "PoleResidue",
  "eps_inf": 1.7892932503564032,
  "poles": [
    [
      {
        "real": -350227948075273.2,
        "imag": -774741513868167.9
      },
      {
        "real": 1.6914425846493418e+16,
        "imag": 1.2476815662046944e+17
      }
    ],
    [
      {
        "real": -28746515878582.402,
        "imag": -1442326919056474.8
      },
      {
        "real": -1.3688171237407638e+16,
        "imag": -2969046202270981.0
      }
    ],
    [
      {
        "real": -1638371583175841.8,
        "imag": -4173912078678832.5
      },
      {
        "real": 1.931244637819791e+16,
        "imag": 1.3740411071565424e+16
      }
    ]
  ]
}