{
  "attrs": {},
  "name": "CP_M2",
  "frequency_range": null,
  "allow_gain": false,
  "nonlinear_spec": null,
  "modulation_spec": null,
  "viz_spec": null,
  "heat_spec": null,
  "type": "PoleResidue",
  "eps_inf": 1.277256573141475,
  "poles": [
    [
      {
        "real": -72050313153279.58,
        "imag": -693337183484266.4
      },
      {
        "real": 6206271453833058.0,
        "imag": 1.0690128480909274e+17
      }
    ],
    [
      {
        "real": -1698571741217694.5,
        "imag": -4397679253503903.0
      },
      {
        "real": 1.6329982690447132e+16,
        "imag": 1.573086170106293e+16
      }
    ]
  ]
}