{
  "attrs": {},
  "name": "CP_M1",
  "frequency_range": null,
  "allow_gain": false,
  "nonlinear_spec": null,
  "modulation_spec": null,
  "viz_spec": null,
  "heat_spec": null,
  "type": "PoleResidue",
  "eps_inf": 11.63582174959728,
  "poles": [
    [
      {
        "real": -72050313153279.58,
        "imag": -693337183484266.4
      },
      {
        "real": 1.1169973607393862e+16,
        "imag": 9.919835590279154e+16
      }
    ]
  ]
}