{
  "attrs": {},
  "name": "SCP_M1",
  "frequency_range": null,
  "allow_gain": false,
  "nonlinear_spec": null,
  "modulation_spec": null,
  "viz_spec": null,
  "heat_spec": null,
  "type": "PoleResidue",
  "eps_inf": 12.766708592431874,
  "poles": [
    [
      {
        "real": -15783828569272.904,
        "imag": -103998833091256.33
      },
      {
        "real": 1.3364481766426678e+16,
        "imag": 7.880729615753778e+17
      }
    ]
  ]
}