{
  "attrs": {},
  "name": "SCP_M3",
  "frequency_range": null,
  "allow_gain": false,
  "nonlinear_spec": null,
  "modulation_spec": null,
  "viz_spec": null,
  "heat_spec": null,
  "type": "PoleResidue",
  "eps_inf": 0.8013406490109533,
  "poles": [
    [
      {
        "real": -109627533665.60864,
        "imag": -90968151724588.78
      },
      {
        "real": 9811646797997122.0,
        "imag": 9.090700492826472e+17
      }
    ],
    [
      {
        "real": -1108429427201126.4,
        "imag": -1316333578918643.5
      },
      {
        "real": 7157487264286125.0,
        "imag": -2961726721401622.5
      }
    ],
    [
      {
        "real": -1477430890277293.5,
        "imag": -3719067325148057.5
      },
      {
        "real": 1.9437223311215916e+16,
        "imag": -554560793430468.44
      }
    ]
  ]
}