{
  "attrs": {},
  "name": "SCP_M3",
  "frequency_range": null,
  "allow_gain": false,
  "nonlinear_spec": null,
  "modulation_spec": null,
  "viz_spec": null,
  "heat_spec": null,
  "type": "PoleResidue",
  "eps_inf": 2.524556983599346,
  "poles": [
    [
      {
        "real": -463509246361376.06,
        "imag": -2392797004103676.5
      },
      {
        "real": 26246162297682.254,
        "imag": 61721038544873.79
      }
    ],
    [
      {
        "real": -227938143749575.9,
        "imag": -5104122595220648.0
      },
      {
        "real": 7227065653647398.0,
        "imag": 1.374602523031074e+16
      }
    ],
    [
      {
        "real": -228209823021801.62,
        "imag": -5103826276486016.0
      },
      {
        "real": -7243220756690185.0,
        "imag": -1.3726059206450796e+16
      }
    ]
  ]
}