{
  "attrs": {},
  "name": "SCP_M1",
  "frequency_range": null,
  "allow_gain": false,
  "nonlinear_spec": null,
  "modulation_spec": null,
  "viz_spec": null,
  "heat_spec": null,
  "type": "PoleResidue",
  "eps_inf": 2.5669936725395734,
  "poles": [
    [
      {
        "real": -84696261329533.78,
        "imag": -3104252320041813.5
      },
      {
        "real": -107528680449.64465,
        "imag": 6666963266709.949
      }
    ]
  ]
}