{
  "attrs": {},
  "name": "SCP_M2",
  "frequency_range": null,
  "allow_gain": false,
  "nonlinear_spec": null,
  "modulation_spec": null,
  "viz_spec": null,
  "heat_spec": null,
  "type": "PoleResidue",
  "eps_inf": 2.5327384594486597,
  "poles": [
    [
      {
        "real": -111814035958999.62,
        "imag": -3162889591808751.5
      },
      {
        "real": -176706289340.72812,
        "imag": 8309892083658.22
      }
    ],
    [
      {
        "real": -13297585959269.39,
        "imag": -5036878905926843.0
      },
      {
        "real": 4288349380.070057,
        "imag": 233520315443.39172
      }
    ]
  ]
}