{
  "attrs": {},
  "name": "RP_M3",
  "frequency_range": null,
  "allow_gain": false,
  "nonlinear_spec": null,
  "modulation_spec": null,
  "viz_spec": null,
  "heat_spec": null,
  "type": "PoleResidue",
  "eps_inf": 2.5426891716286635,
  "poles": [
    [
      {
        "real": -5038951864254.06,
        "imag": 5240659739900190.0
      },
      {
        "real": -412632750487.8644,
        "imag": -1443430363068.7927
      }
    ],
    [
      {
        "real": -108756671609706.47,
        "imag": 4019943922881789.0
      },
      {
        "real": -12339699609221.244,
        "imag": -7478900016837.805
      }
    ],
    [
      {
        "real": -578435792009043.5,
        "imag": -0.05745331004972994
      },
      {
        "real": 71080680981475.5,
        "imag": 0.0
      }
    ]
  ],
  "model_family": "RP",
  "order_N": 3
}