{
  "attrs": {},
  "name": "SCP_M1",
  "frequency_range": null,
  "allow_gain": false,
  "nonlinear_spec": null,
  "modulation_spec": null,
  "viz_spec": null,
  "heat_spec": null,
  "type": "PoleResidue",
  "eps_inf": 11.846499679332602,
  "poles": [
    [
      {
        "real": -6283185307.179587,
        "imag": -105336465043658.12
      },
      {
        "real": 7664807167067254.0,
        "imag": 1.0533646483061009e+18
      }
    ]
  ]
}