{
  "attrs": {},
  "name": "CP_M1",
  "frequency_range": null,
  "allow_gain": false,
  "nonlinear_spec": null,
  "modulation_spec": null,
  "viz_spec": null,
  "heat_spec": null,
  "type": "PoleResidue",
  "eps_inf": 10.52964595467565,
  "poles": [
    [
      {
        "real": -62672846075752.734,
        "imag": -693391476628487.8
      },
      {
        "real": 6066680766898310.0,
        "imag": 1.4262676902276046e+17
      }
    ]
  ]
}