{
  "attrs": {},
  "name": "CP_M3",
  "frequency_range": null,
  "allow_gain": false,
  "nonlinear_spec": null,
  "modulation_spec": null,
  "viz_spec": null,
  "heat_spec": null,
  "type": "PoleResidue",
  "eps_inf": 1.7159488912996899,
  "poles": [
    [
      {
        "real": -827787309158805.9,
        "imag": -3628568505742558.0
      },
      {
        "real": -2090345629393674.8,
        "imag": 2.013640534590714e+16
      }
    ],
    [
      {
        "real": -579291483438344.0,
        "imag": -4158215442200511.0
      },
      {
        "real": 9142371325079794.0,
        "imag": 4220320157524594.0
      }
    ],
    [
      {
        "real": -1001878832723186.4,
        "imag": -5652272023641256.0
      },
      {
        "real": 7888452022955846.0,
        "imag": 5369530608875240.0
      }
    ]
  ]
}