{
  "attrs": {},
  "name": "CP_M1",
  "frequency_range": null,
  "allow_gain": false,
  "nonlinear_spec": null,
  "modulation_spec": null,
  "viz_spec": null,
  "heat_spec": null,
  "type": "PoleResidue",
  "eps_inf": 2.093184655203198,
  "poles": [
    [
      {
        "real": -1334653716567945.0,
        "imag": -3671268760525487.0
      },
      {
        "real": 1.931751157549317e+16,
        "imag": 2.383346819797069e+16
      }
    ]
  ]
}