{
  "attrs": {},
  "name": "CP_M3",
  "frequency_range": null,
  "allow_gain": false,
  "nonlinear_spec": null,
  "modulation_spec": null,
  "viz_spec": null,
  "heat_spec": null,
  "type": "PoleResidue",
  "eps_inf": 1.956014307364648,
  "poles": [
    [
      {
        "real": -810652345183354.0,
        "imag": -3597721535404580.5
      },
      {
        "real": -1663394390228759.5,
        "imag": 1.8416360525819256e+16
      }
    ],
    [
      {
        "real": -578584435744864.1,
        "imag": -4173759310418752.0
      },
      {
        "real": 8473474973677299.0,
        "imag": 5287217132413039.0
      }
    ],
    [
      {
        "real": -974671731074768.0,
        "imag": -5672135124945898.0
      },
      {
        "real": 7277006547863651.0,
        "imag": 5797009272497346.0
      }
    ]
  ]
}