{
  "attrs": {},
  "name": "SCP_M1",
  "frequency_range": null,
  "allow_gain": false,
  "nonlinear_spec": null,
  "modulation_spec": null,
  "viz_spec": null,
  "heat_spec": null,
  "type": "PoleResidue",
  "eps_inf": 0.5931379192025533,
  "poles": [
    [
      {
        "real": -462335531238813.5,
        "imag": -85622679776982.3
      },
      {
        "real": 1.6719134478885838e+16,
        "imag": 5.945020219536325e+17
      }
    ]
  ]
}