{
  "attrs": {},
  "name": "CP_M3",
  "frequency_range": null,
  "allow_gain": false,
  "nonlinear_spec": null,
  "modulation_spec": null,
  "viz_spec": null,
  "heat_spec": null,
  "type": "PoleResidue",
  "eps_inf": 0.3191605956846396,
  "poles": [
    [
      {
        "real": -333119777484415.25,
        "imag": -246899668764327.6
      },
      {
        "real": 1.8812765354925744e+16,
        "imag": 1.6261513871293686e+17
      }
    ],
    [
      {
        "real": -3534297963338104.5,
        "imag": -1928267511970160.5
      },
      {
        "real": -1.9380165876626612e+16,
        "imag": 2.6519248262779732e+16
      }
    ],
    [
      {
        "real": -1931279435475721.5,
        "imag": -6377149004864187.0
      },
      {
        "real": 6735816464248648.0,
        "imag": 7196530286962171.0
      }
    ]
  ]
}