{
  "attrs": {},
  "name": "SCP_M3",
  "frequency_range": null,
  "allow_gain": false,
  "nonlinear_spec": null,
  "modulation_spec": null,
  "viz_spec": null,
  "heat_spec": null,
  "type": "PoleResidue",
  "eps_inf": 0.4306855538306598,
  "poles": [
    [
      {
        "real": -4632686622218.325,
        "imag": -85622684690991.02
      },
      {
        "real": 2.8233210053021908e+16,
        "imag": 2.4041563269852266e+17
      }
    ],
    [
      {
        "real": -2578189290776681.0,
        "imag": -876839997064327.6
      },
      {
        "real": -2.0442492890088776e+16,
        "imag": 3.069484073313575e+16
      }
    ],
    [
      {
        "real": -1962485701260424.5,
        "imag": -6188813404547958.0
      },
      {
        "real": 4917709934013070.0,
        "imag": 4450898230210781.0
      }
    ]
  ]
}