{
  "attrs": {},
  "name": "SCP_M3",
  "frequency_range": null,
  "allow_gain": false,
  "nonlinear_spec": null,
  "modulation_spec": null,
  "viz_spec": null,
  "heat_spec": null,
  "type": "PoleResidue",
  "eps_inf": 0.5861400784404102,
  "poles": [
    [
      {
        "real": -71820621000079.77,
        "imag": -85623257835708.17
      },
      {
        "real": 2.7511868500288e+16,
        "imag": 2.748325013883512e+17
      }
    ],
    [
      {
        "real": -3616323262246556.0,
        "imag": -1230767317220518.2
      },
      {
        "real": -3.4862107512130948e+16,
        "imag": 3.803117960254788e+16
      }
    ],
    [
      {
        "real": -2997371883122406.0,
        "imag": -6297235961956756.0
      },
      {
        "real": 1.2990753450098508e+16,
        "imag": 1.2472290767979314e+16
      }
    ]
  ]
}