{
  "attrs": {},
  "name": "CP_M1",
  "frequency_range": null,
  "allow_gain": false,
  "nonlinear_spec": null,
  "modulation_spec": null,
  "viz_spec": null,
  "heat_spec": null,
  "type": "PoleResidue",
  "eps_inf": 0.5432539188763217,
  "poles": [
    [
      {
        "real": -425191397360093.3,
        "imag": -151167110567319.94
      },
      {
        "real": 1.7130934753612764e+16,
        "imag": 3.273299358172262e+17
      }
    ]
  ]
}