{
  "attrs": {},
  "name": "CP_M2",
  "frequency_range": null,
  "allow_gain": false,
  "nonlinear_spec": null,
  "modulation_spec": null,
  "viz_spec": null,
  "heat_spec": null,
  "type": "PoleResidue",
  "eps_inf": 1.6562348589724407,
  "poles": [
    [
      {
        "real": -283514011155830.5,
        "imag": -189551219235540.38
      },
      {
        "real": 9370603900757932.0,
        "imag": 2.74521237117738e+17
      }
    ],
    [
      {
        "real": -1000052224719966.5,
        "imag": -1607840588001212.0
      },
      {
        "real": 5949948246050456.0,
        "imag": 7944035045017958.0
      }
    ]
  ]
}