{
  "attrs": {},
  "name": "SCP_M2",
  "frequency_range": null,
  "allow_gain": false,
  "nonlinear_spec": null,
  "modulation_spec": null,
  "viz_spec": null,
  "heat_spec": null,
  "type": "PoleResidue",
  "eps_inf": 0.5197279235770812,
  "poles": [
    [
      {
        "real": -783817608437785.9,
        "imag": -5615220492140378.0
      },
      {
        "real": 388447981227347.94,
        "imag": 1.7385561126874834e+16
      }
    ],
    [
      {
        "real": -470266494425241.75,
        "imag": -6428261745976755.0
      },
      {
        "real": 6887524457421391.0,
        "imag": 1.7591196158074894e+16
      }
    ]
  ]
}