{
  "attrs": {},
  "name": "SCP_M3",
  "frequency_range": null,
  "allow_gain": false,
  "nonlinear_spec": null,
  "modulation_spec": null,
  "viz_spec": null,
  "heat_spec": null,
  "type": "PoleResidue",
  "eps_inf": 2.9124209464359736,
  "poles": [
    [
      {
        "real": -167233105396884.8,
        "imag": -5118521241485950.0
      },
      {
        "real": 2444285312573903.5,
        "imag": 3499542232771447.5
      }
    ],
    [
      {
        "real": -640142340656909.8,
        "imag": -5389997093198329.0
      },
      {
        "real": 6790635590171889.0,
        "imag": 5975160005767744.0
      }
    ],
    [
      {
        "real": -503766297175754.1,
        "imag": -6652548229046118.0
      },
      {
        "real": -9046887642346010.0,
        "imag": 1.7708797425969712e+16
      }
    ]
  ]
}