{
  "attrs": {},
  "name": "CP_M3",
  "frequency_range": null,
  "allow_gain": false,
  "nonlinear_spec": null,
  "modulation_spec": null,
  "viz_spec": null,
  "heat_spec": null,
  "type": "PoleResidue",
  "eps_inf": 3.0782697802661807,
  "poles": [
    [
      {
        "real": -173177659551418.28,
        "imag": -5119678349507494.0
      },
      {
        "real": 2865637994793221.0,
        "imag": 4545939326373586.0
      }
    ],
    [
      {
        "real": -493739717693204.2,
        "imag": -5709549739815659.0
      },
      {
        "real": 3377360916243673.5,
        "imag": 8511998804304412.0
      }
    ],
    [
      {
        "real": -310889373147319.5,
        "imag": -6676127106880271.0
      },
      {
        "real": -6211118003951403.0,
        "imag": 1.372228142521114e+16
      }
    ]
  ]
}