{
  "attrs": {},
  "name": "SCP_M1",
  "frequency_range": null,
  "allow_gain": false,
  "nonlinear_spec": null,
  "modulation_spec": null,
  "viz_spec": null,
  "heat_spec": null,
  "type": "PoleResidue",
  "eps_inf": 0.9790261757380022,
  "poles": [
    [
      {
        "real": -798217394866876.0,
        "imag": -5914942700981957.0
      },
      {
        "real": 8444965378889773.0,
        "imag": 3.2932548660178252e+16
      }
    ]
  ]
}