{
  "attrs": {},
  "name": "SCP_M3",
  "frequency_range": null,
  "allow_gain": false,
  "nonlinear_spec": null,
  "modulation_spec": null,
  "viz_spec": null,
  "heat_spec": null,
  "type": "PoleResidue",
  "eps_inf": 3.29457782636652,
  "poles": [
    [
      {
        "real": -890738066262637.1,
        "imag": -166157458389588.56
      },
      {
        "real": 1.7903421284222874e+17,
        "imag": 1.38122270913751e+18
      }
    ],
    [
      {
        "real": -6760373701.032263,
        "imag": -128172931154542.39
      },
      {
        "real": -1.7006498265592973e+17,
        "imag": 7.367296078303177e+17
      }
    ],
    [
      {
        "real": -2394887769135246.5,
        "imag": -4530118799503504.0
      },
      {
        "real": 606017507390713.4,
        "imag": 7241939907785646.0
      }
    ]
  ]
}