{
  "attrs": {},
  "name": "SCP_M2",
  "frequency_range": null,
  "allow_gain": false,
  "nonlinear_spec": null,
  "modulation_spec": null,
  "viz_spec": null,
  "heat_spec": null,
  "type": "PoleResidue",
  "eps_inf": 0.6859674827324668,
  "poles": [
    [
      {
        "real": -639859900544452.8,
        "imag": -598187458125909.5
      },
      {
        "real": 3.237562433262567e+16,
        "imag": 2.3683398583424096e+17
      }
    ],
    [
      {
        "real": -6283193037.382327,
        "imag": -1259802494888160.0
      },
      {
        "real": -1.308067080807921e+16,
        "imag": -3172487936980225.5
      }
    ]
  ]
}