{
  "attrs": {},
  "name": "CP_M3",
  "frequency_range": null,
  "allow_gain": false,
  "nonlinear_spec": null,
  "modulation_spec": null,
  "viz_spec": null,
  "heat_spec": null,
  "type": "PoleResidue",
  "eps_inf": 2.4328554320155384,
  "poles": [
    [
      {
        "real": -1111338652479182.0,
        "imag": -413994369270464.56
      },
      {
        "real": 8.354455770896472e+16,
        "imag": 8.767821992223521e+17
      }
    ],
    [
      {
        "real": -152497276136989.28,
        "imag": -488422524069629.9
      },
      {
        "real": -1.592326766092089e+17,
        "imag": 1.5972297100287034e+17
      }
    ],
    [
      {
        "real": -2708924969227292.0,
        "imag": -1653288112627424.8
      },
      {
        "real": 8.740958720634331e+16,
        "imag": 3.4427975309900896e+16
      }
    ]
  ]
}