{
  "attrs": {},
  "name": "CP_M1",
  "frequency_range": null,
  "allow_gain": false,
  "nonlinear_spec": null,
  "modulation_spec": null,
  "viz_spec": null,
  "heat_spec": null,
  "type": "PoleResidue",
  "eps_inf": 0.26389118368081593,
  "poles": [
    [
      {
        "real": -700081524686893.8,
        "imag": -88187195384999.08
      },
      {
        "real": 1.8789483145083856e+16,
        "imag": 1.4446163889406694e+18
      }
    ]
  ]
}