{
  "attrs": {},
  "name": "CP_M1",
  "frequency_range": null,
  "allow_gain": false,
  "nonlinear_spec": null,
  "modulation_spec": null,
  "viz_spec": null,
  "heat_spec": null,
  "type": "PoleResidue",
  "eps_inf": 1.1764661690823655,
  "poles": [
    [
      {
        "real": -1114120641966086.4,
        "imag": -85622679776929.1
      },
      {
        "real": 7812076794764216.0,
        "imag": 1.866458732659702e+18
      }
    ]
  ]
}