{
  "attrs": {},
  "name": "CP_M3",
  "frequency_range": null,
  "allow_gain": false,
  "nonlinear_spec": null,
  "modulation_spec": null,
  "viz_spec": null,
  "heat_spec": null,
  "type": "PoleResidue",
  "eps_inf": 1.1184560098847165,
  "poles": [
    [
      {
        "real": -663981125928592.1,
        "imag": -3627881688508761.0
      },
      {
        "real": -4338078749929975.5,
        "imag": 1.1771579516409224e+16
      }
    ],
    [
      {
        "real": -641068570471833.4,
        "imag": -4304522559173289.5
      },
      {
        "real": 6652261629844360.0,
        "imag": 1.2359603954466336e+16
      }
    ],
    [
      {
        "real": -1373149237868135.2,
        "imag": -5826645157960422.0
      },
      {
        "real": 1.3261370379771888e+16,
        "imag": 1.1460557448325054e+16
      }
    ]
  ]
}