{
  "attrs": {},
  "name": "CP_M2",
  "frequency_range": null,
  "allow_gain": false,
  "nonlinear_spec": null,
  "modulation_spec": null,
  "viz_spec": null,
  "heat_spec": null,
  "type": "PoleResidue",
  "eps_inf": 3.1454839162931365,
  "poles": [
    [
      {
        "real": -772658232568691.4,
        "imag": -4418857936600575.0
      },
      {
        "real": -1.0386661284935986e+16,
        "imag": 1.6237439792608682e+16
      }
    ],
    [
      {
        "real": -1662545123603259.2,
        "imag": -5662903440365391.0
      },
      {
        "real": 1.7068976340591104e+16,
        "imag": 2.618087946732424e+16
      }
    ]
  ]
}