{
  "attrs": {},
  "name": "CP_M1",
  "frequency_range": null,
  "allow_gain": false,
  "nonlinear_spec": null,
  "modulation_spec": null,
  "viz_spec": null,
  "heat_spec": null,
  "type": "PoleResidue",
  "eps_inf": 2.936273859089578,
  "poles": [
    [
      {
        "real": -1544298973933712.2,
        "imag": -4006311557982010.5
      },
      {
        "real": 1.6220470596002144e+16,
        "imag": 3.1071525566494624e+16
      }
    ]
  ]
}