{
  "attrs": {},
  "name": "RP_M3",
  "frequency_range": null,
  "allow_gain": false,
  "nonlinear_spec": null,
  "modulation_spec": null,
  "viz_spec": null,
  "heat_spec": null,
  "type": "PoleResidue",
  "eps_inf": 0.5293666798812345,
  "poles": [
    [
      {
        "real": -901588631960773.5,
        "imag": -5353059333653634.0
      },
      {
        "real": 8399168636318808.0,
        "imag": -3705606377583663.0
      }
    ],
    [
      {
        "real": -1233696929925089.5,
        "imag": -4038104230814371.0
      },
      {
        "real": 1.205645530679727e+16,
        "imag": 3.4583021626172984e+16
      }
    ],
    [
      {
        "real": -72761687320875.34,
        "imag": -2312895878266821.0
      },
      {
        "real": 559836423462878.5,
        "imag": 230403150442803.78
      }
    ]
  ]
}