{
  "attrs": {},
  "name": "SCP_M1",
  "frequency_range": null,
  "allow_gain": false,
  "nonlinear_spec": null,
  "modulation_spec": null,
  "viz_spec": null,
  "heat_spec": null,
  "type": "PoleResidue",
  "eps_inf": 6.1585334200843755,
  "poles": [
    [
      {
        "real": -20272506105422.09,
        "imag": -529305940165674.5
      },
      {
        "real": 6139899108844709.0,
        "imag": 1.3794469511892938e+17
      }
    ]
  ]
}