{
  "attrs": {},
  "name": "CP_M3",
  "frequency_range": null,
  "allow_gain": false,
  "nonlinear_spec": null,
  "modulation_spec": null,
  "viz_spec": null,
  "heat_spec": null,
  "type": "PoleResidue",
  "eps_inf": 3.8447989525207498,
  "poles": [
    [
      {
        "real": -2498787980037.6543,
        "imag": -438874658840678.6
      },
      {
        "real": 1595680059555725.0,
        "imag": 1.9472485680886845e+17
      }
    ],
    [
      {
        "real": -394141581808445.8,
        "imag": -3960396820347571.5
      },
      {
        "real": 1132729798527090.0,
        "imag": 641485484516095.6
      }
    ],
    [
      {
        "real": -1387379613757708.5,
        "imag": -5910454833630640.0
      },
      {
        "real": -845602832534287.8,
        "imag": 7284680997919844.0
      }
    ]
  ]
}