{
  "attrs": {},
  "name": "CP_M2",
  "frequency_range": null,
  "allow_gain": false,
  "nonlinear_spec": null,
  "modulation_spec": null,
  "viz_spec": null,
  "heat_spec": null,
  "type": "PoleResidue",
  "eps_inf": 0.3474742687619434,
  "poles": [
    [
      {
        "real": -60975727017023.15,
        "imag": -896363619981961.2
      },
      {
        "real": 4760870202683047.0,
        "imag": 7.367737628779381e+16
      }
    ],
    [
      {
        "real": -1065520302468486.5,
        "imag": -3620376491884964.5
      },
      {
        "real": 7680456238626008.0,
        "imag": -2163869135530011.8
      }
    ]
  ]
}