{
  "attrs": {},
  "name": "CP_M2",
  "frequency_range": null,
  "allow_gain": false,
  "nonlinear_spec": null,
  "modulation_spec": null,
  "viz_spec": null,
  "heat_spec": null,
  "type": "PoleResidue",
  "eps_inf": 2.7809882429323265,
  "poles": [
    [
      {
        "real": -56908187133751.13,
        "imag": -370449611183629.3
      },
      {
        "real": -1273545046606776.0,
        "imag": 2.4547736500644902e+17
      }
    ],
    [
      {
        "real": -1660570820689488.8,
        "imag": -4520307346721855.0
      },
      {
        "real": 7831985688430782.0,
        "imag": 8959179898645217.0
      }
    ]
  ]
}