{
  "attrs": {},
  "name": "CP_M3",
  "frequency_range": null,
  "allow_gain": false,
  "nonlinear_spec": null,
  "modulation_spec": null,
  "viz_spec": null,
  "heat_spec": null,
  "type": "PoleResidue",
  "eps_inf": 2.6525660387943915,
  "poles": [
    [
      {
        "real": -20615527356153.46,
        "imag": -461395369905844.3
      },
      {
        "real": 1183437666567544.2,
        "imag": 1.8294344832914035e+17
      }
    ],
    [
      {
        "real": -567623240780833.5,
        "imag": -4065101995403013.0
      },
      {
        "real": 1661099562974438.8,
        "imag": 1509445028430226.8
      }
    ],
    [
      {
        "real": -1464740716762457.8,
        "imag": -5885807834595120.0
      },
      {
        "real": 1617037184381138.5,
        "imag": 6908470556327695.0
      }
    ]
  ],
  "model_family": "CP",
  "order_N": 3
}