{
  "attrs": {},
  "name": "CP_M1",
  "frequency_range": null,
  "allow_gain": false,
  "nonlinear_spec": null,
  "modulation_spec": null,
  "viz_spec": null,
  "heat_spec": null,
  "type": "PoleResidue",
  "eps_inf": 6.867503082821795,
  "poles": [
    [
      {
        "real": -5091065823530.092,
        "imag": -406517713524649.06
      },
      {
        "real": 6443164352985295.0,
        "imag": 1.938769778994626e+17
      }
    ]
  ]
}