{
  "attrs": {},
  "name": "SCP_M2",
  "frequency_range": null,
  "allow_gain": false,
  "nonlinear_spec": null,
  "modulation_spec": null,
  "viz_spec": null,
  "heat_spec": null,
  "type": "PoleResidue",
  "eps_inf": 1.4755786645155111,
  "poles": [
    [
      {
        "real": -6283185307.930934,
        "imag": -85622679776929.11
      },
      {
        "real": 4538665386953048.0,
        "imag": 9.825990139231995e+17
      }
    ],
    [
      {
        "real": -1336973640434282.5,
        "imag": -3766926631503445.0
      },
      {
        "real": 1.0012136765845772e+16,
        "imag": -740203023052232.9
      }
    ]
  ]
}