{
  "attrs": {},
  "name": "CP_M3",
  "frequency_range": null,
  "allow_gain": false,
  "nonlinear_spec": null,
  "modulation_spec": null,
  "viz_spec": null,
  "heat_spec": null,
  "type": "PoleResidue",
  "eps_inf": 0.2748147081358247,
  "poles": [
    [
      {
        "real": -260090907899234.28,
        "imag": -436950885989536.56
      },
      {
        "real": -1.324685372717958e+17,
        "imag": 3.730500025065677e+17
      }
    ],
    [
      {
        "real": -1444188830677096.2,
        "imag": -504320107354775.4
      },
      {
        "real": 1.409704090156933e+17,
        "imag": 1.7895020402395987e+17
      }
    ],
    [
      {
        "real": -1290904857458147.2,
        "imag": -3433562197130419.5
      },
      {
        "real": 9049172975146620.0,
        "imag": -7670124878580131.0
      }
    ]
  ]
}