{
  "attrs": {},
  "name": "RP_M2",
  "frequency_range": null,
  "allow_gain": false,
  "nonlinear_spec": null,
  "modulation_spec": null,
  "viz_spec": null,
  "heat_spec": null,
  "type": "PoleResidue",
  "eps_inf": 0.25379129095040215,
  "poles": [
    [
      {
        "real": -41284107514083.78,
        "imag": -877198396841091.4
      },
      {
        "real": 1717853123071831.0,
        "imag": 7.360798627460587e+16
      }
    ],
    [
      {
        "real": -1009910920143168.6,
        "imag": -3692529190629697.5
      },
      {
        "real": 6455248910828870.0,
        "imag": 533340436129238.2
      }
    ]
  ]
}