{
  "attrs": {},
  "name": "SCP_M3",
  "frequency_range": null,
  "allow_gain": false,
  "nonlinear_spec": null,
  "modulation_spec": null,
  "viz_spec": null,
  "heat_spec": null,
  "type": "PoleResidue",
  "eps_inf": 0.4490326914397841,
  "poles": [
    [
      {
        "real": -2191652713630.9604,
        "imag": -212815367950174.9
      },
      {
        "real": 8659083578131360.0,
        "imag": 3.787253460051241e+17
      }
    ],
    [
      {
        "real": -1381578469860756.0,
        "imag": -1854900502583806.0
      },
      {
        "real": 7269407801452767.0,
        "imag": -1.1418817095750646e+16
      }
    ],
    [
      {
        "real": -900239664844148.6,
        "imag": -3546367078067503.0
      },
      {
        "real": 3436746252181693.0,
        "imag": -4054926662067112.0
      }
    ]
  ]
}