{
  "attrs": {},
  "name": "SCP_M1",
  "frequency_range": null,
  "allow_gain": false,
  "nonlinear_spec": null,
  "modulation_spec": null,
  "viz_spec": null,
  "heat_spec": null,
  "type": "PoleResidue",
  "eps_inf": 6.923684942183654,
  "poles": [
    [
      {
        "real": -5592968393481.225,
        "imag": -317539363454643.0
      },
      {
        "real": 6475214151243834.0,
        "imag": 2.5133846062462506e+17
      }
    ]
  ]
}