{
  "attrs": {},
  "name": "CP_M3",
  "frequency_range": null,
  "allow_gain": false,
  "nonlinear_spec": null,
  "modulation_spec": null,
  "viz_spec": null,
  "heat_spec": null,
  "type": "PoleResidue",
  "eps_inf": 3.639088973277421,
  "poles": [
    [
      {
        "real": -157693384970136.94,
        "imag": -370257769318715.5
      },
      {
        "real": -6.007945378755237e+16,
        "imag": 3.5814058254098624e+17
      }
    ],
    [
      {
        "real": -721838943388161.5,
        "imag": -504163292259285.56
      },
      {
        "real": 6.1940349052765256e+16,
        "imag": -2.966746899040652e+16
      }
    ],
    [
      {
        "real": -573750438030456.9,
        "imag": -6453673835033807.0
      },
      {
        "real": 1201140143386023.5,
        "imag": 897445404869096.6
      }
    ]
  ]
}