{
  "attrs": {},
  "name": "SCP_M3",
  "frequency_range": null,
  "allow_gain": false,
  "nonlinear_spec": null,
  "modulation_spec": null,
  "viz_spec": null,
  "heat_spec": null,
  "type": "PoleResidue",
  "eps_inf": 3.664060584378068,
  "poles": [
    [
      {
        "real": -32178186379781.05,
        "imag": -85622679916350.48
      },
      {
        "real": 59877188154859.0,
        "imag": 1.0355985105867373e+18
      }
    ],
    [
      {
        "real": -610933257074974.6,
        "imag": -7044802212326052.0
      },
      {
        "real": 214596971775247.2,
        "imag": 2557090159723433.5
      }
    ],
    [
      {
        "real": -182956095571815.88,
        "imag": -6130891263271773.0
      },
      {
        "real": 178932842961259.3,
        "imag": -47407434667228.9
      }
    ]
  ]
}