{
  "attrs": {},
  "name": "SCP_M1",
  "frequency_range": null,
  "allow_gain": false,
  "nonlinear_spec": null,
  "modulation_spec": null,
  "viz_spec": null,
  "heat_spec": null,
  "type": "PoleResidue",
  "eps_inf": 5.972499227130161,
  "poles": [
    [
      {
        "real": -4494279649359.117,
        "imag": -85622679776929.58
      },
      {
        "real": 785959506524837.2,
        "imag": 1.1219152906211237e+18
      }
    ]
  ]
}