{
  "attrs": {},
  "name": "SCP_M2",
  "frequency_range": null,
  "allow_gain": false,
  "nonlinear_spec": null,
  "modulation_spec": null,
  "viz_spec": null,
  "heat_spec": null,
  "type": "PoleResidue",
  "eps_inf": 4.474550078291344,
  "poles": [
    [
      {
        "real": -13099499048865.754,
        "imag": -94692016669511.33
      },
      {
        "real": 659064644181556.0,
        "imag": 9.469201600784861e+17
      }
    ],
    [
      {
        "real": -178147233198663.1,
        "imag": -6453139245912324.0
      },
      {
        "real": 181096865368709.0,
        "imag": 817108746653296.4
      }
    ]
  ]
}