{
  "attrs": {},
  "name": "RP_M3",
  "frequency_range": null,
  "allow_gain": false,
  "nonlinear_spec": null,
  "modulation_spec": null,
  "viz_spec": null,
  "heat_spec": null,
  "type": "PoleResidue",
  "eps_inf": 1.2574990591246604,
  "poles": [
    [
      {
        "real": -3314233733111328.5,
        "imag": -767968547622063.6
      },
      {
        "real": 7990996461294016.0,
        "imag": 1.0154765261160994e+16
      }
    ],
    [
      {
        "real": -105698342228631.9,
        "imag": -619134297807322.4
      },
      {
        "real": -5952208704720993.0,
        "imag": 1.324370720365899e+17
      }
    ],
    [
      {
        "real": -254635810726827.84,
        "imag": -6211416164130078.0
      },
      {
        "real": 763558553691872.1,
        "imag": 892641334262656.4
      }
    ]
  ]
}