{
  "attrs": {},
  "name": "RP_M2",
  "frequency_range": null,
  "allow_gain": false,
  "nonlinear_spec": null,
  "modulation_spec": null,
  "viz_spec": null,
  "heat_spec": null,
  "type": "PoleResidue",
  "eps_inf": 1.2830848740629641,
  "poles": [
    [
      {
        "real": -39368803666692.06,
        "imag": -808434314025835.0
      },
      {
        "real": -159625229550156.97,
        "imag": 8.539005480432938e+16
      }
    ],
    [
      {
        "real": -234670939512954.5,
        "imag": -6299777008064604.0
      },
      {
        "real": 304987809057169.94,
        "imag": 1354668734135639.8
      }
    ]
  ]
}