{
  "attrs": {},
  "name": "RP_M3",
  "frequency_range": null,
  "allow_gain": false,
  "nonlinear_spec": null,
  "modulation_spec": null,
  "viz_spec": null,
  "heat_spec": null,
  "type": "PoleResidue",
  "eps_inf": 4.130210151883959,
  "poles": [
    [
      {
        "real": -208254281114655.62,
        "imag": 6452265570429778.0
      },
      {
        "real": 206653342665749.34,
        "imag": -983753697099538.0
      }
    ],
    [
      {
        "real": -53513315634260.484,
        "imag": 145326882466244.66
      },
      {
        "real": -1.836654165669804e+17,
        "imag": -6.484507779571727e+17
      }
    ],
    [
      {
        "real": -85702669011541.94,
        "imag": -0.03923852060258895
      },
      {
        "real": 1.8381271140324682e+17,
        "imag": 0.0
      }
    ]
  ],
  "model_family": "RP",
  "order_N": 3
}