{
  "attrs": {},
  "name": "RP_M2",
  "frequency_range": null,
  "allow_gain": false,
  "nonlinear_spec": null,
  "modulation_spec": null,
  "viz_spec": null,
  "heat_spec": null,
  "type": "PoleResidue",
  "eps_inf": 1.2834720094494039,
  "poles": [
    [
      {
        "real": -39401408514539.1,
        "imag": -808458809998044.6
      },
      {
        "real": -160482458838915.94,
        "imag": 8.538699332881568e+16
      }
    ],
    [
      {
        "real": -234793673013142.06,
        "imag": -6299550428265371.0
      },
      {
        "real": 304541133403347.9,
        "imag": 1354122101796642.2
      }
    ]
  ]
}