{
  "attrs": {},
  "name": "RP_M2",
  "frequency_range": null,
  "allow_gain": false,
  "nonlinear_spec": null,
  "modulation_spec": null,
  "viz_spec": null,
  "heat_spec": null,
  "type": "PoleResidue",
  "eps_inf": 4.720214686977218,
  "poles": [
    [
      {
        "real": -153477209948912.75,
        "imag": 244455198553301.2
      },
      {
        "real": -3.403340863589877e+17,
        "imag": -2.516042209527006e+17
      }
    ],
    [
      {
        "real": -77301883389120.38,
        "imag": 1.719506911755068e-09
      },
      {
        "real": 3.405245624840713e+17,
        "imag": 0.0
      }
    ]
  ],
  "model_family": "RP",
  "order_N": 2
}