{
  "attrs": {},
  "name": "RP_M3",
  "frequency_range": null,
  "allow_gain": false,
  "nonlinear_spec": null,
  "modulation_spec": null,
  "viz_spec": null,
  "heat_spec": null,
  "type": "PoleResidue",
  "eps_inf": 1.2602195994435743,
  "poles": [
    [
      {
        "real": -3301120425894674.5,
        "imag": -780093778012531.5
      },
      {
        "real": 8034687365986282.0,
        "imag": 1.0458802243012126e+16
      }
    ],
    [
      {
        "real": -106560850098896.67,
        "imag": -619291589102623.0
      },
      {
        "real": -6055573192872258.0,
        "imag": 1.3254638824856576e+17
      }
    ],
    [
      {
        "real": -254753507435728.72,
        "imag": -6211541857637241.0
      },
      {
        "real": 762238667494921.2,
        "imag": 897119551343281.6
      }
    ]
  ]
}