{
  "attrs": {},
  "name": "SCP_M2",
  "frequency_range": null,
  "allow_gain": false,
  "nonlinear_spec": null,
  "modulation_spec": null,
  "viz_spec": null,
  "heat_spec": null,
  "type": "PoleResidue",
  "eps_inf": 0.2512634967454232,
  "poles": [
    [
      {
        "real": -275640050780989.78,
        "imag": -418300474536982.75
      },
      {
        "real": 1.9965605312251964e+16,
        "imag": 4.431764433570163e+17
      }
    ],
    [
      {
        "real": -1546702114340297.0,
        "imag": -525770784312581.25
      },
      {
        "real": 575346639975677.2,
        "imag": -1.7968315784474237e+17
      }
    ]
  ]
}