{
  "attrs": {},
  "name": "CP_M1",
  "frequency_range": null,
  "allow_gain": false,
  "nonlinear_spec": null,
  "modulation_spec": null,
  "viz_spec": null,
  "heat_spec": null,
  "type": "PoleResidue",
  "eps_inf": 4.8794405516900685,
  "poles": [
    [
      {
        "real": -15692605999329.234,
        "imag": -85622679776929.1
      },
      {
        "real": 1.4091285565657984e+16,
        "imag": 1.930382907265736e+18
      }
    ]
  ]
}