{
  "attrs": {},
  "name": "SCP_M1",
  "frequency_range": null,
  "allow_gain": false,
  "nonlinear_spec": null,
  "modulation_spec": null,
  "viz_spec": null,
  "heat_spec": null,
  "type": "PoleResidue",
  "eps_inf": 4.165929542032452,
  "poles": [
    [
      {
        "real": -31919875099357.734,
        "imag": -541494791734277.75
      },
      {
        "real": 1.3138947004252286e+16,
        "imag": 2.8693966346033686e+17
      }
    ]
  ]
}