{
  "attrs": {},
  "name": "SCP_M3",
  "frequency_range": null,
  "allow_gain": false,
  "nonlinear_spec": null,
  "modulation_spec": null,
  "viz_spec": null,
  "heat_spec": null,
  "type": "PoleResidue",
  "eps_inf": 1.1883428775699487,
  "poles": [
    [
      {
        "real": -35881714039052.16,
        "imag": -388725023367901.6
      },
      {
        "real": -1419299564684360.2,
        "imag": 4.122283841462316e+17
      }
    ],
    [
      {
        "real": -328678572847623.4,
        "imag": -1633473067031864.2
      },
      {
        "real": 2431656501500199.5,
        "imag": 8098561395062409.0
      }
    ],
    [
      {
        "real": -2894939230606169.0,
        "imag": -4855268669798966.0
      },
      {
        "real": 9532410866329274.0,
        "imag": 1.5783496787334088e+16
      }
    ]
  ]
}