{
  "attrs": {},
  "name": "SCP_M1",
  "frequency_range": null,
  "allow_gain": false,
  "nonlinear_spec": null,
  "modulation_spec": null,
  "viz_spec": null,
  "heat_spec": null,
  "type": "PoleResidue",
  "eps_inf": 4.164200666723455,
  "poles": [
    [
      {
        "real": -32006424527143.57,
        "imag": -542639205346784.5
      },
      {
        "real": 1.3125351048787862e+16,
        "imag": 2.862330626896404e+17
      }
    ]
  ]
}