{
  "attrs": {},
  "name": "CP_M2",
  "frequency_range": null,
  "allow_gain": false,
  "nonlinear_spec": null,
  "modulation_spec": null,
  "viz_spec": null,
  "heat_spec": null,
  "type": "PoleResidue",
  "eps_inf": 0.3504654198645259,
  "poles": [
    [
      {
        "real": -165128876237638.06,
        "imag": -424129631488561.7
      },
      {
        "real": 3.2680719678141204e+16,
        "imag": 3.172329724247225e+17
      }
    ],
    [
      {
        "real": -851243714686821.1,
        "imag": -1873561159899560.5
      },
      {
        "real": -1.4823592592239634e+16,
        "imag": -1.8031399759749068e+16
      }
    ]
  ]
}