{
  "attrs": {},
  "name": "CP_M1",
  "frequency_range": null,
  "allow_gain": false,
  "nonlinear_spec": null,
  "modulation_spec": null,
  "viz_spec": null,
  "heat_spec": null,
  "type": "PoleResidue",
  "eps_inf": 4.826839528079875,
  "poles": [
    [
      {
        "real": -47986369000397.16,
        "imag": -149938993548723.47
      },
      {
        "real": 1.3159844792136294e+16,
        "imag": 1.1011318574629935e+18
      }
    ]
  ]
}