{
  "attrs": {},
  "name": "SCP_M1",
  "frequency_range": null,
  "allow_gain": false,
  "nonlinear_spec": null,
  "modulation_spec": null,
  "viz_spec": null,
  "heat_spec": null,
  "type": "PoleResidue",
  "eps_inf": 4.896796031897325,
  "poles": [
    [
      {
        "real": -12615275973045.43,
        "imag": -111585804129599.4
      },
      {
        "real": 1.912068465880809e+16,
        "imag": 2.3926035812103667e+17
      }
    ]
  ]
}