{
  "attrs": {},
  "name": "CP_M1",
  "frequency_range": null,
  "allow_gain": false,
  "nonlinear_spec": null,
  "modulation_spec": null,
  "viz_spec": null,
  "heat_spec": null,
  "type": "PoleResidue",
  "eps_inf": 6.553309595885544,
  "poles": [
    [
      {
        "real": -118693151808967.1,
        "imag": -543170916481475.7
      },
      {
        "real": 1.6362494318470382e+16,
        "imag": 5.134363221165777e+16
      }
    ]
  ]
}