{
  "attrs": {},
  "name": "CP_M2",
  "frequency_range": null,
  "allow_gain": false,
  "nonlinear_spec": null,
  "modulation_spec": null,
  "viz_spec": null,
  "heat_spec": null,
  "type": "PoleResidue",
  "eps_inf": 0.4420768840594453,
  "poles": [
    [
      {
        "real": -15427769762485.383,
        "imag": -535293738958222.0
      },
      {
        "real": -785085287287772.6,
        "imag": 1.6932347671812832e+17
      }
    ],
    [
      {
        "real": -4303247160665468.0,
        "imag": -5041181281480455.0
      },
      {
        "real": 1.4110427444829592e+16,
        "imag": 2.6686570268529652e+16
      }
    ]
  ]
}