{
  "attrs": {},
  "name": "CP_M1",
  "frequency_range": null,
  "allow_gain": false,
  "nonlinear_spec": null,
  "modulation_spec": null,
  "viz_spec": null,
  "heat_spec": null,
  "type": "PoleResidue",
  "eps_inf": 6.278707734400562,
  "poles": [
    [
      {
        "real": -4781813774469.065,
        "imag": -301134614010399.06
      },
      {
        "real": 8751500325856786.0,
        "imag": 2.780812587647872e+17
      }
    ]
  ]
}