{
  "attrs": {},
  "name": "CP_M3",
  "frequency_range": null,
  "allow_gain": false,
  "nonlinear_spec": null,
  "modulation_spec": null,
  "viz_spec": null,
  "heat_spec": null,
  "type": "PoleResidue",
  "eps_inf": 0.5100949046897121,
  "poles": [
    [
      {
        "real": -29072853168633.715,
        "imag": -522639886318054.4
      },
      {
        "real": 1.5455924569627464e+16,
        "imag": 1.3665797345819e+17
      }
    ],
    [
      {
        "real": -3457984284755366.0,
        "imag": -3098166385328157.0
      },
      {
        "real": 2.2328956751003014e+17,
        "imag": -4342529898630113.5
      }
    ],
    [
      {
        "real": -4441322460554427.0,
        "imag": -3176907116781141.5
      },
      {
        "real": -2.2272954591612317e+17,
        "imag": -7.772234857228421e+16
      }
    ]
  ]
}