{
  "attrs": {},
  "name": "CP_M1",
  "frequency_range": null,
  "allow_gain": false,
  "nonlinear_spec": null,
  "modulation_spec": null,
  "viz_spec": null,
  "heat_spec": null,
  "type": "PoleResidue",
  "eps_inf": 5.939826036531326,
  "poles": [
    [
      {
        "real": -15427769762485.383,
        "imag": -535293738958222.0
      },
      {
        "real": 8393408144572830.0,
        "imag": 1.4918043179271693e+17
      }
    ]
  ]
}