{
  "attrs": {},
  "name": "SCP_M1",
  "frequency_range": null,
  "allow_gain": false,
  "nonlinear_spec": null,
  "modulation_spec": null,
  "viz_spec": null,
  "heat_spec": null,
  "type": "PoleResidue",
  "eps_inf": 6.1730650209475035,
  "poles": [
    [
      {
        "real": -15427769762485.756,
        "imag": -535293738958222.0
      },
      {
        "real": 8396666853225757.0,
        "imag": 1.5746022596009258e+17
      }
    ]
  ]
}