{
  "attrs": {},
  "name": "SCP_M2",
  "frequency_range": null,
  "allow_gain": false,
  "nonlinear_spec": null,
  "modulation_spec": null,
  "viz_spec": null,
  "heat_spec": null,
  "type": "PoleResidue",
  "eps_inf": 1.3257560916930944,
  "poles": [
    [
      {
        "real": -14860380327474.094,
        "imag": -89664100659878.73
      },
      {
        "real": 8419813111078774.0,
        "imag": 9.308075351839186e+17
      }
    ],
    [
      {
        "real": -1231280652126746.5,
        "imag": -3654955061891579.5
      },
      {
        "real": 8148227569500776.0,
        "imag": -2777612018980343.5
      }
    ]
  ]
}