{
  "attrs": {},
  "name": "SCP_M2",
  "frequency_range": null,
  "allow_gain": false,
  "nonlinear_spec": null,
  "modulation_spec": null,
  "viz_spec": null,
  "heat_spec": null,
  "type": "PoleResidue",
  "eps_inf": 0.7932888145244205,
  "poles": [
    [
      {
        "real": -68463626852370.625,
        "imag": -85678770037594.83
      },
      {
        "real": 6433871103363978.0,
        "imag": 1.0069492705718637e+18
      }
    ],
    [
      {
        "real": -1463545253208155.8,
        "imag": -3616400360957817.5
      },
      {
        "real": 1.0847903140787478e+16,
        "imag": -3004468745808674.5
      }
    ]
  ]
}