{
  "attrs": {},
  "name": "SCP_M3",
  "frequency_range": null,
  "allow_gain": false,
  "nonlinear_spec": null,
  "modulation_spec": null,
  "viz_spec": null,
  "heat_spec": null,
  "type": "PoleResidue",
  "eps_inf": 2.0964255086127483,
  "poles": [
    [
      {
        "real": -99871990091974.53,
        "imag": -96669427850850.2
      },
      {
        "real": 1282625830027896.5,
        "imag": 9.666942785084966e+17
      }
    ],
    [
      {
        "real": -575174683805355.9,
        "imag": -3923561601949345.0
      },
      {
        "real": 1807159455632525.8,
        "imag": 423167204112915.7
      }
    ],
    [
      {
        "real": -2792855961859334.5,
        "imag": -5895389254561797.0
      },
      {
        "real": 2893538284080066.5,
        "imag": 1.2921078090058112e+16
      }
    ]
  ]
}