{
  "attrs": {},
  "name": "SCP_M3",
  "frequency_range": null,
  "allow_gain": false,
  "nonlinear_spec": null,
  "modulation_spec": null,
  "viz_spec": null,
  "heat_spec": null,
  "type": "PoleResidue",
  "eps_inf": 1.258350441786582,
  "poles": [
    [
      {
        "real": -260081734809038.8,
        "imag": -85622681027525.06
      },
      {
        "real": 6195585005077611.0,
        "imag": 2019987242858043.0
      }
    ],
    [
      {
        "real": -1598560823374755.2,
        "imag": -113834912342500.39
      },
      {
        "real": -1370427795368580.0,
        "imag": -3.388576749964256e+16
      }
    ],
    [
      {
        "real": -1337415106136822.2,
        "imag": -7577948302139874.0
      },
      {
        "real": -1388456414125892.2,
        "imag": 1812332661081951.2
      }
    ]
  ],
  "model_family": "SCP",
  "order_N": 3
}