{
  "attrs": {},
  "name": "SCP_M3",
  "frequency_range": null,
  "allow_gain": false,
  "nonlinear_spec": null,
  "modulation_spec": null,
  "viz_spec": null,
  "heat_spec": null,
  "type": "PoleResidue",
  "eps_inf": 1.0585869971706858,
  "poles": [
    [
      {
        "real": -117617833158.47734,
        "imag": -89911143150731.12
      },
      {
        "real": 1.0417949142443838e+16,
        "imag": 8.990683421544433e+17
      }
    ],
    [
      {
        "real": -2372889284791397.0,
        "imag": -1536743990798051.0
      },
      {
        "real": 4142924325064976.0,
        "imag": -1.720723125496986e+16
      }
    ],
    [
      {
        "real": -707774855433266.1,
        "imag": -2478796546363818.5
      },
      {
        "real": 4562734962682063.0,
        "imag": -733120494888833.8
      }
    ]
  ]
}