{
  "attrs": {},
  "name": "CP_M1",
  "frequency_range": null,
  "allow_gain": false,
  "nonlinear_spec": null,
  "modulation_spec": null,
  "viz_spec": null,
  "heat_spec": null,
  "type": "PoleResidue",
  "eps_inf": 2.331964235588633,
  "poles": [
    [
      {
        "real": -44608558403032.57,
        "imag": -640885703450037.4
      },
      {
        "real": 1.0431308716002664e+16,
        "imag": 9.557714180891235e+16
      }
    ]
  ]
}