{
  "attrs": {},
  "name": "SCP_M1",
  "frequency_range": null,
  "allow_gain": false,
  "nonlinear_spec": null,
  "modulation_spec": null,
  "viz_spec": null,
  "heat_spec": null,
  "type": "PoleResidue",
  "eps_inf": 3.7358556712905324,
  "poles": [
    [
      {
        "real": -48383268901691.04,
        "imag": -768920493795535.5
      },
      {
        "real": 9972647122935274.0,
        "imag": 8.497776883035035e+16
      }
    ]
  ]
}