{
  "attrs": {},
  "name": "SCP_M2",
  "frequency_range": null,
  "allow_gain": false,
  "nonlinear_spec": null,
  "modulation_spec": null,
  "viz_spec": null,
  "heat_spec": null,
  "type": "PoleResidue",
  "eps_inf": 1.7523087608027839,
  "poles": [
    [
      {
        "real": -104829581187.90674,
        "imag": -89526777226071.52
      },
      {
        "real": 1.0939772928187758e+16,
        "imag": 8.952542100967766e+17
      }
    ],
    [
      {
        "real": -798812651087708.6,
        "imag": -2195058794218526.0
      },
      {
        "real": 4942158337922632.0,
        "imag": -5843792922704841.0
      }
    ]
  ]
}