{
  "attrs": {},
  "name": "SCP_M3",
  "frequency_range": null,
  "allow_gain": false,
  "nonlinear_spec": null,
  "modulation_spec": null,
  "viz_spec": null,
  "heat_spec": null,
  "type": "PoleResidue",
  "eps_inf": 1.1656836084034283,
  "poles": [
    [
      {
        "real": -2680255128953.0317,
        "imag": -258137040968991.16
      },
      {
        "real": 9130417443945252.0,
        "imag": 3.053974887492302e+17
      }
    ],
    [
      {
        "real": -751226636332300.8,
        "imag": -2308665969215058.5
      },
      {
        "real": 4834203102757246.0,
        "imag": -3857807459631360.5
      }
    ],
    [
      {
        "real": -2931389209035.544,
        "imag": -9615476563595988.0
      },
      {
        "real": -4010653457322028.5,
        "imag": 2943308300057824.5
      }
    ]
  ]
}