{
  "attrs": {},
  "name": "RP_M1",
  "frequency_range": null,
  "allow_gain": false,
  "nonlinear_spec": null,
  "modulation_spec": null,
  "viz_spec": null,
  "heat_spec": null,
  "type": "PoleResidue",
  "eps_inf": 1.566580022032552,
  "poles": [
    [
      {
        "real": -52723055580860.21,
        "imag": -1072968103052311.5
      },
      {
        "real": 3056060344428994.0,
        "imag": 4.726853088609873e+16
      }
    ]
  ]
}