{
  "attrs": {},
  "name": "SCP_M3",
  "frequency_range": null,
  "allow_gain": false,
  "nonlinear_spec": null,
  "modulation_spec": null,
  "viz_spec": null,
  "heat_spec": null,
  "type": "PoleResidue",
  "eps_inf": 1.5703381481894405,
  "poles": [
    [
      {
        "real": -6283185307.179587,
        "imag": -89080545008536.4
      },
      {
        "real": 1.0340915102349066e+16,
        "imag": 8.908054500853641e+17
      }
    ],
    [
      {
        "real": -758891821573779.0,
        "imag": -2256597167671894.0
      },
      {
        "real": 4723886077860969.0,
        "imag": -4818738419578068.0
      }
    ],
    [
      {
        "real": -6283187090.099483,
        "imag": -6848402218612403.0
      },
      {
        "real": -510268783693088.8,
        "imag": 437567292634053.7
      }
    ]
  ],
  "model_family": "SCP",
  "order_N": 3
}