{
  "attrs": {},
  "name": "SCP_M2",
  "frequency_range": null,
  "allow_gain": false,
  "nonlinear_spec": null,
  "modulation_spec": null,
  "viz_spec": null,
  "heat_spec": null,
  "type": "PoleResidue",
  "eps_inf": 1.3165911009914957,
  "poles": [
    [
      {
        "real": -5090118096500.523,
        "imag": -353398173061380.9
      },
      {
        "real": -65369509596.93916,
        "imag": 42942102590696.74
      }
    ],
    [
      {
        "real": -83038191458003.78,
        "imag": -1.7851416075038256e+16
      },
      {
        "real": 67239395944867.17,
        "imag": 7357786925225485.0
      }
    ]
  ]
}