{
  "attrs": {},
  "name": "CP_M1",
  "frequency_range": null,
  "allow_gain": false,
  "nonlinear_spec": null,
  "modulation_spec": null,
  "viz_spec": null,
  "heat_spec": null,
  "type": "PoleResidue",
  "eps_inf": 1.241514588679054,
  "poles": [
    [
      {
        "real": -153123668580390.78,
        "imag": -1.7764992779810704e+16
      },
      {
        "real": 137843429429809.03,
        "imag": 7921745272177121.0
      }
    ]
  ]
}