{
  "attrs": {},
  "name": "CP_M3",
  "frequency_range": null,
  "allow_gain": false,
  "nonlinear_spec": null,
  "modulation_spec": null,
  "viz_spec": null,
  "heat_spec": null,
  "type": "PoleResidue",
  "eps_inf": 1.2014830413905278,
  "poles": [
    [
      {
        "real": -21147069136027.516,
        "imag": -292348386874654.8
      },
      {
        "real": -176157168260.09402,
        "imag": 53935715891809.76
      }
    ],
    [
      {
        "real": -1.0161730978691076e+16,
        "imag": -3219749327683916.5
      },
      {
        "real": 270623589115404.56,
        "imag": -49856691841911.51
      }
    ],
    [
      {
        "real": -1116254774501252.0,
        "imag": -1.7993868768589178e+16
      },
      {
        "real": 1546713510657520.0,
        "imag": 7979868730923644.0
      }
    ]
  ]
}