{
  "attrs": {},
  "name": "SCP_M2",
  "frequency_range": null,
  "allow_gain": false,
  "nonlinear_spec": null,
  "modulation_spec": null,
  "viz_spec": null,
  "heat_spec": null,
  "type": "PoleResidue",
  "eps_inf": 1.375336498842417,
  "poles": [
    [
      {
        "real": -1846076974518.126,
        "imag": -414732345584067.0
      },
      {
        "real": 91173784475.0773,
        "imag": 36740394788505.37
      }
    ],
    [
      {
        "real": -189970606400899.53,
        "imag": -1.7288039090648676e+16
      },
      {
        "real": 153138011549350.7,
        "imag": 6619042770455919.0
      }
    ]
  ]
}