{
  "attrs": {},
  "name": "CP_M2",
  "frequency_range": null,
  "allow_gain": false,
  "nonlinear_spec": null,
  "modulation_spec": null,
  "viz_spec": null,
  "heat_spec": null,
  "type": "PoleResidue",
  "eps_inf": 1.3752485787236315,
  "poles": [
    [
      {
        "real": -9807206141744.383,
        "imag": -414799791563089.8
      },
      {
        "real": 29953235136.06553,
        "imag": 36710256999067.734
      }
    ],
    [
      {
        "real": -191952636804786.88,
        "imag": -1.7288067647822962e+16
      },
      {
        "real": 153589329874743.28,
        "imag": 6619753478331547.0
      }
    ]
  ]
}