{
  "attrs": {},
  "name": "RP_M2",
  "frequency_range": null,
  "allow_gain": false,
  "nonlinear_spec": null,
  "modulation_spec": null,
  "viz_spec": null,
  "heat_spec": null,
  "type": "PoleResidue",
  "eps_inf": 1.7074667175782254,
  "poles": [
    [
      {
        "real": -182295189912304.44,
        "imag": -1.3017095550441774e+16
      },
      {
        "real": 79513032749786.06,
        "imag": 2783358181621170.5
      }
    ],
    [
      {
        "real": -23339160784739.44,
        "imag": -1908522022647698.8
      },
      {
        "real": -660924989.3770229,
        "imag": 637162399.1020534
      }
    ]
  ]
}