{
  "attrs": {},
  "name": "RP_M1",
  "frequency_range": null,
  "allow_gain": false,
  "nonlinear_spec": null,
  "modulation_spec": null,
  "viz_spec": null,
  "heat_spec": null,
  "type": "PoleResidue",
  "eps_inf": 1.491660870574482,
  "poles": [
    [
      {
        "real": -212252493167790.66,
        "imag": -1.5401209498586896e+16
      },
      {
        "real": 138062368107104.44,
        "imag": 4946328174092926.0
      }
    ]
  ]
}