{
  "attrs": {},
  "name": "SCP_M3",
  "frequency_range": null,
  "allow_gain": false,
  "nonlinear_spec": null,
  "modulation_spec": null,
  "viz_spec": null,
  "heat_spec": null,
  "type": "PoleResidue",
  "eps_inf": 1.1278831339726016,
  "poles": [
    [
      {
        "real": -109078568708.98999,
        "imag": -431722486177345.94
      },
      {
        "real": 73516002933.80975,
        "imag": 34099075939809.875
      }
    ],
    [
      {
        "real": -1.325237763138702e+16,
        "imag": -3594734830553201.5
      },
      {
        "real": 884752784462269.0,
        "imag": -489188834968348.75
      }
    ],
    [
      {
        "real": -1246879559436079.5,
        "imag": -1.806735991747849e+16
      },
      {
        "real": 2037092232604116.2,
        "imag": 8093780573960856.0
      }
    ]
  ]
}