{
  "attrs": {},
  "name": "SCP_M3",
  "frequency_range": null,
  "allow_gain": false,
  "nonlinear_spec": null,
  "modulation_spec": null,
  "viz_spec": null,
  "heat_spec": null,
  "type": "PoleResidue",
  "eps_inf": 0.42040641476290996,
  "poles": [
    [
      {
        "real": -5004335779801133.0,
        "imag": -2725643220098568.0
      },
      {
        "real": 3.2921278735734384e+16,
        "imag": -3.199407925713267e+16
      }
    ],
    [
      {
        "real": -545969631367215.8,
        "imag": -4539707702260689.0
      },
      {
        "real": -4403138173080405.5,
        "imag": -3947727597594417.0
      }
    ],
    [
      {
        "real": -1291344046056069.0,
        "imag": -4638982675609244.0
      },
      {
        "real": 1923108989353566.8,
        "imag": 3.443356347631094e+16
      }
    ]
  ]
}