{
  "attrs": {},
  "name": "SCP_M3",
  "frequency_range": null,
  "allow_gain": false,
  "nonlinear_spec": null,
  "modulation_spec": null,
  "viz_spec": null,
  "heat_spec": null,
  "type": "PoleResidue",
  "eps_inf": 0.40187893671332214,
  "poles": [
    [
      {
        "real": -4911850065229172.0,
        "imag": -2714517514131244.0
      },
      {
        "real": 3.1243960354822324e+16,
        "imag": -2.7494849586655056e+16
      }
    ],
    [
      {
        "real": -541104007013712.5,
        "imag": -4541325849617930.0
      },
      {
        "real": -4062660526920733.0,
        "imag": -4218756123398302.0
      }
    ],
    [
      {
        "real": -1240965872831092.8,
        "imag": -4595422917052829.0
      },
      {
        "real": 2373182985977679.0,
        "imag": 3.3266844656541784e+16
      }
    ]
  ]
}