{
  "attrs": {},
  "name": "CP_M1",
  "frequency_range": null,
  "allow_gain": false,
  "nonlinear_spec": null,
  "modulation_spec": null,
  "viz_spec": null,
  "heat_spec": null,
  "type": "PoleResidue",
  "eps_inf": 4.132255246741479,
  "poles": [
    [
      {
        "real": -44355901084843.19,
        "imag": -85622679776929.1
      },
      {
        "real": 8199675730293429.0,
        "imag": 8.623052459160109e+17
      }
    ]
  ]
}