{
  "attrs": {},
  "name": "CP_M3",
  "frequency_range": null,
  "allow_gain": false,
  "nonlinear_spec": null,
  "modulation_spec": null,
  "viz_spec": null,
  "heat_spec": null,
  "type": "PoleResidue",
  "eps_inf": 1.4268045361524355,
  "poles": [
    [
      {
        "real": -19742436534810.57,
        "imag": -85622679776929.1
      },
      {
        "real": 5.847154984500378e+16,
        "imag": 7.49913502208452e+17
      }
    ],
    [
      {
        "real": -1154726697535297.5,
        "imag": -310685647714482.75
      },
      {
        "real": -4.363388383640742e+16,
        "imag": -2.166004876011611e+17
      }
    ],
    [
      {
        "real": -362361791111973.8,
        "imag": -3193566505329416.5
      },
      {
        "real": 1286919683712451.0,
        "imag": -747484319712436.1
      }
    ]
  ]
}