{
  "attrs": {},
  "name": "SCP_M3",
  "frequency_range": null,
  "allow_gain": false,
  "nonlinear_spec": null,
  "modulation_spec": null,
  "viz_spec": null,
  "heat_spec": null,
  "type": "PoleResidue",
  "eps_inf": 0.8252866703413976,
  "poles": [
    [
      {
        "real": -6283185307.179587,
        "imag": -92076984274743.66
      },
      {
        "real": 4549897967746432.0,
        "imag": 9.207698427383162e+17
      }
    ],
    [
      {
        "real": -458750761990124.8,
        "imag": -3226699726973743.5
      },
      {
        "real": 2031836944386520.0,
        "imag": -405300217756356.5
      }
    ],
    [
      {
        "real": -3642440534530867.0,
        "imag": -2431496384243063.0
      },
      {
        "real": 1.2686717994546686e+16,
        "imag": -5776982521310856.0
      }
    ]
  ]
}