{
  "attrs": {},
  "name": "SCP_M2",
  "frequency_range": null,
  "allow_gain": false,
  "nonlinear_spec": null,
  "modulation_spec": null,
  "viz_spec": null,
  "heat_spec": null,
  "type": "PoleResidue",
  "eps_inf": 2.3309861183237337,
  "poles": [
    [
      {
        "real": -6283185307.179587,
        "imag": -85622679776929.11
      },
      {
        "real": 7508996629172564.0,
        "imag": 9.588387978307884e+17
      }
    ],
    [
      {
        "real": -806918966612189.2,
        "imag": -3075923171596736.5
      },
      {
        "real": 4855747957923574.0,
        "imag": -2311730932601801.0
      }
    ]
  ]
}