{
  "attrs": {},
  "name": "CP_M3",
  "frequency_range": null,
  "allow_gain": false,
  "nonlinear_spec": null,
  "modulation_spec": null,
  "viz_spec": null,
  "heat_spec": null,
  "type": "PoleResidue",
  "eps_inf": 1.5816504102781772,
  "poles": [
    [
      {
        "real": -44355901084843.19,
        "imag": -85622679776929.1
      },
      {
        "real": 8.822937233167082e+16,
        "imag": 7.069964907329302e+17
      }
    ],
    [
      {
        "real": -935910530945261.1,
        "imag": -340082529570884.06
      },
      {
        "real": -7.403064054824973e+16,
        "imag": -2.204960194088632e+17
      }
    ],
    [
      {
        "real": -368307176038382.2,
        "imag": -3179080071275397.0
      },
      {
        "real": 1309560228221063.0,
        "imag": -887196575328153.2
      }
    ]
  ]
}