{
  "attrs": {},
  "name": "RP_M3",
  "frequency_range": null,
  "allow_gain": false,
  "nonlinear_spec": null,
  "modulation_spec": null,
  "viz_spec": null,
  "heat_spec": null,
  "type": "PoleResidue",
  "eps_inf": 0.409300051463501,
  "poles": [
    [
      {
        "real": -579708293587224.2,
        "imag": -561605272087556.44
      },
      {
        "real": -7.604418759733739e+16,
        "imag": 3.5779790636473645e+17
      }
    ],
    [
      {
        "real": -1032024582464780.2,
        "imag": -1261011053097148.5
      },
      {
        "real": 8.040771857901381e+16,
        "imag": -6.668269429845996e+16
      }
    ],
    [
      {
        "real": -308955212903439.4,
        "imag": -3175188058955292.5
      },
      {
        "real": 1575131077378757.2,
        "imag": -1431338325918451.0
      }
    ]
  ]
}