{
  "attrs": {},
  "name": "RP_M3",
  "frequency_range": null,
  "allow_gain": false,
  "nonlinear_spec": null,
  "modulation_spec": null,
  "viz_spec": null,
  "heat_spec": null,
  "type": "PoleResidue",
  "eps_inf": 2.026131434301895,
  "poles": [
    [
      {
        "real": -628685697590922.6,
        "imag": 3142504810330080.0
      },
      {
        "real": 4189591925075889.0,
        "imag": 1244337799945794.8
      }
    ],
    [
      {
        "real": -215238459362155.16,
        "imag": 1675540191578511.8
      },
      {
        "real": 68942033259363.72,
        "imag": 1429602277107712.0
      }
    ],
    [
      {
        "real": -102054347612511.97,
        "imag": 393385175894560.06
      },
      {
        "real": 4383484816126116.0,
        "imag": -2.1030558986135584e+17
      }
    ]
  ],
  "model_family": "RP",
  "order_N": 3
}