{
  "attrs": {},
  "name": "RP_M2",
  "frequency_range": null,
  "allow_gain": false,
  "nonlinear_spec": null,
  "modulation_spec": null,
  "viz_spec": null,
  "heat_spec": null,
  "type": "PoleResidue",
  "eps_inf": 2.317007651046544,
  "poles": [
    [
      {
        "real": -670710556409220.6,
        "imag": 3138221726915163.0
      },
      {
        "real": 4236477540678916.0,
        "imag": 691901250588226.9
      }
    ],
    [
      {
        "real": -52175578679820.0,
        "imag": 302189719382837.25
      },
      {
        "real": 4130014451330769.0,
        "imag": -2.6681490288111242e+17
      }
    ]
  ],
  "model_family": "RP",
  "order_N": 2
}