{
  "attrs": {},
  "name": "SCP_M2",
  "frequency_range": null,
  "allow_gain": false,
  "nonlinear_spec": null,
  "modulation_spec": null,
  "viz_spec": null,
  "heat_spec": null,
  "type": "PoleResidue",
  "eps_inf": 2.3283816577935896,
  "poles": [
    [
      {
        "real": -6283185307.179587,
        "imag": -85622679778003.7
      },
      {
        "real": 7514540455428847.0,
        "imag": 9.587758165220758e+17
      }
    ],
    [
      {
        "real": -807638857059228.2,
        "imag": -3075173278100456.0
      },
      {
        "real": 4860073893023367.0,
        "imag": -2320851922037822.5
      }
    ]
  ],
  "model_family": "SCP",
  "order_N": 2
}