{
  "attrs": {},
  "name": "SCP_M3",
  "frequency_range": null,
  "allow_gain": false,
  "nonlinear_spec": null,
  "modulation_spec": null,
  "viz_spec": null,
  "heat_spec": null,
  "type": "PoleResidue",
  "eps_inf": 2.3760654343276486,
  "poles": [
    [
      {
        "real": -6283185307.807905,
        "imag": -6623489692508798.0
      },
      {
        "real": 1124405714.6548617,
        "imag": 41645106738777.21
      }
    ],
    [
      {
        "real": -6283185307.807905,
        "imag": -7443088702730905.0
      },
      {
        "real": 10360235054.577988,
        "imag": 659690942365807.2
      }
    ],
    [
      {
        "real": -6283185307.807905,
        "imag": -9413054746515766.0
      },
      {
        "real": -5617529356.562545,
        "imag": 8407414187753723.0
      }
    ]
  ]
}