{
  "attrs": {},
  "name": "RP_M2",
  "frequency_range": null,
  "allow_gain": false,
  "nonlinear_spec": null,
  "modulation_spec": null,
  "viz_spec": null,
  "heat_spec": null,
  "type": "PoleResidue",
  "eps_inf": 2.2762451642036456,
  "poles": [
    [
      {
        "real": -628.3185307179587,
        "imag": 9650712138610874.0
      },
      {
        "real": -2934548262.3531885,
        "imag": -9150834057739400.0
      }
    ],
    [
      {
        "real": -628.3185307179587,
        "imag": 7172622452893560.0
      },
      {
        "real": 161736504.35452443,
        "imag": -640996378178663.8
      }
    ]
  ],
  "model_family": "RP",
  "order_N": 2
}