{
  "attrs": {},
  "name": "CP_M2",
  "frequency_range": null,
  "allow_gain": false,
  "nonlinear_spec": null,
  "modulation_spec": null,
  "viz_spec": null,
  "heat_spec": null,
  "type": "PoleResidue",
  "eps_inf": 1.4489834074467896,
  "poles": [
    [
      {
        "real": -156745086263910.8,
        "imag": -104649941949580.0
      },
      {
        "real": 5342072486667276.0,
        "imag": 6.985621113331928e+17
      }
    ],
    [
      {
        "real": -988251716441803.4,
        "imag": -3483677003340231.5
      },
      {
        "real": 6004882058883940.0,
        "imag": -1936576125758617.0
      }
    ]
  ],
  "model_family": "CP",
  "order_N": 2
}