{
  "attrs": {},
  "name": "SCP_M3",
  "frequency_range": null,
  "allow_gain": false,
  "nonlinear_spec": null,
  "modulation_spec": null,
  "viz_spec": null,
  "heat_spec": null,
  "type": "PoleResidue",
  "eps_inf": 0.44879371060868706,
  "poles": [
    [
      {
        "real": -26552281625.871586,
        "imag": -321866809034676.25
      },
      {
        "real": -1.248460972142638e+17,
        "imag": 3.3464649660753024e+17
      }
    ],
    [
      {
        "real": -571293525158765.5,
        "imag": -403976329617165.0
      },
      {
        "real": 1.2868620721345323e+17,
        "imag": 1.1818711974664338e+17
      }
    ],
    [
      {
        "real": -1507823335891168.8,
        "imag": -3846859573615364.0
      },
      {
        "real": 1.1069166019928572e+16,
        "imag": 755221303883198.5
      }
    ]
  ]
}