{
  "attrs": {},
  "name": "SCP_M2",
  "frequency_range": null,
  "allow_gain": false,
  "nonlinear_spec": null,
  "modulation_spec": null,
  "viz_spec": null,
  "heat_spec": null,
  "type": "PoleResidue",
  "eps_inf": 1.4412786014648244,
  "poles": [
    [
      {
        "real": -5090365266644.13,
        "imag": -105380502631073.97
      },
      {
        "real": 5601032153569821.0,
        "imag": 7.06971653959076e+17
      }
    ],
    [
      {
        "real": -1239968362074887.0,
        "imag": -3900374599742749.0
      },
      {
        "real": 7252706330577192.0,
        "imag": 1042375691039306.0
      }
    ]
  ],
  "model_family": "SCP",
  "order_N": 2
}