{
  "attrs": {},
  "name": "SCP_M3",
  "frequency_range": null,
  "allow_gain": false,
  "nonlinear_spec": null,
  "modulation_spec": null,
  "viz_spec": null,
  "heat_spec": null,
  "type": "PoleResidue",
  "eps_inf": 1.0769298095333215,
  "poles": [
    [
      {
        "real": -12070373110.945194,
        "imag": -266929958311380.75
      },
      {
        "real": -4.137303220654026e+17,
        "imag": 6.19884348907471e+17
      }
    ],
    [
      {
        "real": -279833511061762.94,
        "imag": -360144180608337.06
      },
      {
        "real": 4.184586144928973e+17,
        "imag": 8.945994546905534e+16
      }
    ],
    [
      {
        "real": -1387711388141675.2,
        "imag": -3879637576932476.5
      },
      {
        "real": 9259025324303248.0,
        "imag": 1022817312464113.6
      }
    ]
  ],
  "model_family": "SCP",
  "order_N": 3
}