{
  "attrs": {},
  "name": "SCP_M1",
  "frequency_range": null,
  "allow_gain": false,
  "nonlinear_spec": null,
  "modulation_spec": null,
  "viz_spec": null,
  "heat_spec": null,
  "type": "PoleResidue",
  "eps_inf": 0.972864583834062,
  "poles": [
    [
      {
        "real": -6283185307.807905,
        "imag": -9279304420372026.0
      },
      {
        "real": 30166440298.853264,
        "imag": 2.3249227895774424e+16
      }
    ]
  ]
}