{
  "attrs": {},
  "name": "CP_M1",
  "frequency_range": null,
  "allow_gain": false,
  "nonlinear_spec": null,
  "modulation_spec": null,
  "viz_spec": null,
  "heat_spec": null,
  "type": "PoleResidue",
  "eps_inf": 0.8620867611616527,
  "poles": [
    [
      {
        "real": -6283185307.179586,
        "imag": -9279304420372026.0
      },
      {
        "real": 30785989441.746315,
        "imag": 2.3691137639642292e+16
      }
    ]
  ]
}