{
  "attrs": {},
  "name": "SCP_M1",
  "frequency_range": null,
  "allow_gain": false,
  "nonlinear_spec": null,
  "modulation_spec": null,
  "viz_spec": null,
  "heat_spec": null,
  "type": "PoleResidue",
  "eps_inf": 0.9728302634111086,
  "poles": [
    [
      {
        "real": -6283185307.807905,
        "imag": -9279322528777516.0
      },
      {
        "real": 30166649574.746834,
        "imag": 2.3249432736435884e+16
      }
    ]
  ]
}