{
  "attrs": {},
  "name": "SCP_M2",
  "frequency_range": null,
  "allow_gain": false,
  "nonlinear_spec": null,
  "modulation_spec": null,
  "viz_spec": null,
  "heat_spec": null,
  "type": "PoleResidue",
  "eps_inf": 2.3386982953525672,
  "poles": [
    [
      {
        "real": -96361858082972.42,
        "imag": -85622679776929.28
      },
      {
        "real": 345189977199933.44,
        "imag": 1.6866429746260887e+18
      }
    ],
    [
      {
        "real": -1349989412003673.2,
        "imag": -5334874988570665.0
      },
      {
        "real": 3774964183850266.0,
        "imag": 7746956376942307.0
      }
    ]
  ]
}