{
  "attrs": {},
  "name": "SCP_M3",
  "frequency_range": null,
  "allow_gain": false,
  "nonlinear_spec": null,
  "modulation_spec": null,
  "viz_spec": null,
  "heat_spec": null,
  "type": "PoleResidue",
  "eps_inf": 2.066933287462355,
  "poles": [
    [
      {
        "real": -6283185307.179587,
        "imag": -85622679776929.11
      },
      {
        "real": 1.0257234834296456e+16,
        "imag": 1.4684633091173463e+18
      }
    ],
    [
      {
        "real": -678054750837288.5,
        "imag": -1787445179736380.8
      },
      {
        "real": -5572220601983907.0,
        "imag": 975288661581282.1
      }
    ],
    [
      {
        "real": -1128547408765860.2,
        "imag": -5301680442235824.0
      },
      {
        "real": 3026070970299439.5,
        "imag": 5299025523625068.0
      }
    ]
  ]
}