{
  "attrs": {},
  "name": "CP_M3",
  "frequency_range": null,
  "allow_gain": false,
  "nonlinear_spec": null,
  "modulation_spec": null,
  "viz_spec": null,
  "heat_spec": null,
  "type": "PoleResidue",
  "eps_inf": 1.4655465200235205,
  "poles": [
    [
      {
        "real": -147721905318845.03,
        "imag": -780656219780854.0
      },
      {
        "real": -1.4480454497999318e+16,
        "imag": 1.8656402702357597e+17
      }
    ],
    [
      {
        "real": -677168443343453.2,
        "imag": -1588883287488858.5
      },
      {
        "real": 1.2296174834985174e+16,
        "imag": -956032105618962.0
      }
    ],
    [
      {
        "real": -1307752766399353.0,
        "imag": -5402153263236772.0
      },
      {
        "real": 3722276036158013.5,
        "imag": 8408410154061560.0
      }
    ]
  ]
}