{
  "attrs": {},
  "name": "SCP_M3",
  "frequency_range": null,
  "allow_gain": false,
  "nonlinear_spec": null,
  "modulation_spec": null,
  "viz_spec": null,
  "heat_spec": null,
  "type": "PoleResidue",
  "eps_inf": 2.260350244087799,
  "poles": [
    [
      {
        "real": -6283185307.179587,
        "imag": -86709783954627.05
      },
      {
        "real": 7620188837782123.0,
        "imag": 1.4801865682897283e+18
      }
    ],
    [
      {
        "real": -529944773192604.0,
        "imag": -1734716950822946.8
      },
      {
        "real": -3704421145518074.0,
        "imag": 2566651379879964.5
      }
    ],
    [
      {
        "real": -1153650013813603.0,
        "imag": -5319434023512398.0
      },
      {
        "real": 3003225138311402.0,
        "imag": 5684285959284335.0
      }
    ]
  ]
}