{
  "attrs": {},
  "name": "SCP_M2",
  "frequency_range": null,
  "allow_gain": false,
  "nonlinear_spec": null,
  "modulation_spec": null,
  "viz_spec": null,
  "heat_spec": null,
  "type": "PoleResidue",
  "eps_inf": 2.30187134114262,
  "poles": [
    [
      {
        "real": -97052293756132.77,
        "imag": -85623118764039.42
      },
      {
        "real": 312988996552906.8,
        "imag": 1.6865821436917417e+18
      }
    ],
    [
      {
        "real": -1360038420483036.8,
        "imag": -5328788757473932.0
      },
      {
        "real": 3875265079271423.5,
        "imag": 7780428089020659.0
      }
    ]
  ],
  "model_family": "SCP",
  "order_N": 2
}