{
  "attrs": {},
  "name": "SCP_M3",
  "frequency_range": null,
  "allow_gain": false,
  "nonlinear_spec": null,
  "modulation_spec": null,
  "viz_spec": null,
  "heat_spec": null,
  "type": "PoleResidue",
  "eps_inf": 7.3742035340662335,
  "poles": [
    [
      {
        "real": -5089599826772944.0,
        "imag": -2067271227569447.8
      },
      {
        "real": -454099713646487.44,
        "imag": 588533388637366.9
      }
    ],
    [
      {
        "real": -130080932082687.39,
        "imag": -3244596949668265.5
      },
      {
        "real": 1152130348828879.0,
        "imag": 539619955503160.3
      }
    ],
    [
      {
        "real": -724117354526316.2,
        "imag": -4321673850467351.0
      },
      {
        "real": 987703656950927.6,
        "imag": 1.084342009607955e+16
      }
    ]
  ]
}