{
  "attrs": {},
  "name": "SCP_M1",
  "frequency_range": null,
  "allow_gain": false,
  "nonlinear_spec": null,
  "modulation_spec": null,
  "viz_spec": null,
  "heat_spec": null,
  "type": "PoleResidue",
  "eps_inf": 8.376384397720457,
  "poles": [
    [
      {
        "real": -3732496228726203.0,
        "imag": -2514324536172550.5
      },
      {
        "real": 1.3193647825778752e+16,
        "imag": 2141267325513477.8
      }
    ]
  ]
}