{
  "attrs": {},
  "name": "CP_M3",
  "frequency_range": null,
  "allow_gain": false,
  "nonlinear_spec": null,
  "modulation_spec": null,
  "viz_spec": null,
  "heat_spec": null,
  "type": "PoleResidue",
  "eps_inf": 11.505219083573047,
  "poles": [
    [
      {
        "real": -229115021736807.78,
        "imag": -2168026097522678.2
      },
      {
        "real": -9686346077355064.0,
        "imag": -401678129590129.06
      }
    ],
    [
      {
        "real": -942442222706775.8,
        "imag": -2408248849955193.0
      },
      {
        "real": 2.5056980642327784e+16,
        "imag": 1.4755737980594146e+16
      }
    ],
    [
      {
        "real": -57526741334714.766,
        "imag": -2500065107922144.5
      },
      {
        "real": -900287071132076.2,
        "imag": 653019406266256.1
      }
    ]
  ]
}