{
  "attrs": {},
  "name": "CP_M3",
  "frequency_range": null,
  "allow_gain": false,
  "nonlinear_spec": null,
  "modulation_spec": null,
  "viz_spec": null,
  "heat_spec": null,
  "type": "PoleResidue",
  "eps_inf": 0.9575732838085975,
  "poles": [
    [
      {
        "real": -622479033785756.1,
        "imag": -2424405274481566.0
      },
      {
        "real": 406988655568724.8,
        "imag": -130856184267689.62
      }
    ],
    [
      {
        "real": -1595778634223435.2,
        "imag": -2495088842207022.5
      },
      {
        "real": -828242498436366.5,
        "imag": -8324752065849651.0
      }
    ],
    [
      {
        "real": -3325152752843255.0,
        "imag": -3970981196967007.0
      },
      {
        "real": 1.1045096668077974e+16,
        "imag": 3.0540462928403176e+16
      }
    ]
  ]
}