{
  "attrs": {},
  "name": "CP_M2",
  "frequency_range": null,
  "allow_gain": false,
  "nonlinear_spec": null,
  "modulation_spec": null,
  "viz_spec": null,
  "heat_spec": null,
  "type": "PoleResidue",
  "eps_inf": 0.4842469278902553,
  "poles": [
    [
      {
        "real": -1261291098135246.5,
        "imag": -1977407499678119.2
      },
      {
        "real": -3546838497655724.0,
        "imag": -4535781164882272.0
      }
    ],
    [
      {
        "real": -3139163102768364.0,
        "imag": -3776832572090546.0
      },
      {
        "real": 1.7861498070078578e+16,
        "imag": 2.492801905378943e+16
      }
    ]
  ]
}