{
  "attrs": {},
  "name": "SCP_M3",
  "frequency_range": null,
  "allow_gain": false,
  "nonlinear_spec": null,
  "modulation_spec": null,
  "viz_spec": null,
  "heat_spec": null,
  "type": "PoleResidue",
  "eps_inf": 0.8036741934180682,
  "poles": [
    [
      {
        "real": -930931292029613.5,
        "imag": -2201540111294469.2
      },
      {
        "real": -386609874858723.94,
        "imag": -1822801027625717.0
      }
    ],
    [
      {
        "real": -2365408479146737.5,
        "imag": -3535938511133779.5
      },
      {
        "real": 1.1767969785445356e+16,
        "imag": 3042359124424316.5
      }
    ],
    [
      {
        "real": -3063191452801489.5,
        "imag": -4668450785016273.0
      },
      {
        "real": 1289205533712165.2,
        "imag": 1.2667053405806312e+16
      }
    ]
  ]
}