{
  "attrs": {},
  "name": "CP_M3",
  "frequency_range": null,
  "allow_gain": false,
  "nonlinear_spec": null,
  "modulation_spec": null,
  "viz_spec": null,
  "heat_spec": null,
  "type": "PoleResidue",
  "eps_inf": 1.0684481413968334,
  "poles": [
    [
      {
        "real": -897044066673989.1,
        "imag": -2088446423474700.8
      },
      {
        "real": -212106728618687.66,
        "imag": -1053616042058026.5
      }
    ],
    [
      {
        "real": -1772504386063443.2,
        "imag": -2450064496375646.0
      },
      {
        "real": -978108798160876.1,
        "imag": -8128582077614645.0
      }
    ],
    [
      {
        "real": -3394307262897717.0,
        "imag": -3964650146452224.5
      },
      {
        "real": 1.0932318833202208e+16,
        "imag": 3.3125508402861332e+16
      }
    ]
  ]
}