{
  "attrs": {},
  "name": "RP_M3",
  "frequency_range": null,
  "allow_gain": false,
  "nonlinear_spec": null,
  "modulation_spec": null,
  "viz_spec": null,
  "heat_spec": null,
  "type": "PoleResidue",
  "eps_inf": 0.5019984141662892,
  "poles": [
    [
      {
        "real": -3147754594077491.5,
        "imag": -3786593485120644.5
      },
      {
        "real": 1.754417478212474e+16,
        "imag": 2.5221599993463604e+16
      }
    ],
    [
      {
        "real": -1269018678699819.5,
        "imag": -2001960721323307.0
      },
      {
        "real": -3418574014229686.0,
        "imag": -4846555189574099.0
      }
    ],
    [
      {
        "real": -253802148364084.66,
        "imag": -2009499314730694.2
      },
      {
        "real": 8835775314171.336,
        "imag": 34682419306454.043
      }
    ]
  ]
}