{
  "attrs": {},
  "name": "RP_M3",
  "frequency_range": null,
  "allow_gain": false,
  "nonlinear_spec": null,
  "modulation_spec": null,
  "viz_spec": null,
  "heat_spec": null,
  "type": "PoleResidue",
  "eps_inf": 0.5010248493015241,
  "poles": [
    [
      {
        "real": -3148125207441796.0,
        "imag": -3787544077059767.0
      },
      {
        "real": 1.7523014856796142e+16,
        "imag": 2.520052272666276e+16
      }
    ],
    [
      {
        "real": -1267973603401086.2,
        "imag": -2004405649727615.8
      },
      {
        "real": -3391252822399071.0,
        "imag": -4848231334972816.0
      }
    ],
    [
      {
        "real": -253245286473958.0,
        "imag": -2011021468559900.5
      },
      {
        "real": 8898903292566.855,
        "imag": 34374572096307.438
      }
    ]
  ]
}