{
  "attrs": {},
  "name": "SCP_M3",
  "frequency_range": null,
  "allow_gain": false,
  "nonlinear_spec": null,
  "modulation_spec": null,
  "viz_spec": null,
  "heat_spec": null,
  "type": "PoleResidue",
  "eps_inf": 0.9156405061633415,
  "poles": [
    [
      {
        "real": -659901896418317.1,
        "imag": -2070370569568002.5
      },
      {
        "real": -112692416723264.02,
        "imag": -395293247777712.0
      }
    ],
    [
      {
        "real": -1675983222551211.2,
        "imag": -2442854937047990.5
      },
      {
        "real": -121986710852770.28,
        "imag": -8077311462195180.0
      }
    ],
    [
      {
        "real": -3345297011336501.0,
        "imag": -3967491531823046.5
      },
      {
        "real": 1.1153305833694194e+16,
        "imag": 3.0283118897455024e+16
      }
    ]
  ]
}