{
  "attrs": {},
  "name": "CP_M1",
  "frequency_range": null,
  "allow_gain": false,
  "nonlinear_spec": null,
  "modulation_spec": null,
  "viz_spec": null,
  "heat_spec": null,
  "type": "PoleResidue",
  "eps_inf": 2.3806847716903965,
  "poles": [
    [
      {
        "real": -1267704633035975.2,
        "imag": -7646027225544739.0
      },
      {
        "real": 3070258776454285.0,
        "imag": 1.0371348917571276e+16
      }
    ]
  ],
  "model_family": "CP",
  "order_N": 1
}