{
  "attrs": {},
  "name": "CP_M2",
  "frequency_range": null,
  "allow_gain": false,
  "nonlinear_spec": null,
  "modulation_spec": null,
  "viz_spec": null,
  "heat_spec": null,
  "type": "PoleResidue",
  "eps_inf": 2.0190510102615056,
  "poles": [
    [
      {
        "real": -151762716405161.88,
        "imag": -5645255013734640.0
      },
      {
        "real": 132193089874644.64,
        "imag": 182539810122859.47
      }
    ],
    [
      {
        "real": -959176551626457.0,
        "imag": -8339101725756931.0
      },
      {
        "real": 1474296652993607.0,
        "imag": 1.2781914528944702e+16
      }
    ]
  ]
}