{
  "attrs": {},
  "name": "SCP_M3",
  "frequency_range": null,
  "allow_gain": false,
  "nonlinear_spec": null,
  "modulation_spec": null,
  "viz_spec": null,
  "heat_spec": null,
  "type": "PoleResidue",
  "eps_inf": 2.2547269260421774,
  "poles": [
    [
      {
        "real": -151762716405161.88,
        "imag": -5645255013734640.0
      },
      {
        "real": 96812800757109.75,
        "imag": 200689158550863.22
      }
    ],
    [
      {
        "real": -443823131744456.9,
        "imag": -6000741757405616.0
      },
      {
        "real": 181851274475587.38,
        "imag": 53772379455738.39
      }
    ],
    [
      {
        "real": -959176551626457.0,
        "imag": -8339101725756931.0
      },
      {
        "real": 1017450966792880.0,
        "imag": 1.1812154866273092e+16
      }
    ]
  ]
}