{
  "attrs": {},
  "name": "SCP_M1",
  "frequency_range": null,
  "allow_gain": false,
  "nonlinear_spec": null,
  "modulation_spec": null,
  "viz_spec": null,
  "heat_spec": null,
  "type": "PoleResidue",
  "eps_inf": 2.147418400125482,
  "poles": [
    [
      {
        "real": -1378926733513801.5,
        "imag": -7756299762347324.0
      },
      {
        "real": 3715623639265821.0,
        "imag": 1.1293313618361242e+16
      }
    ]
  ]
}