{
  "attrs": {},
  "name": "CP_M1",
  "frequency_range": null,
  "allow_gain": false,
  "nonlinear_spec": null,
  "modulation_spec": null,
  "viz_spec": null,
  "heat_spec": null,
  "type": "PoleResidue",
  "eps_inf": 2.369253668490765,
  "poles": [
    [
      {
        "real": -1277884165186749.5,
        "imag": -7643447250506892.0
      },
      {
        "real": 3128637656596659.5,
        "imag": 1.0397073264760882e+16
      }
    ]
  ]
}