{
  "attrs": {},
  "name": "SCP_M2",
  "frequency_range": null,
  "allow_gain": false,
  "nonlinear_spec": null,
  "modulation_spec": null,
  "viz_spec": null,
  "heat_spec": null,
  "type": "PoleResidue",
  "eps_inf": 1.583540674260829,
  "poles": [
    [
      {
        "real": -179314858233251.06,
        "imag": -5599680905856473.0
      },
      {
        "real": 195614413817864.94,
        "imag": 164649352488439.38
      }
    ],
    [
      {
        "real": -1140147240503292.0,
        "imag": -8712683339162525.0
      },
      {
        "real": 2115475169205768.0,
        "imag": 1.5225946492661204e+16
      }
    ]
  ],
  "model_family": "SCP",
  "order_N": 2
}