{
  "attrs": {},
  "name": "SCP_M3",
  "frequency_range": null,
  "allow_gain": false,
  "nonlinear_spec": null,
  "modulation_spec": null,
  "viz_spec": null,
  "heat_spec": null,
  "type": "PoleResidue",
  "eps_inf": 1.4503019211352404,
  "poles": [
    [
      {
        "real": -1385163700314779.8,
        "imag": -788658095502704.8
      },
      {
        "real": 7.711348074948496e+16,
        "imag": 1.5270899944153398e+17
      }
    ],
    [
      {
        "real": -7529816205775.424,
        "imag": -89093142502366.11
      },
      {
        "real": -6.37658166365688e+16,
        "imag": 8.909237591327796e+17
      }
    ],
    [
      {
        "real": -1317842391194443.0,
        "imag": -4927813934162656.0
      },
      {
        "real": -868635207402220.4,
        "imag": 4359317696766317.0
      }
    ]
  ]
}