{
  "attrs": {},
  "name": "SCP_M2",
  "frequency_range": null,
  "allow_gain": false,
  "nonlinear_spec": null,
  "modulation_spec": null,
  "viz_spec": null,
  "heat_spec": null,
  "type": "PoleResidue",
  "eps_inf": 1.2806208475592256,
  "poles": [
    [
      {
        "real": -6283185307.179587,
        "imag": -91795100129726.95
      },
      {
        "real": 4817266624164366.0,
        "imag": 9.179510011608124e+17
      }
    ],
    [
      {
        "real": -1340452024448291.8,
        "imag": -3742697438914637.0
      },
      {
        "real": 1.0307159265696022e+16,
        "imag": -1126137818911641.8
      }
    ]
  ]
}