{
  "attrs": {},
  "name": "CP_M2",
  "frequency_range": null,
  "allow_gain": false,
  "nonlinear_spec": null,
  "modulation_spec": null,
  "viz_spec": null,
  "heat_spec": null,
  "type": "PoleResidue",
  "eps_inf": 0.9385483928045386,
  "poles": [
    [
      {
        "real": -148920825576842.5,
        "imag": -758072514789819.4
      },
      {
        "real": -5576958575267675.0,
        "imag": 1.1188875232841246e+17
      }
    ],
    [
      {
        "real": -2261530477430866.0,
        "imag": -4726347676641667.0
      },
      {
        "real": 1.023739320242836e+16,
        "imag": 1.6328537503381758e+16
      }
    ]
  ]
}