{
  "attrs": {},
  "name": "SCP_M1",
  "frequency_range": null,
  "allow_gain": false,
  "nonlinear_spec": null,
  "modulation_spec": null,
  "viz_spec": null,
  "heat_spec": null,
  "type": "PoleResidue",
  "eps_inf": 4.712124304278805,
  "poles": [
    [
      {
        "real": -26933553445651.574,
        "imag": -748169508293210.0
      },
      {
        "real": 5958521686133097.0,
        "imag": 8.230903156165386e+16
      }
    ]
  ]
}