{
    "attrs": {},
    "name": "RP_selected_M2",
    "frequency_range": null,
    "allow_gain": false,
    "nonlinear_spec": null,
    "modulation_spec": null,
    "viz_spec": null,
    "heat_spec": null,
    "type": "PoleResidue",
    "eps_inf": 0.2648078964627849,
    "poles": [
        [
            {
                "real": -81308514764710.75,
                "imag": -860543204024819.5
            },
            {
                "real": 363732660095327.8,
                "imag": 7.782527472122235e+16
            }
        ],
        [
            {
                "real": -1071219486595111.2,
                "imag": -3582444396145245.5
            },
            {
                "real": 6816636363404875.0,
                "imag": 855548726319156.9
            }
        ]
    ]
}