{
  "attrs": {},
  "name": "RP_M2",
  "frequency_range": null,
  "allow_gain": false,
  "nonlinear_spec": null,
  "modulation_spec": null,
  "viz_spec": null,
  "heat_spec": null,
  "type": "PoleResidue",
  "eps_inf": 1.1760960705820156,
  "poles": [
    [
      {
        "real": -1346857647454719.8,
        "imag": 3776673395826162.5
      },
      {
        "real": 1.0026310709068486e+16,
        "imag": -416306993274960.25
      }
    ],
    [
      {
        "real": -24400212593842.57,
        "imag": 370374986738912.7
      },
      {
        "real": 2873786124193668.5,
        "imag": -2.2335591123721693e+17
      }
    ]
  ],
  "model_family": "RP",
  "order_N": 2
}