{
  "attrs": {},
  "name": "SCP_M2",
  "frequency_range": null,
  "allow_gain": false,
  "nonlinear_spec": null,
  "modulation_spec": null,
  "viz_spec": null,
  "heat_spec": null,
  "type": "PoleResidue",
  "eps_inf": 1.2697570593882117,
  "poles": [
    [
      {
        "real": -6283185307.179587,
        "imag": -91782388621929.77
      },
      {
        "real": 4822847299207628.0,
        "imag": 9.178238858923072e+17
      }
    ],
    [
      {
        "real": -1341847346610937.8,
        "imag": -3741708941131112.0
      },
      {
        "real": 1.032788501468782e+16,
        "imag": -1143041273718518.8
      }
    ]
  ],
  "model_family": "SCP",
  "order_N": 2
}