{
  "attrs": {},
  "name": "SCP_M2",
  "frequency_range": null,
  "allow_gain": false,
  "nonlinear_spec": null,
  "modulation_spec": null,
  "viz_spec": null,
  "heat_spec": null,
  "type": "PoleResidue",
  "eps_inf": 2.0111131396914055,
  "poles": [
    [
      {
        "real": -5119477609544922.0,
        "imag": -9341444976764450.0
      },
      {
        "real": -2.6612029715120618e+17,
        "imag": 3.782203076158898e+16
      }
    ],
    [
      {
        "real": -5071862093177606.0,
        "imag": -9371116801232306.0
      },
      {
        "real": 2.6924929648983226e+17,
        "imag": -3.335039467171948e+16
      }
    ]
  ]
}