{
  "attrs": {},
  "name": "SCP_M3",
  "frequency_range": null,
  "allow_gain": false,
  "nonlinear_spec": null,
  "modulation_spec": null,
  "viz_spec": null,
  "heat_spec": null,
  "type": "PoleResidue",
  "eps_inf": 1.5655711153132787,
  "poles": [
    [
      {
        "real": -6283185307.807905,
        "imag": -611980368198032.2
      },
      {
        "real": -48828229.76092293,
        "imag": 24332074040088.6
      }
    ],
    [
      {
        "real": -6283185307.807905,
        "imag": -1.3944315829090338e+16
      },
      {
        "real": 39829857266.386444,
        "imag": 4048445263086317.0
      }
    ],
    [
      {
        "real": -6283185307.807905,
        "imag": -1.6512182523871802e+16
      },
      {
        "real": -51138319983.5062,
        "imag": 5133988495045514.0
      }
    ]
  ]
}