{
  "attrs": {},
  "name": "CP_M2",
  "frequency_range": null,
  "allow_gain": false,
  "nonlinear_spec": null,
  "modulation_spec": null,
  "viz_spec": null,
  "heat_spec": null,
  "type": "PoleResidue",
  "eps_inf": 2.465489619359326,
  "poles": [
    [
      {
        "real": -6283185307.179586,
        "imag": -85622679776929.1
      },
      {
        "real": 1090502078.4626825,
        "imag": 565678436707535.9
      }
    ],
    [
      {
        "real": -6283185307.179586,
        "imag": -9536937910406534.0
      },
      {
        "real": 4292934493.997211,
        "imag": 1551336293356108.0
      }
    ]
  ]
}