{
  "attrs": {},
  "name": "SCP_M1",
  "frequency_range": null,
  "allow_gain": false,
  "nonlinear_spec": null,
  "modulation_spec": null,
  "viz_spec": null,
  "heat_spec": null,
  "type": "PoleResidue",
  "eps_inf": 0.2910662054248135,
  "poles": [
    [
      {
        "real": -6605956700.938306,
        "imag": -2.0345354091513436e+16
      },
      {
        "real": -13040351519.920643,
        "imag": 2.5093777357527256e+16
      }
    ]
  ]
}