{
  "attrs": {},
  "name": "CP_M1",
  "frequency_range": null,
  "allow_gain": false,
  "nonlinear_spec": null,
  "modulation_spec": null,
  "viz_spec": null,
  "heat_spec": null,
  "type": "PoleResidue",
  "eps_inf": 1.6472037537570456,
  "poles": [
    [
      {
        "real": -6283185307.179586,
        "imag": -1.4316067479029844e+16
      },
      {
        "real": 1199152915.5113533,
        "imag": 7970357909150573.0
      }
    ]
  ]
}