{
  "attrs": {},
  "name": "SCP_M1",
  "frequency_range": null,
  "allow_gain": false,
  "nonlinear_spec": null,
  "modulation_spec": null,
  "viz_spec": null,
  "heat_spec": null,
  "type": "PoleResidue",
  "eps_inf": 0.6249193112401251,
  "poles": [
    [
      {
        "real": -12750481380.622091,
        "imag": -1.9061939571779444e+16
      },
      {
        "real": 24766685471.845623,
        "imag": 2.0333185700392204e+16
      }
    ]
  ],
  "model_family": "SCP",
  "order_N": 1
}