{
  "attrs": {},
  "name": "SCP_M2",
  "frequency_range": null,
  "allow_gain": false,
  "nonlinear_spec": null,
  "modulation_spec": null,
  "viz_spec": null,
  "heat_spec": null,
  "type": "PoleResidue",
  "eps_inf": 0.6993207301101846,
  "poles": [
    [
      {
        "real": -55425695214433.23,
        "imag": -1.3063309228508826e+16
      },
      {
        "real": 119576078874686.81,
        "imag": 4404617988471891.0
      }
    ],
    [
      {
        "real": -185919542192266.47,
        "imag": -2.609006162119353e+16
      },
      {
        "real": -43613341307033.5,
        "imag": 2.0182376428821988e+16
      }
    ]
  ]
}