{
  "attrs": {},
  "name": "CP_M2",
  "frequency_range": null,
  "allow_gain": false,
  "nonlinear_spec": null,
  "modulation_spec": null,
  "viz_spec": null,
  "heat_spec": null,
  "type": "PoleResidue",
  "eps_inf": 0.3266178660086238,
  "poles": [
    [
      {
        "real": -8784387529893653.0,
        "imag": -1.7233737676201378e+16
      },
      {
        "real": 4.13150847187006e+17,
        "imag": -1.4620728180281922e+16
      }
    ],
    [
      {
        "real": -9522715156741078.0,
        "imag": -1.7307365324125164e+16
      },
      {
        "real": -4.1281384012098445e+17,
        "imag": 5.287356669106348e+16
      }
    ]
  ]
}