{
  "attrs": {},
  "name": "CP_M2",
  "frequency_range": null,
  "allow_gain": false,
  "nonlinear_spec": null,
  "modulation_spec": null,
  "viz_spec": null,
  "heat_spec": null,
  "type": "PoleResidue",
  "eps_inf": 1.544838589549931,
  "poles": [
    [
      {
        "real": -100565049527174.66,
        "imag": -1.474963616037693e+16
      },
      {
        "real": 1329455317856832.2,
        "imag": 9614414501771378.0
      }
    ],
    [
      {
        "real": -1044887673987251.9,
        "imag": -1.5892896258740244e+16
      },
      {
        "real": -1323648910414413.8,
        "imag": 655066576488157.4
      }
    ]
  ],
  "model_family": "CP",
  "order_N": 2
}