{
  "attrs": {},
  "name": "CP_M3",
  "frequency_range": null,
  "allow_gain": false,
  "nonlinear_spec": null,
  "modulation_spec": null,
  "viz_spec": null,
  "heat_spec": null,
  "type": "PoleResidue",
  "eps_inf": 1.9584205830026775,
  "poles": [
    [
      {
        "real": -103291179763464.6,
        "imag": -5601134061082247.0
      },
      {
        "real": -996093838209.7804,
        "imag": -20223683022161.34
      }
    ],
    [
      {
        "real": -105371166319010.02,
        "imag": -5602107747503666.0
      },
      {
        "real": 809927888417.8667,
        "imag": 20719482855660.258
      }
    ],
    [
      {
        "real": -7091331257218.923,
        "imag": -1.2855937309393562e+16
      },
      {
        "real": 8228608899187.107,
        "imag": 6198115468241379.0
      }
    ]
  ]
}