{
  "attrs": {},
  "name": "RP_M1",
  "frequency_range": null,
  "allow_gain": false,
  "nonlinear_spec": null,
  "modulation_spec": null,
  "viz_spec": null,
  "heat_spec": null,
  "type": "PoleResidue",
  "eps_inf": 1.5540697280345246,
  "poles": [
    [
      {
        "real": -1721629596977.3694,
        "imag": 1.4852240433903964e+16
      },
      {
        "real": 2048716091479.083,
        "imag": -1.0150049422258542e+16
      }
    ]
  ],
  "model_family": "RP",
  "order_N": 1
}