{
  "attrs": {},
  "name": "CP_M3",
  "frequency_range": null,
  "allow_gain": false,
  "nonlinear_spec": null,
  "modulation_spec": null,
  "viz_spec": null,
  "heat_spec": null,
  "type": "PoleResidue",
  "eps_inf": 1.570695486306722,
  "poles": [
    [
      {
        "real": -361457206177651.3,
        "imag": -5089493116491448.0
      },
      {
        "real": 8899224590713647.0,
        "imag": 2463171923849006.0
      }
    ],
    [
      {
        "real": -1076044727343214.4,
        "imag": -6013320277407507.0
      },
      {
        "real": -6292261215962639.0,
        "imag": 1.9669279022217704e+16
      }
    ],
    [
      {
        "real": -307610769792682.1,
        "imag": -6562179571644655.0
      },
      {
        "real": 957130422010158.1,
        "imag": 9311238013430904.0
      }
    ]
  ]
}