{
  "attrs": {},
  "name": "CP_M2",
  "frequency_range": null,
  "allow_gain": false,
  "nonlinear_spec": null,
  "modulation_spec": null,
  "viz_spec": null,
  "heat_spec": null,
  "type": "PoleResidue",
  "eps_inf": 1.1522274118933928,
  "poles": [
    [
      {
        "real": -173649623168224.78,
        "imag": -5184431294388125.0
      },
      {
        "real": 4981583162327713.0,
        "imag": 4768478522818848.0
      }
    ],
    [
      {
        "real": -688121864978273.6,
        "imag": -6619185853473377.0
      },
      {
        "real": -3411979084025663.5,
        "imag": 2.8926515453974724e+16
      }
    ]
  ]
}