{
  "attrs": {},
  "name": "SCP_M3",
  "frequency_range": null,
  "allow_gain": false,
  "nonlinear_spec": null,
  "modulation_spec": null,
  "viz_spec": null,
  "heat_spec": null,
  "type": "PoleResidue",
  "eps_inf": 1.7122406713737102,
  "poles": [
    [
      {
        "real": -144009804425969.34,
        "imag": -5201160382842605.0
      },
      {
        "real": 2468858867222623.5,
        "imag": 3771755960167294.5
      }
    ],
    [
      {
        "real": -497085209228835.5,
        "imag": -5515152327352752.0
      },
      {
        "real": 4307059818158433.0,
        "imag": 5040619659623244.0
      }
    ],
    [
      {
        "real": -602811448901904.8,
        "imag": -6656150456752263.0
      },
      {
        "real": -4665925398325319.0,
        "imag": 2.1809825001580236e+16
      }
    ]
  ]
}