{
  "attrs": {},
  "name": "RP_M3",
  "frequency_range": null,
  "allow_gain": false,
  "nonlinear_spec": null,
  "modulation_spec": null,
  "viz_spec": null,
  "heat_spec": null,
  "type": "PoleResidue",
  "eps_inf": 1.6004014307609247,
  "poles": [
    [
      {
        "real": -633514670613933.9,
        "imag": 6619507176789011.0
      },
      {
        "real": -3773171570417452.0,
        "imag": -2.3074963169140396e+16
      }
    ],
    [
      {
        "real": -422228200515743.6,
        "imag": 5489002107636793.0
      },
      {
        "real": 4066213727648238.0,
        "imag": -3973970532691586.5
      }
    ],
    [
      {
        "real": -143226710770233.22,
        "imag": 5208019718696937.0
      },
      {
        "real": 2147811292048571.0,
        "imag": -4016304367253813.0
      }
    ]
  ],
  "model_family": "RP",
  "order_N": 3
}