{
  "attrs": {},
  "name": "RP_M2",
  "frequency_range": null,
  "allow_gain": false,
  "nonlinear_spec": null,
  "modulation_spec": null,
  "viz_spec": null,
  "heat_spec": null,
  "type": "PoleResidue",
  "eps_inf": 0.8891281521756377,
  "poles": [
    [
      {
        "real": -808359360596330.0,
        "imag": -6375925059775015.0
      },
      {
        "real": 1474270913622021.2,
        "imag": 2.922245741907443e+16
      }
    ],
    [
      {
        "real": -162503948651188.06,
        "imag": -5183548948855508.0
      },
      {
        "real": 4100995084348532.5,
        "imag": 3981087045754481.0
      }
    ]
  ]
}