{
  "attrs": {},
  "name": "RP_M3",
  "frequency_range": null,
  "allow_gain": false,
  "nonlinear_spec": null,
  "modulation_spec": null,
  "viz_spec": null,
  "heat_spec": null,
  "type": "PoleResidue",
  "eps_inf": 2.0532769588847586,
  "poles": [
    [
      {
        "real": -690384311443980.2,
        "imag": -6600521095153261.0
      },
      {
        "real": -5526326690526144.0,
        "imag": 2.6035886834936044e+16
      }
    ],
    [
      {
        "real": -244757113768737.6,
        "imag": -5210408715818584.0
      },
      {
        "real": 6790945238466513.0,
        "imag": 4321482848916342.5
      }
    ],
    [
      {
        "real": -83924322185438.08,
        "imag": -5260794688057604.0
      },
      {
        "real": -771485985953809.9,
        "imag": 717470066979270.4
      }
    ]
  ]
}