{
  "attrs": {},
  "name": "RP_M3",
  "frequency_range": null,
  "allow_gain": false,
  "nonlinear_spec": null,
  "modulation_spec": null,
  "viz_spec": null,
  "heat_spec": null,
  "type": "PoleResidue",
  "eps_inf": 2.025805295543492,
  "poles": [
    [
      {
        "real": -689068271745047.6,
        "imag": -6584818308585512.0
      },
      {
        "real": -5093608863849775.0,
        "imag": 2.6004700828210548e+16
      }
    ],
    [
      {
        "real": -235000282571779.22,
        "imag": -5212131382741676.0
      },
      {
        "real": 6707910179629900.0,
        "imag": 4567636067373329.0
      }
    ],
    [
      {
        "real": -81713238974326.08,
        "imag": -5267851698013473.0
      },
      {
        "real": -847494542955156.9,
        "imag": 485937390870507.3
      }
    ]
  ]
}