{
  "attrs": {},
  "name": "SCP_M3",
  "frequency_range": null,
  "allow_gain": false,
  "nonlinear_spec": null,
  "modulation_spec": null,
  "viz_spec": null,
  "heat_spec": null,
  "type": "PoleResidue",
  "eps_inf": 1.733491700158345,
  "poles": [
    [
      {
        "real": -144110956658055.16,
        "imag": -5201039103059397.0
      },
      {
        "real": 2478038746641023.5,
        "imag": 3771184028004203.5
      }
    ],
    [
      {
        "real": -498985754719075.75,
        "imag": -5517825799447762.0
      },
      {
        "real": 4304085724195117.0,
        "imag": 5106063603568685.0
      }
    ],
    [
      {
        "real": -597065769643702.8,
        "imag": -6657307393839719.0
      },
      {
        "real": -4714263650469921.0,
        "imag": 2.1666222748441664e+16
      }
    ]
  ],
  "model_family": "SCP",
  "order_N": 3
}