{
  "attrs": {},
  "name": "SCP_M3",
  "frequency_range": null,
  "allow_gain": false,
  "nonlinear_spec": null,
  "modulation_spec": null,
  "viz_spec": null,
  "heat_spec": null,
  "type": "PoleResidue",
  "eps_inf": 2.2780861580968077,
  "poles": [
    [
      {
        "real": -283965883159967.44,
        "imag": -5121108349949089.0
      },
      {
        "real": 5.242310547874448e+17,
        "imag": 1.0913481996758559e+18
      }
    ],
    [
      {
        "real": -283433819244054.25,
        "imag": -5121868110732366.0
      },
      {
        "real": -5.1738201410453984e+17,
        "imag": -1.0847640436905316e+18
      }
    ],
    [
      {
        "real": -646974941226876.9,
        "imag": -6438711797841397.0
      },
      {
        "real": -5178660800070504.0,
        "imag": 2.3883238661174332e+16
      }
    ]
  ]
}