{
  "attrs": {},
  "name": "CP_M3",
  "frequency_range": null,
  "allow_gain": false,
  "nonlinear_spec": null,
  "modulation_spec": null,
  "viz_spec": null,
  "heat_spec": null,
  "type": "PoleResidue",
  "eps_inf": 3.1386739651038686,
  "poles": [
    [
      {
        "real": -238024148333476.62,
        "imag": -5010672239381924.0
      },
      {
        "real": 1622865924598317.0,
        "imag": 4346509499739517.0
      }
    ],
    [
      {
        "real": -500379756538614.5,
        "imag": -5268721748527828.0
      },
      {
        "real": 6289904298908939.0,
        "imag": 3967905199016582.0
      }
    ],
    [
      {
        "real": -517071341025923.3,
        "imag": -6496383258336907.0
      },
      {
        "real": -7411152401140706.0,
        "imag": 1.92754889275894e+16
      }
    ]
  ]
}