{
  "attrs": {},
  "name": "CP_M2",
  "frequency_range": null,
  "allow_gain": false,
  "nonlinear_spec": null,
  "modulation_spec": null,
  "viz_spec": null,
  "heat_spec": null,
  "type": "PoleResidue",
  "eps_inf": 2.9767073421388925,
  "poles": [
    [
      {
        "real": -325481131472120.9,
        "imag": -5014757758050252.0
      },
      {
        "real": 6259609632523472.0,
        "imag": 5975060452621058.0
      }
    ],
    [
      {
        "real": -577954371325926.9,
        "imag": -6452211774482136.0
      },
      {
        "real": -6237135955917763.0,
        "imag": 2.3120667394588492e+16
      }
    ]
  ],
  "model_family": "CP",
  "order_N": 2
}