{
  "attrs": {},
  "name": "RP_M3",
  "frequency_range": null,
  "allow_gain": false,
  "nonlinear_spec": null,
  "modulation_spec": null,
  "viz_spec": null,
  "heat_spec": null,
  "type": "PoleResidue",
  "eps_inf": 3.199451160924689,
  "poles": [
    [
      {
        "real": -556477077294944.3,
        "imag": -6478261194383201.0
      },
      {
        "real": -7135379281397758.0,
        "imag": 2.109883378766597e+16
      }
    ],
    [
      {
        "real": -266360345277055.34,
        "imag": -5056475308660178.0
      },
      {
        "real": 1094841866403213.1,
        "imag": 9301478964378658.0
      }
    ],
    [
      {
        "real": -306370757365594.7,
        "imag": -5229882608188930.0
      },
      {
        "real": 6006092684918813.0,
        "imag": -2217366779481310.0
      }
    ]
  ]
}