{
  "attrs": {},
  "name": "SCP_M3",
  "frequency_range": null,
  "allow_gain": false,
  "nonlinear_spec": null,
  "modulation_spec": null,
  "viz_spec": null,
  "heat_spec": null,
  "type": "PoleResidue",
  "eps_inf": 2.19517722801945,
  "poles": [
    [
      {
        "real": -279730936089637.78,
        "imag": -5130037310975421.0
      },
      {
        "real": 8.059274340976378e+17,
        "imag": 7.453628462522294e+17
      }
    ],
    [
      {
        "real": -278832028593477.2,
        "imag": -5130547534034997.0
      },
      {
        "real": -7.992909236513553e+17,
        "imag": -7.385118361326934e+17
      }
    ],
    [
      {
        "real": -640092008032137.8,
        "imag": -6417536881490106.0
      },
      {
        "real": -4343868966107377.5,
        "imag": 2.3573890585974696e+16
      }
    ]
  ],
  "model_family": "SCP",
  "order_N": 3
}