{
  "attrs": {},
  "name": "SCP_M2",
  "frequency_range": null,
  "allow_gain": false,
  "nonlinear_spec": null,
  "modulation_spec": null,
  "viz_spec": null,
  "heat_spec": null,
  "type": "PoleResidue",
  "eps_inf": 1.4118860627056429,
  "poles": [
    [
      {
        "real": -323806482558164.94,
        "imag": -4985657179166081.0
      },
      {
        "real": 5808707586645409.0,
        "imag": 5088328351350625.0
      }
    ],
    [
      {
        "real": -755800909095742.8,
        "imag": -6355904787053085.0
      },
      {
        "real": -2148892723088124.5,
        "imag": 2.7843400916475964e+16
      }
    ]
  ],
  "model_family": "SCP",
  "order_N": 2
}