{
  "attrs": {},
  "name": "CP_M2",
  "frequency_range": null,
  "allow_gain": false,
  "nonlinear_spec": null,
  "modulation_spec": null,
  "viz_spec": null,
  "heat_spec": null,
  "type": "PoleResidue",
  "eps_inf": 4.637551022904086,
  "poles": [
    [
      {
        "real": -271695349143355.34,
        "imag": -3907180821675485.5
      },
      {
        "real": -645320391961569.9,
        "imag": 3646478547837251.5
      }
    ],
    [
      {
        "real": -1023789233126679.4,
        "imag": -4423813394233462.5
      },
      {
        "real": 4553536744234811.0,
        "imag": 1.932145699293307e+16
      }
    ]
  ],
  "model_family": "CP",
  "order_N": 2
}