{
  "attrs": {},
  "name": "CP_M3",
  "frequency_range": null,
  "allow_gain": false,
  "nonlinear_spec": null,
  "modulation_spec": null,
  "viz_spec": null,
  "heat_spec": null,
  "type": "PoleResidue",
  "eps_inf": 4.064442256324249,
  "poles": [
    [
      {
        "real": -120871482212394.81,
        "imag": -3053498318448774.0
      },
      {
        "real": 330574276714981.25,
        "imag": 1470441760967722.2
      }
    ],
    [
      {
        "real": -299983832073959.1,
        "imag": -3922458459378198.5
      },
      {
        "real": 521385738247109.94,
        "imag": 5622304236655205.0
      }
    ],
    [
      {
        "real": -948283868966676.1,
        "imag": -4601644302972828.0
      },
      {
        "real": 4141189870008144.5,
        "imag": 1.446587610609279e+16
      }
    ]
  ]
}