{
  "attrs": {},
  "name": "SCP_M2",
  "frequency_range": null,
  "allow_gain": false,
  "nonlinear_spec": null,
  "modulation_spec": null,
  "viz_spec": null,
  "heat_spec": null,
  "type": "PoleResidue",
  "eps_inf": 1.068871282641071,
  "poles": [
    [
      {
        "real": -625953929515.9805,
        "imag": -149952550442309.78
      },
      {
        "real": 5380131096524617.0,
        "imag": 5.6085987254082854e+17
      }
    ],
    [
      {
        "real": -1389125435979761.8,
        "imag": -3690264018599728.0
      },
      {
        "real": 1.0790154080569762e+16,
        "imag": -1780711267326369.2
      }
    ]
  ]
}