{
  "attrs": {},
  "name": "SCP_M3",
  "frequency_range": null,
  "allow_gain": false,
  "nonlinear_spec": null,
  "modulation_spec": null,
  "viz_spec": null,
  "heat_spec": null,
  "type": "PoleResidue",
  "eps_inf": 2.4318720199078934,
  "poles": [
    [
      {
        "real": -37964985818197.82,
        "imag": -95286810219331.16
      },
      {
        "real": 935895034237272.9,
        "imag": 9.528681021931798e+17
      }
    ],
    [
      {
        "real": -660492370142381.6,
        "imag": -3997056334419277.5
      },
      {
        "real": 1951815895478568.8,
        "imag": 1474133103052453.8
      }
    ],
    [
      {
        "real": -1768625472403675.5,
        "imag": -5561710708304301.0
      },
      {
        "real": 3780844034056590.5,
        "imag": 7602274861195261.0
      }
    ]
  ]
}