{
  "attrs": {},
  "name": "CP_M1",
  "frequency_range": null,
  "allow_gain": false,
  "nonlinear_spec": null,
  "modulation_spec": null,
  "viz_spec": null,
  "heat_spec": null,
  "type": "PoleResidue",
  "eps_inf": 5.72452183435219,
  "poles": [
    [
      {
        "real": -138444406787630.8,
        "imag": -774756457926588.0
      },
      {
        "real": 4641065968140537.0,
        "imag": 9.080496622623814e+16
      }
    ]
  ]
}