{
  "attrs": {},
  "name": "CP_M1",
  "frequency_range": null,
  "allow_gain": false,
  "nonlinear_spec": null,
  "modulation_spec": null,
  "viz_spec": null,
  "heat_spec": null,
  "type": "PoleResidue",
  "eps_inf": 5.858997979441746,
  "poles": [
    [
      {
        "real": -120086098586903.23,
        "imag": -745506012353378.4
      },
      {
        "real": 4933329821359252.0,
        "imag": 9.578786671021176e+16
      }
    ]
  ]
}