{
  "attrs": {},
  "name": "SCP_M1",
  "frequency_range": null,
  "allow_gain": false,
  "nonlinear_spec": null,
  "modulation_spec": null,
  "viz_spec": null,
  "heat_spec": null,
  "type": "PoleResidue",
  "eps_inf": 4.567864031809131,
  "poles": [
    [
      {
        "real": -27153408310207.72,
        "imag": -742033101322741.6
      },
      {
        "real": 6314266594655244.0,
        "imag": 8.317189563039538e+16
      }
    ]
  ]
}