{
  "attrs": {},
  "name": "SCP_M2",
  "frequency_range": null,
  "allow_gain": false,
  "nonlinear_spec": null,
  "modulation_spec": null,
  "viz_spec": null,
  "heat_spec": null,
  "type": "PoleResidue",
  "eps_inf": 0.9954074081687974,
  "poles": [
    [
      {
        "real": -726679173316.4379,
        "imag": -118541524646324.3
      },
      {
        "real": 5420513054334487.0,
        "imag": 7.104190358655818e+17
      }
    ],
    [
      {
        "real": -1407602588917241.0,
        "imag": -3665613630275410.0
      },
      {
        "real": 1.103803577011102e+16,
        "imag": -2066296396114050.0
      }
    ]
  ]
}