{
  "attrs": {},
  "name": "SCP_M3",
  "frequency_range": null,
  "allow_gain": false,
  "nonlinear_spec": null,
  "modulation_spec": null,
  "viz_spec": null,
  "heat_spec": null,
  "type": "PoleResidue",
  "eps_inf": 2.431080747548889,
  "poles": [
    [
      {
        "real": -37989911765363.875,
        "imag": -95287309919330.0
      },
      {
        "real": 934653022559875.0,
        "imag": 9.52873099188981e+17
      }
    ],
    [
      {
        "real": -660488611175216.8,
        "imag": -3997203931311967.0
      },
      {
        "real": 1951017208060268.0,
        "imag": 1475026327538574.8
      }
    ],
    [
      {
        "real": -1768673422035377.5,
        "imag": -5561255543763193.0
      },
      {
        "real": 3785262941632953.0,
        "imag": 7601894927287390.0
      }
    ]
  ]
}