{
  "attrs": {},
  "name": "CP_M2",
  "frequency_range": null,
  "allow_gain": false,
  "nonlinear_spec": null,
  "modulation_spec": null,
  "viz_spec": null,
  "heat_spec": null,
  "type": "PoleResidue",
  "eps_inf": 0.48629853854566885,
  "poles": [
    [
      {
        "real": -127713891925276.45,
        "imag": -747167300808692.9
      },
      {
        "real": -4803771598436356.0,
        "imag": 1.137178007944569e+17
      }
    ],
    [
      {
        "real": -2420808452475412.0,
        "imag": -4674671599256845.0
      },
      {
        "real": 1.200066830416117e+16,
        "imag": 1.649119589288077e+16
      }
    ]
  ]
}