{
  "attrs": {},
  "name": "RP_M2",
  "frequency_range": null,
  "allow_gain": false,
  "nonlinear_spec": null,
  "modulation_spec": null,
  "viz_spec": null,
  "heat_spec": null,
  "type": "PoleResidue",
  "eps_inf": 0.9654450204227258,
  "poles": [
    [
      {
        "real": -1421478270190424.5,
        "imag": 3729245352956820.0
      },
      {
        "real": 1.086523784555139e+16,
        "imag": 790470435910028.5
      }
    ],
    [
      {
        "real": -8839693692062.42,
        "imag": 314103064571313.0
      },
      {
        "real": 4388020879709414.5,
        "imag": -2.6496400154890182e+17
      }
    ]
  ],
  "model_family": "RP",
  "order_N": 2
}