{
  "attrs": {},
  "name": "SCP_M2",
  "frequency_range": null,
  "allow_gain": false,
  "nonlinear_spec": null,
  "modulation_spec": null,
  "viz_spec": null,
  "heat_spec": null,
  "type": "PoleResidue",
  "eps_inf": 3.685620883585208,
  "poles": [
    [
      {
        "real": -6283185307.179587,
        "imag": -102160293371954.05
      },
      {
        "real": 1025182489305285.1,
        "imag": 1.0216029336687914e+18
      }
    ],
    [
      {
        "real": -360894924100251.94,
        "imag": -6364572649738431.0
      },
      {
        "real": 907034102735740.8,
        "imag": 1554451111791272.8
      }
    ]
  ]
}