{
  "attrs": {},
  "name": "CP_M3",
  "frequency_range": null,
  "allow_gain": false,
  "nonlinear_spec": null,
  "modulation_spec": null,
  "viz_spec": null,
  "heat_spec": null,
  "type": "PoleResidue",
  "eps_inf": 0.6264215863021417,
  "poles": [
    [
      {
        "real": -129585736559464.12,
        "imag": -379180562361514.56
      },
      {
        "real": 7.98839136961475e+16,
        "imag": 2.6724414640205008e+17
      }
    ],
    [
      {
        "real": -590326359417821.2,
        "imag": -585959076768873.6
      },
      {
        "real": -7.615909579998058e+16,
        "imag": -8.873148298267979e+16
      }
    ],
    [
      {
        "real": -824336627303726.6,
        "imag": -6590793000856543.0
      },
      {
        "real": 4371213387082186.0,
        "imag": 2926144807665647.5
      }
    ]
  ],
  "model_family": "CP",
  "order_N": 3
}