{
  "attrs": {},
  "name": "SCP_M1",
  "frequency_range": null,
  "allow_gain": false,
  "nonlinear_spec": null,
  "modulation_spec": null,
  "viz_spec": null,
  "heat_spec": null,
  "type": "PoleResidue",
  "eps_inf": 7.037991773077339,
  "poles": [
    [
      {
        "real": -6283185307.179603,
        "imag": -94250168871487.6
      },
      {
        "real": 1140556345977740.0,
        "imag": 1.2557287379049638e+18
      }
    ]
  ]
}