{
  "attrs": {},
  "name": "RP_M2",
  "frequency_range": null,
  "allow_gain": false,
  "nonlinear_spec": null,
  "modulation_spec": null,
  "viz_spec": null,
  "heat_spec": null,
  "type": "PoleResidue",
  "eps_inf": 4.364872363855104,
  "poles": [
    [
      {
        "real": -244592677815948.88,
        "imag": 377089241450518.8
      },
      {
        "real": -3.2060362480283936e+17,
        "imag": -1.506474539231248e+17
      }
    ],
    [
      {
        "real": -112884146627276.14,
        "imag": -0.0043598346642924985
      },
      {
        "real": 3.211879183368577e+17,
        "imag": 0.0
      }
    ]
  ],
  "model_family": "RP",
  "order_N": 2
}