{
  "attrs": {},
  "name": "SCP_M2",
  "frequency_range": null,
  "allow_gain": false,
  "nonlinear_spec": null,
  "modulation_spec": null,
  "viz_spec": null,
  "heat_spec": null,
  "type": "PoleResidue",
  "eps_inf": 3.6797707592044784,
  "poles": [
    [
      {
        "real": -6283185307.179587,
        "imag": -102154304860556.39
      },
      {
        "real": 1035796146073923.5,
        "imag": 1.0215430484895478e+18
      }
    ],
    [
      {
        "real": -364868318094313.6,
        "imag": -6365381460872961.0
      },
      {
        "real": 921590935371784.2,
        "imag": 1557985131608705.8
      }
    ]
  ],
  "model_family": "SCP",
  "order_N": 2
}