{
  "attrs": {},
  "name": "CP_M1",
  "frequency_range": null,
  "allow_gain": false,
  "nonlinear_spec": null,
  "modulation_spec": null,
  "viz_spec": null,
  "heat_spec": null,
  "type": "PoleResidue",
  "eps_inf": 4.771496496732239,
  "poles": [
    [
      {
        "real": -21554615650976.117,
        "imag": -85622679776929.1
      },
      {
        "real": 1797491204882910.0,
        "imag": 9.941924350352163e+17
      }
    ]
  ]
}