{
  "attrs": {},
  "name": "CP_M1",
  "frequency_range": null,
  "allow_gain": false,
  "nonlinear_spec": null,
  "modulation_spec": null,
  "viz_spec": null,
  "heat_spec": null,
  "type": "PoleResidue",
  "eps_inf": 4.638212549963509,
  "poles": [
    [
      {
        "real": -2086410973757.558,
        "imag": -359854338769668.7
      },
      {
        "real": 1942062276671584.2,
        "imag": 2.2998270000703702e+17
      }
    ]
  ]
}