{
  "attrs": {},
  "name": "RP_M1",
  "frequency_range": null,
  "allow_gain": false,
  "nonlinear_spec": null,
  "modulation_spec": null,
  "viz_spec": null,
  "heat_spec": null,
  "type": "PoleResidue",
  "eps_inf": 1.655004758078847,
  "poles": [
    [
      {
        "real": -53031690537295.96,
        "imag": -730272760509159.1
      },
      {
        "real": 396970434482486.4,
        "imag": 8.789149284188973e+16
      }
    ]
  ]
}