{
  "attrs": {},
  "name": "RP_M3",
  "frequency_range": null,
  "allow_gain": false,
  "nonlinear_spec": null,
  "modulation_spec": null,
  "viz_spec": null,
  "heat_spec": null,
  "type": "PoleResidue",
  "eps_inf": 1.923456990465054,
  "poles": [
    [
      {
        "real": -1053398805066458.6,
        "imag": 1250716342279173.5
      },
      {
        "real": 9491581761930992.0,
        "imag": -3486631859648192.5
      }
    ],
    [
      {
        "real": -100160295039234.78,
        "imag": -469164260683983.25
      },
      {
        "real": -1.0114460862720454e+16,
        "imag": 1.768708508106141e+17
      }
    ],
    [
      {
        "real": -432410493335173.56,
        "imag": -6426350144697940.0
      },
      {
        "real": 602279967992347.4,
        "imag": 1865837302980647.2
      }
    ]
  ]
}