{
  "attrs": {},
  "name": "SCP_M3",
  "frequency_range": null,
  "allow_gain": false,
  "nonlinear_spec": null,
  "modulation_spec": null,
  "viz_spec": null,
  "heat_spec": null,
  "type": "PoleResidue",
  "eps_inf": 2.3581965578330255,
  "poles": [
    [
      {
        "real": -8630177727.7724,
        "imag": -126891708486187.47
      },
      {
        "real": -3.36145970273785e+17,
        "imag": 7.433384422217828e+17
      }
    ],
    [
      {
        "real": -127464893223675.03,
        "imag": -167022970070258.28
      },
      {
        "real": 3.374909264833654e+17,
        "imag": 1.5599494187614458e+17
      }
    ],
    [
      {
        "real": -388922992966233.5,
        "imag": -6495711730509536.0
      },
      {
        "real": 660410829063610.4,
        "imag": 1504891003207169.8
      }
    ]
  ],
  "model_family": "SCP",
  "order_N": 3
}