{
  "attrs": {},
  "name": "CP_M2",
  "frequency_range": null,
  "allow_gain": false,
  "nonlinear_spec": null,
  "modulation_spec": null,
  "viz_spec": null,
  "heat_spec": null,
  "type": "PoleResidue",
  "eps_inf": 3.3678527391050332,
  "poles": [
    [
      {
        "real": -556551343879061.7,
        "imag": -3325595758313541.0
      },
      {
        "real": 5337670081422357.0,
        "imag": -5104319940661133.0
      }
    ],
    [
      {
        "real": -2080299665571822.2,
        "imag": -3402995799206824.5
      },
      {
        "real": 514225481038853.56,
        "imag": 3.112438630219428e+16
      }
    ]
  ]
}