{
  "attrs": {},
  "name": "SCP_M3",
  "frequency_range": null,
  "allow_gain": false,
  "nonlinear_spec": null,
  "modulation_spec": null,
  "viz_spec": null,
  "heat_spec": null,
  "type": "PoleResidue",
  "eps_inf": 0.8353902985898853,
  "poles": [
    [
      {
        "real": -1105279604830.7424,
        "imag": -872479908161250.8
      },
      {
        "real": -5523767307080299.0,
        "imag": 2.6252922154753363e+17
      }
    ],
    [
      {
        "real": -653456642077201.9,
        "imag": -3574077426040101.0
      },
      {
        "real": 9123733013584368.0,
        "imag": 3271219507620419.0
      }
    ],
    [
      {
        "real": -111799989055377.2,
        "imag": -1548717931401540.0
      },
      {
        "real": 2.1184107888944516e+16,
        "imag": -1634589133461315.0
      }
    ]
  ]
}