{
  "attrs": {},
  "name": "SCP_M1",
  "frequency_range": null,
  "allow_gain": false,
  "nonlinear_spec": null,
  "modulation_spec": null,
  "viz_spec": null,
  "heat_spec": null,
  "type": "PoleResidue",
  "eps_inf": 0.33779123622191654,
  "poles": [
    [
      {
        "real": -58784145099870.93,
        "imag": -959711375574971.6
      },
      {
        "real": 2.5006301793203016e+16,
        "imag": 1.8610388192257814e+17
      }
    ]
  ]
}