{
  "attrs": {},
  "name": "CP_M3",
  "frequency_range": null,
  "allow_gain": false,
  "nonlinear_spec": null,
  "modulation_spec": null,
  "viz_spec": null,
  "heat_spec": null,
  "type": "PoleResidue",
  "eps_inf": 2.6252180203123765,
  "poles": [
    [
      {
        "real": -30586940127523.52,
        "imag": -892518167242766.8
      },
      {
        "real": 6251561519639808.0,
        "imag": 2.0794949503717485e+17
      }
    ],
    [
      {
        "real": -402184465781389.0,
        "imag": -1569356113194548.5
      },
      {
        "real": 4765761968888220.0,
        "imag": 2.0957440302765056e+16
      }
    ],
    [
      {
        "real": -772458698451368.6,
        "imag": -4040748530636779.0
      },
      {
        "real": 5056907416456275.0,
        "imag": 9323728810308942.0
      }
    ]
  ]
}