{
  "attrs": {},
  "name": "CP_M1",
  "frequency_range": null,
  "allow_gain": false,
  "nonlinear_spec": null,
  "modulation_spec": null,
  "viz_spec": null,
  "heat_spec": null,
  "type": "PoleResidue",
  "eps_inf": 3.774336359821639,
  "poles": [
    [
      {
        "real": -8276005548165.409,
        "imag": -85622679776929.1
      },
      {
        "real": 3.0883047047809596e+16,
        "imag": 2.571114817804484e+18
      }
    ]
  ]
}