{
  "attrs": {},
  "name": "CP_M1",
  "frequency_range": null,
  "allow_gain": false,
  "nonlinear_spec": null,
  "modulation_spec": null,
  "viz_spec": null,
  "heat_spec": null,
  "type": "PoleResidue",
  "eps_inf": 0.27916024878436146,
  "poles": [
    [
      {
        "real": -491782186212470.25,
        "imag": -804507503068661.4
      },
      {
        "real": 8045281558688796.0,
        "imag": 2.5148286596988778e+17
      }
    ]
  ]
}