{
  "attrs": {},
  "name": "CP_M3",
  "frequency_range": null,
  "allow_gain": false,
  "nonlinear_spec": null,
  "modulation_spec": null,
  "viz_spec": null,
  "heat_spec": null,
  "type": "PoleResidue",
  "eps_inf": 1.7790530070439117,
  "poles": [
    [
      {
        "real": -1456813534668140.2,
        "imag": -1646193440922705.2
      },
      {
        "real": 5733406142896036.0,
        "imag": 8642694236881515.0
      }
    ],
    [
      {
        "real": -394192517625685.1,
        "imag": -3161797770367588.5
      },
      {
        "real": -647513910520227.8,
        "imag": 243699120991829.72
      }
    ],
    [
      {
        "real": -1404233186200314.2,
        "imag": -3297659067606815.5
      },
      {
        "real": 1.3266027109412856e+16,
        "imag": -7444787952495454.0
      }
    ]
  ]
}