{
  "attrs": {},
  "name": "CP_M2",
  "frequency_range": null,
  "allow_gain": false,
  "nonlinear_spec": null,
  "modulation_spec": null,
  "viz_spec": null,
  "heat_spec": null,
  "type": "PoleResidue",
  "eps_inf": 2.3245752168403464,
  "poles": [
    [
      {
        "real": -1403124600643259.2,
        "imag": -2255722764433970.0
      },
      {
        "real": -5527072021622056.0,
        "imag": 5575351040000674.0
      }
    ],
    [
      {
        "real": -1883088668391962.5,
        "imag": -4002831577052063.5
      },
      {
        "real": 1.7831169466128718e+16,
        "imag": 7992109731574368.0
      }
    ]
  ]
}