{
  "attrs": {},
  "name": "SCP_M2",
  "frequency_range": null,
  "allow_gain": false,
  "nonlinear_spec": null,
  "modulation_spec": null,
  "viz_spec": null,
  "heat_spec": null,
  "type": "PoleResidue",
  "eps_inf": 0.28532023505388127,
  "poles": [
    [
      {
        "real": -1461602190663788.5,
        "imag": -1981538472491242.5
      },
      {
        "real": -7410813605276841.0,
        "imag": 1.0978176605637538e+16
      }
    ],
    [
      {
        "real": -2702970634826040.0,
        "imag": -2790121324954788.0
      },
      {
        "real": 3.8004680853838024e+16,
        "imag": -1.8269079096076016e+16
      }
    ]
  ]
}