{
  "attrs": {},
  "name": "RP_M2",
  "frequency_range": null,
  "allow_gain": false,
  "nonlinear_spec": null,
  "modulation_spec": null,
  "viz_spec": null,
  "heat_spec": null,
  "type": "PoleResidue",
  "eps_inf": 2.18304858041559,
  "poles": [
    [
      {
        "real": -1855489865886162.8,
        "imag": -4099278527698485.5
      },
      {
        "real": 1.7344690183232762e+16,
        "imag": 8168892188448758.0
      }
    ],
    [
      {
        "real": -1396183762659133.5,
        "imag": -2223442004732304.0
      },
      {
        "real": -4789170228363370.0,
        "imag": 5636739396849057.0
      }
    ]
  ]
}