{
  "attrs": {},
  "name": "SCP_M2",
  "frequency_range": null,
  "allow_gain": false,
  "nonlinear_spec": null,
  "modulation_spec": null,
  "viz_spec": null,
  "heat_spec": null,
  "type": "PoleResidue",
  "eps_inf": 0.3558200409601116,
  "poles": [
    [
      {
        "real": -185693371302153.5,
        "imag": -85622679776929.11
      },
      {
        "real": -4733144161228200.0,
        "imag": 1.9608625009862147e+18
      }
    ],
    [
      {
        "real": -406259306912263.06,
        "imag": -2233610532910870.2
      },
      {
        "real": 6960221169561462.0,
        "imag": 9069359472690816.0
      }
    ]
  ]
}