{
  "attrs": {},
  "name": "SCP_M3",
  "frequency_range": null,
  "allow_gain": false,
  "nonlinear_spec": null,
  "modulation_spec": null,
  "viz_spec": null,
  "heat_spec": null,
  "type": "PoleResidue",
  "eps_inf": 0.994806887702337,
  "poles": [
    [
      {
        "real": -126629683137529.44,
        "imag": -112878228124910.11
      },
      {
        "real": -4670823985508368.0,
        "imag": 1.4395550945339658e+18
      }
    ],
    [
      {
        "real": -972612256638358.6,
        "imag": -2128454979094222.0
      },
      {
        "real": 3089817508055700.0,
        "imag": 1.2998334226068462e+16
      }
    ],
    [
      {
        "real": -270870403770758.9,
        "imag": -2262222159366358.5
      },
      {
        "real": 2928222880899588.0,
        "imag": 3951333126563807.5
      }
    ]
  ]
}