{
  "attrs": {},
  "name": "SCP_M3",
  "frequency_range": null,
  "allow_gain": false,
  "nonlinear_spec": null,
  "modulation_spec": null,
  "viz_spec": null,
  "heat_spec": null,
  "type": "PoleResidue",
  "eps_inf": 0.9917247376814079,
  "poles": [
    [
      {
        "real": -124618605920071.11,
        "imag": -127261596039304.25
      },
      {
        "real": -4443986971454723.0,
        "imag": 1.2725922139646403e+18
      }
    ],
    [
      {
        "real": -271475715324513.34,
        "imag": -2262209086057871.5
      },
      {
        "real": 2943840486099203.0,
        "imag": 3977000689647023.0
      }
    ],
    [
      {
        "real": -982512887976044.9,
        "imag": -2130856955203035.5
      },
      {
        "real": 2858292426639234.0,
        "imag": 1.3085362526592516e+16
      }
    ]
  ]
}