{
  "attrs": {},
  "name": "SCP_M1",
  "frequency_range": null,
  "allow_gain": false,
  "nonlinear_spec": null,
  "modulation_spec": null,
  "viz_spec": null,
  "heat_spec": null,
  "type": "PoleResidue",
  "eps_inf": 0.7239864848153394,
  "poles": [
    [
      {
        "real": -2142307762581018.2,
        "imag": -4970854712395233.0
      },
      {
        "real": 2.080939435746898e+16,
        "imag": 2.4843283668300428e+16
      }
    ]
  ]
}