{
  "attrs": {},
  "name": "CP_M3",
  "frequency_range": null,
  "allow_gain": false,
  "nonlinear_spec": null,
  "modulation_spec": null,
  "viz_spec": null,
  "heat_spec": null,
  "type": "PoleResidue",
  "eps_inf": 0.6285553202250288,
  "poles": [
    [
      {
        "real": -360844509944204.6,
        "imag": -4627202432358345.0
      },
      {
        "real": 865203165710262.0,
        "imag": 5411863616839073.0
      }
    ],
    [
      {
        "real": -954767294048935.6,
        "imag": -5690433741408163.0
      },
      {
        "real": -278776640914200.6,
        "imag": 7466608738609126.0
      }
    ],
    [
      {
        "real": -918475076656752.9,
        "imag": -7679106007101678.0
      },
      {
        "real": 2083617341254864.5,
        "imag": 2.3189911950906576e+16
      }
    ]
  ]
}