{
  "attrs": {},
  "name": "SCP_M2",
  "frequency_range": null,
  "allow_gain": false,
  "nonlinear_spec": null,
  "modulation_spec": null,
  "viz_spec": null,
  "heat_spec": null,
  "type": "PoleResidue",
  "eps_inf": 7.74588624006799,
  "poles": [
    [
      {
        "real": -1919410973515338.2,
        "imag": -4039364061106915.5
      },
      {
        "real": 35601386147811.21,
        "imag": 27989332378463.76
      }
    ],
    [
      {
        "real": -26023463502099.867,
        "imag": -7863765561829807.0
      },
      {
        "real": 121627379290012.92,
        "imag": 1.2397931199789752e+16
      }
    ]
  ]
}