{
  "attrs": {},
  "name": "SCP_M1",
  "frequency_range": null,
  "allow_gain": false,
  "nonlinear_spec": null,
  "modulation_spec": null,
  "viz_spec": null,
  "heat_spec": null,
  "type": "PoleResidue",
  "eps_inf": 0.6265775782757932,
  "poles": [
    [
      {
        "real": -2142843966681615.5,
        "imag": -4943857803775552.0
      },
      {
        "real": 2.1295305340184148e+16,
        "imag": 2.460549657003663e+16
      }
    ]
  ],
  "model_family": "SCP",
  "order_N": 1
}