{
  "attrs": {},
  "name": "CP_M3",
  "frequency_range": null,
  "allow_gain": false,
  "nonlinear_spec": null,
  "modulation_spec": null,
  "viz_spec": null,
  "heat_spec": null,
  "type": "PoleResidue",
  "eps_inf": 2.2481290613103324,
  "poles": [
    [
      {
        "real": -1170369676310103.5,
        "imag": -4490006617725058.5
      },
      {
        "real": -8238017484093933.0,
        "imag": -5394683187979880.0
      }
    ],
    [
      {
        "real": -764160883056883.1,
        "imag": -5200081192783833.0
      },
      {
        "real": 1.5861344919834384e+16,
        "imag": 2.1672650494333196e+16
      }
    ],
    [
      {
        "real": -411709717557240.7,
        "imag": -6593152631158535.0
      },
      {
        "real": -4823980286209273.0,
        "imag": 1.4088043438752322e+16
      }
    ]
  ],
  "model_family": "CP",
  "order_N": 3
}