{
  "attrs": {},
  "name": "CP_M2",
  "frequency_range": null,
  "allow_gain": false,
  "nonlinear_spec": null,
  "modulation_spec": null,
  "viz_spec": null,
  "heat_spec": null,
  "type": "PoleResidue",
  "eps_inf": 3.0306118762701777,
  "poles": [
    [
      {
        "real": -308031126353742.25,
        "imag": -5056661334946955.0
      },
      {
        "real": 6123802362017290.0,
        "imag": 6125114207063045.0
      }
    ],
    [
      {
        "real": -549292905796998.56,
        "imag": -6466756319498474.0
      },
      {
        "real": -6055217445937430.0,
        "imag": 2.2473887947620264e+16
      }
    ]
  ],
  "model_family": "CP",
  "order_N": 2
}