{
  "attrs": {},
  "name": "CP_M1",
  "frequency_range": null,
  "allow_gain": false,
  "nonlinear_spec": null,
  "modulation_spec": null,
  "viz_spec": null,
  "heat_spec": null,
  "type": "PoleResidue",
  "eps_inf": 13.176762457275128,
  "poles": [
    [
      {
        "real": -743439226202217.9,
        "imag": -3959156598336524.0
      },
      {
        "real": 3389090696503310.5,
        "imag": 1.4371947477981244e+16
      }
    ]
  ]
}