{
  "attrs": {},
  "name": "RP_M1",
  "frequency_range": null,
  "allow_gain": false,
  "nonlinear_spec": null,
  "modulation_spec": null,
  "viz_spec": null,
  "heat_spec": null,
  "type": "PoleResidue",
  "eps_inf": 13.61485889124318,
  "poles": [
    [
      {
        "real": -1019771010513530.5,
        "imag": -4355041111835550.5
      },
      {
        "real": 142121651460723.03,
        "imag": 2.0810530946332508e+16
      }
    ]
  ]
}