{
  "attrs": {},
  "name": "SCP_M2",
  "frequency_range": null,
  "allow_gain": false,
  "nonlinear_spec": null,
  "modulation_spec": null,
  "viz_spec": null,
  "heat_spec": null,
  "type": "PoleResidue",
  "eps_inf": 1.3152953163920185,
  "poles": [
    [
      {
        "real": -6656911943.4834795,
        "imag": -435685829397235.25
      },
      {
        "real": -34298911.60621685,
        "imag": 35111412365552.902
      }
    ],
    [
      {
        "real": -7891817766.880869,
        "imag": -1.8008421806564156e+16
      },
      {
        "real": -1520005024.800083,
        "imag": 7109248045161231.0
      }
    ]
  ]
}