{
  "attrs": {},
  "name": "SCP_M3",
  "frequency_range": null,
  "allow_gain": false,
  "nonlinear_spec": null,
  "modulation_spec": null,
  "viz_spec": null,
  "heat_spec": null,
  "type": "PoleResidue",
  "eps_inf": 1.2634456024263754,
  "poles": [
    [
      {
        "real": -6283185307.807905,
        "imag": -316375811518158.1
      },
      {
        "real": -63128004.65487985,
        "imag": 49663101333225.52
      }
    ],
    [
      {
        "real": -6283185307.807905,
        "imag": -1.7929515032232184e+16
      },
      {
        "real": 117525972348.57646,
        "imag": 4549794089982686.0
      }
    ],
    [
      {
        "real": -6283185307.807905,
        "imag": -1.95696728104259e+16
      },
      {
        "real": -140552180195.54297,
        "imag": 3266192122497063.5
      }
    ]
  ]
}