{
  "attrs": {},
  "name": "CP_M1",
  "frequency_range": null,
  "allow_gain": false,
  "nonlinear_spec": null,
  "modulation_spec": null,
  "viz_spec": null,
  "heat_spec": null,
  "type": "PoleResidue",
  "eps_inf": 1.266316980407488,
  "poles": [
    [
      {
        "real": -6283185307.179586,
        "imag": -1.7631548206824376e+16
      },
      {
        "real": -3721390868.8782506,
        "imag": 7324456960728711.0
      }
    ]
  ]
}