{
  "attrs": {},
  "name": "CP_M3",
  "frequency_range": null,
  "allow_gain": false,
  "nonlinear_spec": null,
  "modulation_spec": null,
  "viz_spec": null,
  "heat_spec": null,
  "type": "PoleResidue",
  "eps_inf": 1.2557444657991046,
  "poles": [
    [
      {
        "real": -6283185307.179586,
        "imag": -360656668202217.06
      },
      {
        "real": 417822851.9152439,
        "imag": 42977786952104.03
      }
    ],
    [
      {
        "real": -6283185307.179586,
        "imag": -1.789907103873958e+16
      },
      {
        "real": 193841139692.64233,
        "imag": 5159477715663936.0
      }
    ],
    [
      {
        "real": -6283185307.179586,
        "imag": -2.0436923117750656e+16
      },
      {
        "real": -252457300198.00513,
        "imag": 2784178079695421.5
      }
    ]
  ]
}