{
  "attrs": {},
  "name": "SCP_M1",
  "frequency_range": null,
  "allow_gain": false,
  "nonlinear_spec": null,
  "modulation_spec": null,
  "viz_spec": null,
  "heat_spec": null,
  "type": "PoleResidue",
  "eps_inf": 0.2579981223613818,
  "poles": [
    [
      {
        "real": -9186180111.359606,
        "imag": -2.547991679009905e+16
      },
      {
        "real": -2117966269.2856984,
        "imag": 2.3420627853858956e+16
      }
    ]
  ]
}