{
  "attrs": {},
  "name": "CP_M2",
  "frequency_range": null,
  "allow_gain": false,
  "nonlinear_spec": null,
  "modulation_spec": null,
  "viz_spec": null,
  "heat_spec": null,
  "type": "PoleResidue",
  "eps_inf": 1.3756558599758668,
  "poles": [
    [
      {
        "real": -6283185307.179586,
        "imag": -443041265526657.75
      },
      {
        "real": 26671166.21690374,
        "imag": 35354480718513.016
      }
    ],
    [
      {
        "real": -6283185307.179586,
        "imag": -1.7397954258681352e+16
      },
      {
        "real": 1454705369.056355,
        "imag": 6345553693622307.0
      }
    ]
  ],
  "model_family": "CP",
  "order_N": 2
}