{
  "attrs": {},
  "name": "CP_M3",
  "frequency_range": null,
  "allow_gain": false,
  "nonlinear_spec": null,
  "modulation_spec": null,
  "viz_spec": null,
  "heat_spec": null,
  "type": "PoleResidue",
  "eps_inf": 1.4042610270576523,
  "poles": [
    [
      {
        "real": -6283185307.179586,
        "imag": -387569426866008.4
      },
      {
        "real": 10978981.091995921,
        "imag": 40450235808478.01
      }
    ],
    [
      {
        "real": -6283185307.179586,
        "imag": -7407355015649000.0
      },
      {
        "real": 204636611.78221178,
        "imag": -3542981707903.1523
      }
    ],
    [
      {
        "real": -6283185307.179586,
        "imag": -1.6968052900436294e+16
      },
      {
        "real": -405311364.6593251,
        "imag": 5952983840982711.0
      }
    ]
  ],
  "model_family": "CP",
  "order_N": 3
}