{
  "attrs": {},
  "name": "RP_M2",
  "frequency_range": null,
  "allow_gain": false,
  "nonlinear_spec": null,
  "modulation_spec": null,
  "viz_spec": null,
  "heat_spec": null,
  "type": "PoleResidue",
  "eps_inf": 1.2922209416837243,
  "poles": [
    [
      {
        "real": -628.3185307179587,
        "imag": 1.8251934442875756e+16
      },
      {
        "real": -1555233177.9179032,
        "imag": -7417208091783374.0
      }
    ],
    [
      {
        "real": -628.3185307179587,
        "imag": 136196742635102.33
      },
      {
        "real": 124447256.27529198,
        "imag": -120395867560376.62
      }
    ]
  ],
  "model_family": "RP",
  "order_N": 2
}