{
  "attrs": {},
  "name": "RP_M1",
  "frequency_range": null,
  "allow_gain": false,
  "nonlinear_spec": null,
  "modulation_spec": null,
  "viz_spec": null,
  "heat_spec": null,
  "type": "PoleResidue",
  "eps_inf": 1.396341772523842,
  "poles": [
    [
      {
        "real": -0.16393202019584494,
        "imag": -1.6373452921011818e+16
      },
      {
        "real": -7742232611.3300295,
        "imag": 5740223258999004.0
      }
    ]
  ]
}