{
  "attrs": {},
  "name": "SCP_M2",
  "frequency_range": null,
  "allow_gain": false,
  "nonlinear_spec": null,
  "modulation_spec": null,
  "viz_spec": null,
  "heat_spec": null,
  "type": "PoleResidue",
  "eps_inf": 2.1006732457841384,
  "poles": [
    [
      {
        "real": -4368834794557.382,
        "imag": -85622679776977.17
      },
      {
        "real": 9027369061927930.0,
        "imag": 9.993497185639584e+17
      }
    ],
    [
      {
        "real": -1491085251269505.2,
        "imag": -3524611692340715.5
      },
      {
        "real": 1.0708841544822432e+16,
        "imag": -3628249746400931.0
      }
    ]
  ]
}