{
  "attrs": {},
  "name": "SCP_M3",
  "frequency_range": null,
  "allow_gain": false,
  "nonlinear_spec": null,
  "modulation_spec": null,
  "viz_spec": null,
  "heat_spec": null,
  "type": "PoleResidue",
  "eps_inf": 0.9017272922820452,
  "poles": [
    [
      {
        "real": -566158195973.5756,
        "imag": -87688429194129.84
      },
      {
        "real": 2.37165076551798e+16,
        "imag": 8.543216184998692e+17
      }
    ],
    [
      {
        "real": -1925615178903485.8,
        "imag": -493562715796993.06
      },
      {
        "real": -3092854173039450.5,
        "imag": -1.0580352428333533e+17
      }
    ],
    [
      {
        "real": -1188097215460476.0,
        "imag": -3462808462403316.0
      },
      {
        "real": 4847800330210370.0,
        "imag": -3923604456389476.0
      }
    ]
  ],
  "model_family": "SCP",
  "order_N": 3
}