{
  "attrs": {},
  "name": "SCP_M2",
  "frequency_range": null,
  "allow_gain": false,
  "nonlinear_spec": null,
  "modulation_spec": null,
  "viz_spec": null,
  "heat_spec": null,
  "type": "PoleResidue",
  "eps_inf": 2.0947876708724094,
  "poles": [
    [
      {
        "real": -3791318844298.253,
        "imag": -85622679859820.53
      },
      {
        "real": 9075378424721376.0,
        "imag": 9.987003616396657e+17
      }
    ],
    [
      {
        "real": -1492850763913663.0,
        "imag": -3519892616627448.5
      },
      {
        "real": 1.0721277417069844e+16,
        "imag": -3705185350801544.0
      }
    ]
  ],
  "model_family": "SCP",
  "order_N": 2
}