{
  "attrs": {},
  "name": "CP_M2",
  "frequency_range": null,
  "allow_gain": false,
  "nonlinear_spec": null,
  "modulation_spec": null,
  "viz_spec": null,
  "heat_spec": null,
  "type": "PoleResidue",
  "eps_inf": 1.4487704523513298,
  "poles": [
    [
      {
        "real": -20854259203572.57,
        "imag": -98826137055024.67
      },
      {
        "real": 2.2629376851409148e+16,
        "imag": 5.234611219418174e+17
      }
    ],
    [
      {
        "real": -478000490116616.6,
        "imag": -2289314981464653.0
      },
      {
        "real": -849064515201633.8,
        "imag": 2039619737818741.5
      }
    ]
  ]
}