{
  "attrs": {},
  "name": "CP_M2",
  "frequency_range": null,
  "allow_gain": false,
  "nonlinear_spec": null,
  "modulation_spec": null,
  "viz_spec": null,
  "heat_spec": null,
  "type": "PoleResidue",
  "eps_inf": 1.5914161950715209,
  "poles": [
    [
      {
        "real": -134640305310900.02,
        "imag": -395634610816942.44
      },
      {
        "real": 1.8558297664426844e+16,
        "imag": 1.4546898116166797e+17
      }
    ],
    [
      {
        "real": -668919247314630.5,
        "imag": -2116129313441061.5
      },
      {
        "real": 1002481991224386.2,
        "imag": 2870291515807242.5
      }
    ]
  ],
  "model_family": "CP",
  "order_N": 2
}