{
  "attrs": {},
  "name": "CP_M1",
  "frequency_range": null,
  "allow_gain": false,
  "nonlinear_spec": null,
  "modulation_spec": null,
  "viz_spec": null,
  "heat_spec": null,
  "type": "PoleResidue",
  "eps_inf": 0.7498700134062902,
  "poles": [
    [
      {
        "real": -186558965831687.7,
        "imag": -85622679776929.1
      },
      {
        "real": 2.1404957556033736e+16,
        "imag": 6.61951993894784e+17
      }
    ]
  ]
}