{
  "attrs": {},
  "name": "CP_M3",
  "frequency_range": null,
  "allow_gain": false,
  "nonlinear_spec": null,
  "modulation_spec": null,
  "viz_spec": null,
  "heat_spec": null,
  "type": "PoleResidue",
  "eps_inf": 0.9741576672265273,
  "poles": [
    [
      {
        "real": -19149660388223.35,
        "imag": -286334616180277.9
      },
      {
        "real": 2.424125991245836e+16,
        "imag": 1.6635214233805462e+17
      }
    ],
    [
      {
        "real": -313294367436901.9,
        "imag": -2904371284190863.5
      },
      {
        "real": -1.0727790514555598e+16,
        "imag": -3456000980364033.5
      }
    ],
    [
      {
        "real": -285917678171770.5,
        "imag": -2928629771395759.0
      },
      {
        "real": 8965696623367855.0,
        "imag": 3813326371822514.5
      }
    ]
  ]
}