{
  "attrs": {},
  "name": "SCP_M1",
  "frequency_range": null,
  "allow_gain": false,
  "nonlinear_spec": null,
  "modulation_spec": null,
  "viz_spec": null,
  "heat_spec": null,
  "type": "PoleResidue",
  "eps_inf": 0.7619822964715965,
  "poles": [
    [
      {
        "real": -208094808884603.2,
        "imag": -85622679777000.14
      },
      {
        "real": 2.1096161860822676e+16,
        "imag": 6.696785082142839e+17
      }
    ]
  ]
}