{
  "attrs": {},
  "name": "SCP_M2",
  "frequency_range": null,
  "allow_gain": false,
  "nonlinear_spec": null,
  "modulation_spec": null,
  "viz_spec": null,
  "heat_spec": null,
  "type": "PoleResidue",
  "eps_inf": 1.809717959619223,
  "poles": [
    [
      {
        "real": -2828018279076.833,
        "imag": -85623683782719.77
      },
      {
        "real": 1.9625388259576052e+16,
        "imag": 6.275127961485167e+17
      }
    ],
    [
      {
        "real": -674791293461959.5,
        "imag": -1880434573421567.8
      },
      {
        "real": 1039755611044276.0,
        "imag": 5173129960506469.0
      }
    ]
  ]
}