{
  "attrs": {},
  "name": "CP_M1",
  "frequency_range": null,
  "allow_gain": false,
  "nonlinear_spec": null,
  "modulation_spec": null,
  "viz_spec": null,
  "heat_spec": null,
  "type": "PoleResidue",
  "eps_inf": 0.7348791749227023,
  "poles": [
    [
      {
        "real": -244443380919515.66,
        "imag": -208668934019014.28
      },
      {
        "real": 2.0462964335772976e+16,
        "imag": 2.7769477685395277e+17
      }
    ]
  ]
}