{
  "attrs": {},
  "name": "SCP_M3",
  "frequency_range": null,
  "allow_gain": false,
  "nonlinear_spec": null,
  "modulation_spec": null,
  "viz_spec": null,
  "heat_spec": null,
  "type": "PoleResidue",
  "eps_inf": 1.7349301084501845,
  "poles": [
    [
      {
        "real": -6939833722.082522,
        "imag": -270836507860195.66
      },
      {
        "real": -4.006508917852992e+17,
        "imag": 5.77078641262381e+17
      }
    ],
    [
      {
        "real": -639468990668436.6,
        "imag": -238849421726307.72
      },
      {
        "real": 4.1836852542311226e+17,
        "imag": 8.124716585061811e+17
      }
    ],
    [
      {
        "real": -590984864296409.9,
        "imag": -6567212353788412.0
      },
      {
        "real": -85045475702752.16,
        "imag": 2060559698137316.8
      }
    ]
  ]
}