{
  "attrs": {},
  "name": "SCP_M3",
  "frequency_range": null,
  "allow_gain": false,
  "nonlinear_spec": null,
  "modulation_spec": null,
  "viz_spec": null,
  "heat_spec": null,
  "type": "PoleResidue",
  "eps_inf": 1.6773953966296737,
  "poles": [
    [
      {
        "real": -6283185307.807905,
        "imag": -7706953636740298.0
      },
      {
        "real": 1465304756.350655,
        "imag": 156566097762571.1
      }
    ],
    [
      {
        "real": -6283185307.807905,
        "imag": -1.2606707154936962e+16
      },
      {
        "real": 160526321806.23978,
        "imag": 8437004276971083.0
      }
    ],
    [
      {
        "real": -6283185307.807905,
        "imag": -1.2918471740273068e+16
      },
      {
        "real": -158598077372.25436,
        "imag": 5708209249866390.0
      }
    ]
  ]
}