{
  "attrs": {},
  "name": "CP_M2",
  "frequency_range": null,
  "allow_gain": false,
  "nonlinear_spec": null,
  "modulation_spec": null,
  "viz_spec": null,
  "heat_spec": null,
  "type": "PoleResidue",
  "eps_inf": 2.027284943635143,
  "poles": [
    [
      {
        "real": -6283185307.179586,
        "imag": -7399167915732975.0
      },
      {
        "real": -265240388.16054073,
        "imag": 8745796734392.684
      }
    ],
    [
      {
        "real": -6283185307.179586,
        "imag": -1.1639082295957e+16
      },
      {
        "real": 9125983785.575148,
        "imag": 1.1125160726939946e+16
      }
    ]
  ]
}