{
  "attrs": {},
  "name": "CP_M3",
  "frequency_range": null,
  "allow_gain": false,
  "nonlinear_spec": null,
  "modulation_spec": null,
  "viz_spec": null,
  "heat_spec": null,
  "type": "PoleResidue",
  "eps_inf": 2.07114611019182,
  "poles": [
    [
      {
        "real": -6283185307.179586,
        "imag": -993655834884271.8
      },
      {
        "real": 58689499.64756936,
        "imag": 2521006955572.3745
      }
    ],
    [
      {
        "real": -6283185307.179586,
        "imag": -7380769768064537.0
      },
      {
        "real": 1381599381.3983886,
        "imag": 12443952565701.227
      }
    ],
    [
      {
        "real": -6283185307.179586,
        "imag": -1.1565559114348324e+16
      },
      {
        "real": 7717437471.4408455,
        "imag": 1.080705052457295e+16
      }
    ]
  ]
}