{
  "attrs": {},
  "name": "SCP_M2",
  "frequency_range": null,
  "allow_gain": false,
  "nonlinear_spec": null,
  "modulation_spec": null,
  "viz_spec": null,
  "heat_spec": null,
  "type": "PoleResidue",
  "eps_inf": 1.8535450306899204,
  "poles": [
    [
      {
        "real": -10028499795.110126,
        "imag": -7048051378162281.0
      },
      {
        "real": 924869555.9945765,
        "imag": 30222536336588.625
      }
    ],
    [
      {
        "real": -6497826971.883487,
        "imag": -1.2121559320605862e+16
      },
      {
        "real": 9811682059.125479,
        "imag": 1.259705370477379e+16
      }
    ]
  ]
}