{
  "attrs": {},
  "name": "SCP_M1",
  "frequency_range": null,
  "allow_gain": false,
  "nonlinear_spec": null,
  "modulation_spec": null,
  "viz_spec": null,
  "heat_spec": null,
  "type": "PoleResidue",
  "eps_inf": 2.03698558239256,
  "poles": [
    [
      {
        "real": -11229712025.940542,
        "imag": -1.1596442649964018e+16
      },
      {
        "real": 18020340478.177013,
        "imag": 1.104146930715364e+16
      }
    ]
  ]
}