{
  "attrs": {},
  "name": "SCP_M1",
  "frequency_range": null,
  "allow_gain": false,
  "nonlinear_spec": null,
  "modulation_spec": null,
  "viz_spec": null,
  "heat_spec": null,
  "type": "PoleResidue",
  "eps_inf": 2.0375090497903505,
  "poles": [
    [
      {
        "real": -11254757860.289001,
        "imag": -1.1595264408386772e+16
      },
      {
        "real": 18064040782.378498,
        "imag": 1.103734706124952e+16
      }
    ]
  ]
}