{
  "attrs": {},
  "name": "RP_M1",
  "frequency_range": null,
  "allow_gain": false,
  "nonlinear_spec": null,
  "modulation_spec": null,
  "viz_spec": null,
  "heat_spec": null,
  "type": "PoleResidue",
  "eps_inf": 2.0482564453817353,
  "poles": [
    [
      {
        "real": -628.3185307179587,
        "imag": 1.1570469490063694e+16
      },
      {
        "real": -3823363953.6955347,
        "imag": -1.0952232857574348e+16
      }
    ]
  ],
  "model_family": "RP",
  "order_N": 1
}