{
  "attrs": {},
  "name": "RP_M3",
  "frequency_range": null,
  "allow_gain": false,
  "nonlinear_spec": null,
  "modulation_spec": null,
  "viz_spec": null,
  "heat_spec": null,
  "type": "PoleResidue",
  "eps_inf": 1.5983073198745508,
  "poles": [
    [
      {
        "real": -628.3185307179587,
        "imag": 1.305488971120189e+16
      },
      {
        "real": -8993726197.104862,
        "imag": -1.483124511498936e+16
      }
    ],
    [
      {
        "real": -628.3185307179587,
        "imag": 8008233663153991.0
      },
      {
        "real": 1499462092.3694987,
        "imag": -279269462689297.12
      }
    ],
    [
      {
        "real": -662.4966421008158,
        "imag": 2488598071680163.0
      },
      {
        "real": -17067.92092603903,
        "imag": 56451356.89962232
      }
    ]
  ],
  "model_family": "RP",
  "order_N": 3
}