{
  "attrs": {},
  "name": "RP_M2",
  "frequency_range": null,
  "allow_gain": false,
  "nonlinear_spec": null,
  "modulation_spec": null,
  "viz_spec": null,
  "heat_spec": null,
  "type": "PoleResidue",
  "eps_inf": 1.5980984485044687,
  "poles": [
    [
      {
        "real": -628.3185307179587,
        "imag": 1.3055681991092964e+16
      },
      {
        "real": -1621080987.9134374,
        "imag": -1.4833105916727638e+16
      }
    ],
    [
      {
        "real": -628.3185307179587,
        "imag": 8008700527458089.0
      },
      {
        "real": -1194855389.0682912,
        "imag": -279531027677716.44
      }
    ]
  ],
  "model_family": "RP",
  "order_N": 2
}