{
  "attrs": {},
  "name": "RP_M3",
  "frequency_range": null,
  "allow_gain": false,
  "nonlinear_spec": null,
  "modulation_spec": null,
  "viz_spec": null,
  "heat_spec": null,
  "type": "PoleResidue",
  "eps_inf": 1.6132383225841036,
  "poles": [
    [
      {
        "real": -1074.4367309775366,
        "imag": 1.460011012488771e+16
      },
      {
        "real": -1865677774.091653,
        "imag": 6889485922150780.0
      }
    ],
    [
      {
        "real": -391.28866169109085,
        "imag": -1.3445064834612912e+16
      },
      {
        "real": -2103482803.01655,
        "imag": 2.147360543687508e+16
      }
    ],
    [
      {
        "real": -119.25546382317158,
        "imag": -8056495546565126.0
      },
      {
        "real": -526541201.15008694,
        "imag": 307883245922637.2
      }
    ]
  ]
}