{
  "attrs": {},
  "name": "RP_M1",
  "frequency_range": null,
  "allow_gain": false,
  "nonlinear_spec": null,
  "modulation_spec": null,
  "viz_spec": null,
  "heat_spec": null,
  "type": "PoleResidue",
  "eps_inf": 3.0377342917802,
  "poles": [
    [
      {
        "real": -0.0875036645540188,
        "imag": -9100320764340612.0
      },
      {
        "real": -2332486500.829412,
        "imag": 4201214008098765.5
      }
    ]
  ]
}