{
  "attrs": {},
  "name": "SCP_M3",
  "frequency_range": null,
  "allow_gain": false,
  "nonlinear_spec": null,
  "modulation_spec": null,
  "viz_spec": null,
  "heat_spec": null,
  "type": "PoleResidue",
  "eps_inf": 0.7967138890850032,
  "poles": [
    [
      {
        "real": -14824107214665.848,
        "imag": -94318875853087.03
      },
      {
        "real": 1.348211054671842e+16,
        "imag": 1.6733168136594353e+18
      }
    ],
    [
      {
        "real": -238505958372699.78,
        "imag": -1160629078259193.0
      },
      {
        "real": 474312874548489.9,
        "imag": 170941560718236.03
      }
    ],
    [
      {
        "real": -5044773498722916.0,
        "imag": -6092667171231004.0
      },
      {
        "real": -1135141169429370.2,
        "imag": 2.2785207563272852e+16
      }
    ]
  ]
}