{
  "attrs": {},
  "name": "CP_M1",
  "frequency_range": null,
  "allow_gain": false,
  "nonlinear_spec": null,
  "modulation_spec": null,
  "viz_spec": null,
  "heat_spec": null,
  "type": "PoleResidue",
  "eps_inf": 1.7182077563437694,
  "poles": [
    [
      {
        "real": -20587607025510.83,
        "imag": -538884669198148.75
      },
      {
        "real": 1.8897083242684548e+16,
        "imag": 2.6059825454092266e+17
      }
    ]
  ],
  "model_family": "CP",
  "order_N": 1
}