{
  "attrs": {},
  "name": "CP_M3",
  "frequency_range": null,
  "allow_gain": false,
  "nonlinear_spec": null,
  "modulation_spec": null,
  "viz_spec": null,
  "heat_spec": null,
  "type": "PoleResidue",
  "eps_inf": 0.6275175337861233,
  "poles": [
    [
      {
        "real": -664916654625662.9,
        "imag": -85622679776929.1
      },
      {
        "real": 1.4138957573963118e+18,
        "imag": 5.636328744076418e+18
      }
    ],
    [
      {
        "real": -304678918725250.9,
        "imag": -387502884349425.3
      },
      {
        "real": -1.407549452549298e+18,
        "imag": 5.323476568457666e+17
      }
    ],
    [
      {
        "real": -7009847579419245.0,
        "imag": -5335878691456439.0
      },
      {
        "real": -2674276051465139.5,
        "imag": 5.898865743270058e+16
      }
    ]
  ]
}