{
  "attrs": {},
  "name": "CP_M1",
  "frequency_range": null,
  "allow_gain": false,
  "nonlinear_spec": null,
  "modulation_spec": null,
  "viz_spec": null,
  "heat_spec": null,
  "type": "PoleResidue",
  "eps_inf": 1.753177768525218,
  "poles": [
    [
      {
        "real": -19005139790025.46,
        "imag": -529846376611728.75
      },
      {
        "real": 1.8959623779493292e+16,
        "imag": 2.6573607840850035e+17
      }
    ]
  ]
}