{
  "attrs": {},
  "name": "CP_M2",
  "frequency_range": null,
  "allow_gain": false,
  "nonlinear_spec": null,
  "modulation_spec": null,
  "viz_spec": null,
  "heat_spec": null,
  "type": "PoleResidue",
  "eps_inf": 0.6395535142097704,
  "poles": [
    [
      {
        "real": -534191562919342.2,
        "imag": -122065069923079.88
      },
      {
        "real": 1.2793500527930924e+18,
        "imag": 1.9183291503149852e+16
      }
    ],
    [
      {
        "real": -308200087960546.8,
        "imag": -264348481295509.7
      },
      {
        "real": -1.2551883703549094e+18,
        "imag": 1.584454856602086e+18
      }
    ]
  ]
}