{
  "attrs": {},
  "name": "SCP_M3",
  "frequency_range": null,
  "allow_gain": false,
  "nonlinear_spec": null,
  "modulation_spec": null,
  "viz_spec": null,
  "heat_spec": null,
  "type": "PoleResidue",
  "eps_inf": 0.7280730959082143,
  "poles": [
    [
      {
        "real": -1647229014452.665,
        "imag": -116870758936133.08
      },
      {
        "real": 2.6326288100643196e+16,
        "imag": 1.2744841850688596e+18
      }
    ],
    [
      {
        "real": -1182758343713296.8,
        "imag": -85622680142810.92
      },
      {
        "real": -1.1998608734281654e+16,
        "imag": -7.806385180692048e+16
      }
    ],
    [
      {
        "real": -4910774000022208.0,
        "imag": -6079270300283473.0
      },
      {
        "real": -614567865601328.8,
        "imag": 2.1280662741074604e+16
      }
    ]
  ],
  "model_family": "SCP",
  "order_N": 3
}