{
  "attrs": {},
  "name": "CP_M3",
  "frequency_range": null,
  "allow_gain": false,
  "nonlinear_spec": null,
  "modulation_spec": null,
  "viz_spec": null,
  "heat_spec": null,
  "type": "PoleResidue",
  "eps_inf": 0.5669589267249707,
  "poles": [
    [
      {
        "real": -95040493647478.27,
        "imag": -5100333482798214.0
      },
      {
        "real": 30451245463351.7,
        "imag": 90155008476600.0
      }
    ],
    [
      {
        "real": -669067434380432.0,
        "imag": -5401071827187124.0
      },
      {
        "real": 404885768655217.0,
        "imag": 59967985174363.66
      }
    ],
    [
      {
        "real": -2302950628784174.0,
        "imag": -9818538672242332.0
      },
      {
        "real": 4678895270063133.0,
        "imag": 2.057599797761499e+16
      }
    ]
  ]
}