{
  "attrs": {},
  "name": "RP_M3",
  "frequency_range": null,
  "allow_gain": false,
  "nonlinear_spec": null,
  "modulation_spec": null,
  "viz_spec": null,
  "heat_spec": null,
  "type": "PoleResidue",
  "eps_inf": 0.27118238948114953,
  "poles": [
    [
      {
        "real": -2605731135846074.5,
        "imag": -1.0121069917411204e+16
      },
      {
        "real": 6098839855966775.0,
        "imag": 2.2719188674565004e+16
      }
    ],
    [
      {
        "real": -730019055258766.5,
        "imag": -5319841788196509.0
      },
      {
        "real": 465312526174064.8,
        "imag": 20425971926531.836
      }
    ],
    [
      {
        "real": -86665727632541.9,
        "imag": -5094910571713755.0
      },
      {
        "real": 28555681444302.695,
        "imag": 79677459055342.03
      }
    ]
  ]
}