{
  "attrs": {},
  "name": "RP_M3",
  "frequency_range": null,
  "allow_gain": false,
  "nonlinear_spec": null,
  "modulation_spec": null,
  "viz_spec": null,
  "heat_spec": null,
  "type": "PoleResidue",
  "eps_inf": 0.5796532006512655,
  "poles": [
    [
      {
        "real": -1503196445301977.0,
        "imag": 5743483779336290.0
      },
      {
        "real": 3788394287404883.5,
        "imag": 198633398524873.75
      }
    ],
    [
      {
        "real": -88600913794258.34,
        "imag": 5076834632083129.0
      },
      {
        "real": 32971437997404.336,
        "imag": -90717219437590.58
      }
    ],
    [
      {
        "real": -1.0100654042449286e+16,
        "imag": 9.487002314583478
      },
      {
        "real": 2.602272923312646e+16,
        "imag": 5.097355248131845e+30
      }
    ]
  ],
  "model_family": "RP",
  "order_N": 3
}