{
  "attrs": {},
  "name": "RP_M2",
  "frequency_range": null,
  "allow_gain": false,
  "nonlinear_spec": null,
  "modulation_spec": null,
  "viz_spec": null,
  "heat_spec": null,
  "type": "PoleResidue",
  "eps_inf": 3.4937115584360914,
  "poles": [
    [
      {
        "real": -929626785802103.8,
        "imag": 5299393850950462.0
      },
      {
        "real": 2138346282394790.8,
        "imag": -361126597922696.3
      }
    ],
    [
      {
        "real": -5243787460401441.0,
        "imag": 0.40982454851601424
      },
      {
        "real": 4046461805569848.0,
        "imag": -3.6746231430397935e+30
      }
    ]
  ],
  "model_family": "RP",
  "order_N": 2
}