{
  "attrs": {},
  "name": "CP_M2",
  "frequency_range": null,
  "allow_gain": false,
  "nonlinear_spec": null,
  "modulation_spec": null,
  "viz_spec": null,
  "heat_spec": null,
  "type": "PoleResidue",
  "eps_inf": 3.873949450031256,
  "poles": [
    [
      {
        "real": -457788537669743.8,
        "imag": -4359390674403509.5
      },
      {
        "real": -1671331884724407.5,
        "imag": 9413001297710162.0
      }
    ],
    [
      {
        "real": -1255785121291192.8,
        "imag": -5239993699993748.0
      },
      {
        "real": 1.2950174512457688e+16,
        "imag": 1.3343895708666618e+16
      }
    ]
  ]
}