{
  "attrs": {},
  "name": "CP_M3",
  "frequency_range": null,
  "allow_gain": false,
  "nonlinear_spec": null,
  "modulation_spec": null,
  "viz_spec": null,
  "heat_spec": null,
  "type": "PoleResidue",
  "eps_inf": 3.4163816390990784,
  "poles": [
    [
      {
        "real": -208665390742497.06,
        "imag": -4081089513276912.0
      },
      {
        "real": -1889440360248256.2,
        "imag": 3714511803683456.5
      }
    ],
    [
      {
        "real": -277716380275208.7,
        "imag": -4348182353129529.0
      },
      {
        "real": 3937421405316762.0,
        "imag": 3642703501458641.5
      }
    ],
    [
      {
        "real": -1805342670018792.0,
        "imag": -5647691331879973.0
      },
      {
        "real": 8157066910077893.0,
        "imag": 1.9827389313043228e+16
      }
    ]
  ]
}