{
  "attrs": {},
  "name": "SCP_M2",
  "frequency_range": null,
  "allow_gain": false,
  "nonlinear_spec": null,
  "modulation_spec": null,
  "viz_spec": null,
  "heat_spec": null,
  "type": "PoleResidue",
  "eps_inf": 0.37251246191015597,
  "poles": [
    [
      {
        "real": -1492313196620873.5,
        "imag": -3966603817075574.5
      },
      {
        "real": 2.1777415282072936e+16,
        "imag": 2.5031133185687044e+16
      }
    ],
    [
      {
        "real": -1494132695586506.8,
        "imag": -9619759045483872.0
      },
      {
        "real": 1400248003910315.5,
        "imag": -2215566213279910.5
      }
    ]
  ]
}