{
  "attrs": {},
  "name": "CP_M1",
  "frequency_range": null,
  "allow_gain": false,
  "nonlinear_spec": null,
  "modulation_spec": null,
  "viz_spec": null,
  "heat_spec": null,
  "type": "PoleResidue",
  "eps_inf": 0.47941396756879406,
  "poles": [
    [
      {
        "real": -1644854263477361.0,
        "imag": -2.420590419519821e+16
      },
      {
        "real": 2766854392573599.5,
        "imag": 2.0162937343593212e+16
      }
    ]
  ]
}