{
  "attrs": {},
  "name": "SCP_M2",
  "frequency_range": null,
  "allow_gain": false,
  "nonlinear_spec": null,
  "modulation_spec": null,
  "viz_spec": null,
  "heat_spec": null,
  "type": "PoleResidue",
  "eps_inf": 0.5197960857234694,
  "poles": [
    [
      {
        "real": -2732989179715808.0,
        "imag": -1.4026242397267294e+16
      },
      {
        "real": 1654795467303250.0,
        "imag": 72507069806059.66
      }
    ],
    [
      {
        "real": -6019017074142356.0,
        "imag": -2.580713296969432e+16
      },
      {
        "real": 4333008266710871.5,
        "imag": 2.04942603074477e+16
      }
    ]
  ]
}