{
  "attrs": {},
  "name": "SCP_M1",
  "frequency_range": null,
  "allow_gain": false,
  "nonlinear_spec": null,
  "modulation_spec": null,
  "viz_spec": null,
  "heat_spec": null,
  "type": "PoleResidue",
  "eps_inf": 0.4802552593756506,
  "poles": [
    [
      {
        "real": -1644854263477361.0,
        "imag": -2.420590419519821e+16
      },
      {
        "real": 2765490483767224.0,
        "imag": 2.015299817357306e+16
      }
    ]
  ]
}