{
  "attrs": {},
  "name": "CP_M1",
  "frequency_range": null,
  "allow_gain": false,
  "nonlinear_spec": null,
  "modulation_spec": null,
  "viz_spec": null,
  "heat_spec": null,
  "type": "PoleResidue",
  "eps_inf": 0.2829228163805775,
  "poles": [
    [
      {
        "real": -2014959523267860.8,
        "imag": -2.548952760651259e+16
      },
      {
        "real": 3785261215355765.0,
        "imag": 2.368449914238479e+16
      }
    ]
  ]
}