{
  "attrs": {},
  "name": "CP_M2",
  "frequency_range": null,
  "allow_gain": false,
  "nonlinear_spec": null,
  "modulation_spec": null,
  "viz_spec": null,
  "heat_spec": null,
  "type": "PoleResidue",
  "eps_inf": 1.1718998909061287,
  "poles": [
    [
      {
        "real": -229284297687650.3,
        "imag": -4231958356408256.5
      },
      {
        "real": -585871317514.0295,
        "imag": -493334270862.12604
      }
    ],
    [
      {
        "real": -2709454417976326.0,
        "imag": -1.8789281906187076e+16
      },
      {
        "real": 2696244311185750.5,
        "imag": 9033652698385564.0
      }
    ]
  ]
}