{
  "attrs": {},
  "name": "RP_M1",
  "frequency_range": null,
  "allow_gain": false,
  "nonlinear_spec": null,
  "modulation_spec": null,
  "viz_spec": null,
  "heat_spec": null,
  "type": "PoleResidue",
  "eps_inf": 1.8757667895678007,
  "poles": [
    [
      {
        "real": -207122232051875.03,
        "imag": -1.1286921817911916e+16
      },
      {
        "real": 59590995322960.85,
        "imag": 1585852775286476.8
      }
    ]
  ]
}