{
  "attrs": {},
  "name": "RP_M2",
  "frequency_range": null,
  "allow_gain": false,
  "nonlinear_spec": null,
  "modulation_spec": null,
  "viz_spec": null,
  "heat_spec": null,
  "type": "PoleResidue",
  "eps_inf": 1.1452599416715505,
  "poles": [
    [
      {
        "real": -2382815709222485.5,
        "imag": -1.9068154399911944e+16
      },
      {
        "real": 2434547067407572.0,
        "imag": 9466870542719702.0
      }
    ],
    [
      {
        "real": -229825876448853.03,
        "imag": 4403421276726350.5
      },
      {
        "real": -553435501889.2496,
        "imag": 506024306287.2691
      }
    ]
  ]
}