{
  "attrs": {},
  "name": "SCP_M3",
  "frequency_range": null,
  "allow_gain": false,
  "nonlinear_spec": null,
  "modulation_spec": null,
  "viz_spec": null,
  "heat_spec": null,
  "type": "PoleResidue",
  "eps_inf": 1.3306007688791077,
  "poles": [
    [
      {
        "real": -1018895788350894.1,
        "imag": -4810564060024465.0
      },
      {
        "real": 3197842463881697.5,
        "imag": 1989927198326851.8
      }
    ],
    [
      {
        "real": -403333555839285.3,
        "imag": -5585876862912584.0
      },
      {
        "real": 4119669715499108.5,
        "imag": 1569246510236416.2
      }
    ],
    [
      {
        "real": -1197832795283902.2,
        "imag": -7746713708328533.0
      },
      {
        "real": -5680810397954016.0,
        "imag": 2.462330845445003e+16
      }
    ]
  ]
}