{
  "attrs": {},
  "name": "SCP_M3",
  "frequency_range": null,
  "allow_gain": false,
  "nonlinear_spec": null,
  "modulation_spec": null,
  "viz_spec": null,
  "heat_spec": null,
  "type": "PoleResidue",
  "eps_inf": 1.7950469517596928,
  "poles": [
    [
      {
        "real": -1092921244889405.9,
        "imag": -4653216754030235.0
      },
      {
        "real": 3100965767950146.5,
        "imag": 956783422100483.1
      }
    ],
    [
      {
        "real": -402482280595638.94,
        "imag": -5612793924602402.0
      },
      {
        "real": 3687444454331075.5,
        "imag": 2171594502103684.8
      }
    ],
    [
      {
        "real": -1004652324086453.2,
        "imag": -7674407839111830.0
      },
      {
        "real": -6734821631118751.0,
        "imag": 2.3197656289610356e+16
      }
    ]
  ]
}