{
  "attrs": {},
  "name": "SCP_M2",
  "frequency_range": null,
  "allow_gain": false,
  "nonlinear_spec": null,
  "modulation_spec": null,
  "viz_spec": null,
  "heat_spec": null,
  "type": "PoleResidue",
  "eps_inf": 0.3079044298300365,
  "poles": [
    [
      {
        "real": -573797847540646.0,
        "imag": -5793459142466129.0
      },
      {
        "real": 3510692019365725.5,
        "imag": 7322093526097902.0
      }
    ],
    [
      {
        "real": -853613543934618.9,
        "imag": -7756894940843969.0
      },
      {
        "real": 684245102123803.2,
        "imag": 2.40800521205119e+16
      }
    ]
  ]
}