{
  "attrs": {},
  "name": "CP_M3",
  "frequency_range": null,
  "allow_gain": false,
  "nonlinear_spec": null,
  "modulation_spec": null,
  "viz_spec": null,
  "heat_spec": null,
  "type": "PoleResidue",
  "eps_inf": 0.4099991170378285,
  "poles": [
    [
      {
        "real": -738618604655256.5,
        "imag": -5012858633840884.0
      },
      {
        "real": 1177516150060945.8,
        "imag": 3672263564131631.0
      }
    ],
    [
      {
        "real": -410830028384680.5,
        "imag": -5589520919760639.0
      },
      {
        "real": 5303522560162890.0,
        "imag": 1782605075248776.8
      }
    ],
    [
      {
        "real": -1047129248652417.1,
        "imag": -8081128508157302.0
      },
      {
        "real": -4213034643670291.0,
        "imag": 2.6518637385872116e+16
      }
    ]
  ]
}