{
  "attrs": {},
  "name": "CP_M2",
  "frequency_range": null,
  "allow_gain": false,
  "nonlinear_spec": null,
  "modulation_spec": null,
  "viz_spec": null,
  "heat_spec": null,
  "type": "PoleResidue",
  "eps_inf": 1.2663880303642283,
  "poles": [
    [
      {
        "real": -479966679252422.8,
        "imag": -5675943027181784.0
      },
      {
        "real": 2689074683274790.5,
        "imag": 5317668695669103.0
      }
    ],
    [
      {
        "real": -767570136931264.6,
        "imag": -7249181305816287.0
      },
      {
        "real": 1160686693001194.5,
        "imag": 2.147681757167853e+16
      }
    ]
  ]
}