{
  "attrs": {},
  "name": "CP_M2",
  "frequency_range": null,
  "allow_gain": false,
  "nonlinear_spec": null,
  "modulation_spec": null,
  "viz_spec": null,
  "heat_spec": null,
  "type": "PoleResidue",
  "eps_inf": 8.023732894700546,
  "poles": [
    [
      {
        "real": -52376725887252.625,
        "imag": -1971545773574141.0
      },
      {
        "real": -137191727728683.03,
        "imag": 4607805313875150.0
      }
    ],
    [
      {
        "real": -1519872386413868.5,
        "imag": -3445655570973218.5
      },
      {
        "real": 1.3737126422627648e+16,
        "imag": 1.7839757239856926e+16
      }
    ]
  ]
}