{
  "attrs": {},
  "name": "SCP_M1",
  "frequency_range": null,
  "allow_gain": false,
  "nonlinear_spec": null,
  "modulation_spec": null,
  "viz_spec": null,
  "heat_spec": null,
  "type": "PoleResidue",
  "eps_inf": 1.8790656566130095,
  "poles": [
    [
      {
        "real": -1785261576591318.2,
        "imag": -4034074707315717.5
      },
      {
        "real": 1.092013185705182e+16,
        "imag": 2.3248796766732636e+16
      }
    ]
  ]
}