{
  "attrs": {},
  "name": "CP_M3",
  "frequency_range": null,
  "allow_gain": false,
  "nonlinear_spec": null,
  "modulation_spec": null,
  "viz_spec": null,
  "heat_spec": null,
  "type": "PoleResidue",
  "eps_inf": 9.510846755310357,
  "poles": [
    [
      {
        "real": -26650198611187.875,
        "imag": -2039581333939332.5
      },
      {
        "real": 730043805081598.1,
        "imag": 3160634875706505.0
      }
    ],
    [
      {
        "real": -154216934473628.28,
        "imag": -3446184538976570.0
      },
      {
        "real": 100734619755445.98,
        "imag": 1924841773338169.8
      }
    ],
    [
      {
        "real": -1389155623327897.8,
        "imag": -4040165806473430.5
      },
      {
        "real": 6240727811328919.0,
        "imag": 1.5471089080436152e+16
      }
    ]
  ]
}