{
  "attrs": {},
  "name": "CP_M1",
  "frequency_range": null,
  "allow_gain": false,
  "nonlinear_spec": null,
  "modulation_spec": null,
  "viz_spec": null,
  "heat_spec": null,
  "type": "PoleResidue",
  "eps_inf": 4.1592647084469085,
  "poles": [
    [
      {
        "real": -1389155623327897.8,
        "imag": -4040165806473430.5
      },
      {
        "real": 5617447349284992.0,
        "imag": 1.9303772803389904e+16
      }
    ]
  ]
}