{
  "attrs": {},
  "name": "CP_M2",
  "frequency_range": null,
  "allow_gain": false,
  "nonlinear_spec": null,
  "modulation_spec": null,
  "viz_spec": null,
  "heat_spec": null,
  "type": "PoleResidue",
  "eps_inf": 6.884665621468128,
  "poles": [
    [
      {
        "real": -1384261353197346.8,
        "imag": -85622679776929.1
      },
      {
        "real": -6.910145744763256e+16,
        "imag": -8.945106913406637e+17
      }
    ],
    [
      {
        "real": -198229213848132.62,
        "imag": -186425244707454.97
      },
      {
        "real": 7.825214299611824e+16,
        "imag": 1.731487275711077e+17
      }
    ]
  ]
}