{
  "attrs": {},
  "name": "SCP_M2",
  "frequency_range": null,
  "allow_gain": false,
  "nonlinear_spec": null,
  "modulation_spec": null,
  "viz_spec": null,
  "heat_spec": null,
  "type": "PoleResidue",
  "eps_inf": 5.459155233986155,
  "poles": [
    [
      {
        "real": -2201097585815642.5,
        "imag": -91569119458833.69
      },
      {
        "real": -1.962998992105961e+16,
        "imag": -8.209601126177614e+17
      }
    ],
    [
      {
        "real": -187283011413965.94,
        "imag": -85809124157979.17
      },
      {
        "real": 3.2944517483314796e+16,
        "imag": 4.790335428886087e+17
      }
    ]
  ]
}