{
  "attrs": {},
  "name": "CP_M3",
  "frequency_range": null,
  "allow_gain": false,
  "nonlinear_spec": null,
  "modulation_spec": null,
  "viz_spec": null,
  "heat_spec": null,
  "type": "PoleResidue",
  "eps_inf": 0.8646867124913818,
  "poles": [
    [
      {
        "real": -30022366262593.13,
        "imag": -266184839587590.44
      },
      {
        "real": 4613970397961102.0,
        "imag": 1.8206306758865763e+17
      }
    ],
    [
      {
        "real": -780768425884008.4,
        "imag": -1600779887724418.5
      },
      {
        "real": -4276813555689598.0,
        "imag": 7945264221035730.0
      }
    ],
    [
      {
        "real": -4097791926451390.0,
        "imag": -1.017752471281835e+16
      },
      {
        "real": 1174855428326685.8,
        "imag": 4.612508548482962e+16
      }
    ]
  ],
  "model_family": "CP",
  "order_N": 3
}