{
  "attrs": {},
  "name": "CP_M1",
  "frequency_range": null,
  "allow_gain": false,
  "nonlinear_spec": null,
  "modulation_spec": null,
  "viz_spec": null,
  "heat_spec": null,
  "type": "PoleResidue",
  "eps_inf": 8.910859037857819,
  "poles": [
    [
      {
        "real": -68281545196523.79,
        "imag": -85622679776929.1
      },
      {
        "real": 6213495509289125.0,
        "imag": 7.622724349496248e+17
      }
    ]
  ]
}