{
  "attrs": {},
  "name": "CP_M1",
  "frequency_range": null,
  "allow_gain": false,
  "nonlinear_spec": null,
  "modulation_spec": null,
  "viz_spec": null,
  "heat_spec": null,
  "type": "PoleResidue",
  "eps_inf": 8.924274727441178,
  "poles": [
    [
      {
        "real": -104133758572907.98,
        "imag": -85622679776929.1
      },
      {
        "real": 5756987026050523.0,
        "imag": 7.667194892310344e+17
      }
    ]
  ]
}