{
  "attrs": {},
  "name": "CP_M2",
  "frequency_range": null,
  "allow_gain": false,
  "nonlinear_spec": null,
  "modulation_spec": null,
  "viz_spec": null,
  "heat_spec": null,
  "type": "PoleResidue",
  "eps_inf": 6.873637632128398,
  "poles": [
    [
      {
        "real": -1388740047073570.2,
        "imag": -85622679776929.1
      },
      {
        "real": -6.84855359541596e+16,
        "imag": -8.939230122809216e+17
      }
    ],
    [
      {
        "real": -198644664454865.44,
        "imag": -189022465337661.28
      },
      {
        "real": 7.766122337431138e+16,
        "imag": 1.7191392452620515e+17
      }
    ]
  ]
}