{
  "attrs": {},
  "name": "SCP_M1",
  "frequency_range": null,
  "allow_gain": false,
  "nonlinear_spec": null,
  "modulation_spec": null,
  "viz_spec": null,
  "heat_spec": null,
  "type": "PoleResidue",
  "eps_inf": 8.923438255299642,
  "poles": [
    [
      {
        "real": -101563470053131.69,
        "imag": -85622679776978.47
      },
      {
        "real": 5789783813988079.0,
        "imag": 7.66403694201192e+17
      }
    ]
  ]
}