{
  "attrs": {},
  "name": "RP_M2",
  "frequency_range": null,
  "allow_gain": false,
  "nonlinear_spec": null,
  "modulation_spec": null,
  "viz_spec": null,
  "heat_spec": null,
  "type": "PoleResidue",
  "eps_inf": 8.395480476041158,
  "poles": [
    [
      {
        "real": -251284659750605.25,
        "imag": 7.45096425100985e-42
      },
      {
        "real": -3.2813857659550213e+18,
        "imag": 0.0
      }
    ],
    [
      {
        "real": -231599365855049.4,
        "imag": -1.4311890096658057e-57
      },
      {
        "real": 3.2847349717166295e+18,
        "imag": 0.0
      }
    ]
  ],
  "model_family": "RP",
  "order_N": 2
}