{
  "attrs": {},
  "name": "SCP_M3",
  "frequency_range": null,
  "allow_gain": false,
  "nonlinear_spec": null,
  "modulation_spec": null,
  "viz_spec": null,
  "heat_spec": null,
  "type": "PoleResidue",
  "eps_inf": 0.6320613460550667,
  "poles": [
    [
      {
        "real": -5359147047571.922,
        "imag": -85622679785491.38
      },
      {
        "real": -6.510923348178774e+16,
        "imag": 7.605792010194299e+17
      }
    ],
    [
      {
        "real": -476166256556349.44,
        "imag": -636818215641689.2
      },
      {
        "real": 6.2772069146384904e+16,
        "imag": 6.240831458114752e+16
      }
    ],
    [
      {
        "real": -4816826447170234.0,
        "imag": -1.0325055855330672e+16
      },
      {
        "real": 2425390283726324.5,
        "imag": 5.548140382590248e+16
      }
    ]
  ]
}