{
  "attrs": {},
  "name": "SCP_M3",
  "frequency_range": null,
  "allow_gain": false,
  "nonlinear_spec": null,
  "modulation_spec": null,
  "viz_spec": null,
  "heat_spec": null,
  "type": "PoleResidue",
  "eps_inf": 2.5433116919002767,
  "poles": [
    [
      {
        "real": -470778592258549.8,
        "imag": -5303972614718101.0
      },
      {
        "real": -329756720486514.3,
        "imag": -441853617529210.7
      }
    ],
    [
      {
        "real": -867665749857119.2,
        "imag": -6058066212340854.0
      },
      {
        "real": 6379368662331017.0,
        "imag": 3195260839477377.0
      }
    ],
    [
      {
        "real": -2900976674771093.0,
        "imag": -8113971902583925.0
      },
      {
        "real": -4748426732188882.0,
        "imag": 1.034718846324055e+16
      }
    ]
  ]
}