{
  "attrs": {},
  "name": "SCP_M2",
  "frequency_range": null,
  "allow_gain": false,
  "nonlinear_spec": null,
  "modulation_spec": null,
  "viz_spec": null,
  "heat_spec": null,
  "type": "PoleResidue",
  "eps_inf": 2.772417358399421,
  "poles": [
    [
      {
        "real": -803711432528991.6,
        "imag": -5876816924838262.0
      },
      {
        "real": 5078143843672363.0,
        "imag": -1826495756189100.0
      }
    ],
    [
      {
        "real": -1554667657262442.2,
        "imag": -6824732937405929.0
      },
      {
        "real": -2709349976037676.5,
        "imag": 1.2106454176580028e+16
      }
    ]
  ]
}