{
    "attrs": {},
    "name": "RP_selected_M3",
    "frequency_range": null,
    "allow_gain": false,
    "nonlinear_spec": null,
    "modulation_spec": null,
    "viz_spec": null,
    "heat_spec": null,
    "type": "PoleResidue",
    "eps_inf": 2.7683561124996334,
    "poles": [
        [
            {
                "real": -2402370704266557.0,
                "imag": -8181325040135518.0
            },
            {
                "real": -6118825102023782.0,
                "imag": 1.0480659966991116e+16
            }
        ],
        [
            {
                "real": -839090686059215.8,
                "imag": -5988209183312987.0
            },
            {
                "real": 6313876478832369.0,
                "imag": 2037498993915567.2
            }
        ],
        [
            {
                "real": -437784232240030.2,
                "imag": -5200841290840894.0
            },
            {
                "real": -364889633450212.0,
                "imag": -178638442608863.22
            }
        ]
    ]
}