{
  "attrs": {},
  "name": "SCP_M2",
  "frequency_range": null,
  "allow_gain": false,
  "nonlinear_spec": null,
  "modulation_spec": null,
  "viz_spec": null,
  "heat_spec": null,
  "type": "PoleResidue",
  "eps_inf": 1.183731585968651,
  "poles": [
    [
      {
        "real": -24226603015098.883,
        "imag": -365883910917006.0
      },
      {
        "real": 9185768643756208.0,
        "imag": 1.4686686467307005e+17
      }
    ],
    [
      {
        "real": -2503917652213806.0,
        "imag": -2148058495690862.5
      },
      {
        "real": 1.046870389952937e+16,
        "imag": -2.3190133680865348e+16
      }
    ]
  ]
}