{
  "attrs": {},
  "name": "CP_M3",
  "frequency_range": null,
  "allow_gain": false,
  "nonlinear_spec": null,
  "modulation_spec": null,
  "viz_spec": null,
  "heat_spec": null,
  "type": "PoleResidue",
  "eps_inf": 3.50363029912301,
  "poles": [
    [
      {
        "real": -94894848677255.52,
        "imag": -85622679776929.1
      },
      {
        "real": 3.359425181599723e+16,
        "imag": 5.628753783938584e+17
      }
    ],
    [
      {
        "real": -1195104920719845.0,
        "imag": -827154527041348.2
      },
      {
        "real": -2.409588078970286e+16,
        "imag": -4.5947108041466504e+16
      }
    ],
    [
      {
        "real": -279298979303883.44,
        "imag": -5486601939210827.0
      },
      {
        "real": -163203550856847.03,
        "imag": 1348145588246296.8
      }
    ]
  ]
}