{
  "attrs": {},
  "name": "CP_M1",
  "frequency_range": null,
  "allow_gain": false,
  "nonlinear_spec": null,
  "modulation_spec": null,
  "viz_spec": null,
  "heat_spec": null,
  "type": "PoleResidue",
  "eps_inf": 5.773883913049142,
  "poles": [
    [
      {
        "real": -35308590824154.31,
        "imag": -110420146760677.83
      },
      {
        "real": 6254840407404127.0,
        "imag": 5.3393616324260134e+17
      }
    ]
  ]
}