{
  "attrs": {},
  "name": "SCP_M1",
  "frequency_range": null,
  "allow_gain": false,
  "nonlinear_spec": null,
  "modulation_spec": null,
  "viz_spec": null,
  "heat_spec": null,
  "type": "PoleResidue",
  "eps_inf": 4.301217188393835,
  "poles": [
    [
      {
        "real": -56603555253571.664,
        "imag": -853846373251469.5
      },
      {
        "real": 5539765577540241.0,
        "imag": 5.316769690545814e+16
      }
    ]
  ]
}