{
  "attrs": {},
  "name": "CP_M3",
  "frequency_range": null,
  "allow_gain": false,
  "nonlinear_spec": null,
  "modulation_spec": null,
  "viz_spec": null,
  "heat_spec": null,
  "type": "PoleResidue",
  "eps_inf": 3.723693402877267,
  "poles": [
    [
      {
        "real": -35308590824154.31,
        "imag": -110420146760677.83
      },
      {
        "real": 5.92312315740136e+16,
        "imag": 3.091737383914646e+17
      }
    ],
    [
      {
        "real": -1065354341962140.4,
        "imag": -591288683425103.1
      },
      {
        "real": -5.0129073475837544e+16,
        "imag": -7.881574647774384e+16
      }
    ],
    [
      {
        "real": -282967232653817.75,
        "imag": -5490290121757520.0
      },
      {
        "real": -183804301404448.56,
        "imag": 1386248193873731.8
      }
    ]
  ]
}