{
  "attrs": {},
  "name": "CP_M1",
  "frequency_range": null,
  "allow_gain": false,
  "nonlinear_spec": null,
  "modulation_spec": null,
  "viz_spec": null,
  "heat_spec": null,
  "type": "PoleResidue",
  "eps_inf": 5.708162226392209,
  "poles": [
    [
      {
        "real": -94894848677255.52,
        "imag": -85622679776929.1
      },
      {
        "real": 5596704223409347.0,
        "imag": 6.886521030771872e+17
      }
    ]
  ]
}