{
  "attrs": {},
  "name": "CP_M2",
  "frequency_range": null,
  "allow_gain": false,
  "nonlinear_spec": null,
  "modulation_spec": null,
  "viz_spec": null,
  "heat_spec": null,
  "type": "PoleResidue",
  "eps_inf": 0.599108313014293,
  "poles": [
    [
      {
        "real": -193073448422297.3,
        "imag": -742128278916019.6
      },
      {
        "real": -3806192372088121.0,
        "imag": 8.140300572961955e+16
      }
    ],
    [
      {
        "real": -5474399671695639.0,
        "imag": -5896776640375478.0
      },
      {
        "real": 4899282093551413.0,
        "imag": 3.829722036132939e+16
      }
    ]
  ]
}