{
  "attrs": {},
  "name": "RP_M2",
  "frequency_range": null,
  "allow_gain": false,
  "nonlinear_spec": null,
  "modulation_spec": null,
  "viz_spec": null,
  "heat_spec": null,
  "type": "PoleResidue",
  "eps_inf": 2.9012265985185595,
  "poles": [
    [
      {
        "real": -92743914542994.11,
        "imag": -827153109035291.6
      },
      {
        "real": 1701001166863686.5,
        "imag": 5.940392837034912e+16
      }
    ],
    [
      {
        "real": -579704338099343.4,
        "imag": -5489949538541399.0
      },
      {
        "real": -323610312653595.94,
        "imag": 3523552537756547.0
      }
    ]
  ]
}