{
  "attrs": {},
  "name": "RP_M2",
  "frequency_range": null,
  "allow_gain": false,
  "nonlinear_spec": null,
  "modulation_spec": null,
  "viz_spec": null,
  "heat_spec": null,
  "type": "PoleResidue",
  "eps_inf": 4.028929043878236,
  "poles": [
    [
      {
        "real": -599677192921593.9,
        "imag": 5272322351560298.0
      },
      {
        "real": 599032343315378.5,
        "imag": -2901946979171052.5
      }
    ],
    [
      {
        "real": -19006595031493.54,
        "imag": 480979002478258.0
      },
      {
        "real": 4339323444528508.0,
        "imag": -1.1964413665974485e+17
      }
    ]
  ],
  "model_family": "RP",
  "order_N": 2
}