{
  "attrs": {},
  "name": "RP_M3",
  "frequency_range": null,
  "allow_gain": false,
  "nonlinear_spec": null,
  "modulation_spec": null,
  "viz_spec": null,
  "heat_spec": null,
  "type": "PoleResidue",
  "eps_inf": 3.6905574042315736,
  "poles": [
    [
      {
        "real": -539538050863259.06,
        "imag": 5221907787672759.0
      },
      {
        "real": 1027148676731168.2,
        "imag": -2451226855328097.0
      }
    ],
    [
      {
        "real": -170402453567245.12,
        "imag": 3868272089234624.5
      },
      {
        "real": 140179056982971.14,
        "imag": -199725730051418.38
      }
    ],
    [
      {
        "real": -14280367151841.281,
        "imag": 501703822763778.4
      },
      {
        "real": 4610745192581679.0,
        "imag": -1.1275405473297837e+17
      }
    ]
  ],
  "model_family": "RP",
  "order_N": 3
}