{
  "attrs": {},
  "name": "RP_M3",
  "frequency_range": null,
  "allow_gain": false,
  "nonlinear_spec": null,
  "modulation_spec": null,
  "viz_spec": null,
  "heat_spec": null,
  "type": "PoleResidue",
  "eps_inf": 2.607089226922012,
  "poles": [
    [
      {
        "real": -61849243964511.7,
        "imag": -840971392814603.9
      },
      {
        "real": 2704882492890145.5,
        "imag": 5.693363381958644e+16
      }
    ],
    [
      {
        "real": -274371706844891.22,
        "imag": -3626813169523869.0
      },
      {
        "real": 205611554135529.3,
        "imag": 70959250696050.19
      }
    ],
    [
      {
        "real": -527413697107899.25,
        "imag": -5463806938383136.0
      },
      {
        "real": 104171547865929.3,
        "imag": 2971093560920606.0
      }
    ]
  ]
}