{
  "attrs": {},
  "name": "CP_M1",
  "frequency_range": null,
  "allow_gain": false,
  "nonlinear_spec": null,
  "modulation_spec": null,
  "viz_spec": null,
  "heat_spec": null,
  "type": "PoleResidue",
  "eps_inf": 5.020566421532387,
  "poles": [
    [
      {
        "real": -176456797046645.7,
        "imag": -85622679776929.1
      },
      {
        "real": 1.3125561494120164e+16,
        "imag": -4768442128527471.0
      }
    ]
  ]
}