{
  "attrs": {},
  "name": "CP_M2",
  "frequency_range": null,
  "allow_gain": false,
  "nonlinear_spec": null,
  "modulation_spec": null,
  "viz_spec": null,
  "heat_spec": null,
  "type": "PoleResidue",
  "eps_inf": 1.2623941606078126,
  "poles": [
    [
      {
        "real": -1145509248053605.8,
        "imag": -389993814180274.0
      },
      {
        "real": 1.171486502323286e+16,
        "imag": 2.7188191372028484e+16
      }
    ],
    [
      {
        "real": -1017090392519112.0,
        "imag": -6196983262116175.0
      },
      {
        "real": 1751727631262866.5,
        "imag": 6244369207099192.0
      }
    ]
  ]
}