{
  "attrs": {},
  "name": "CP_M1",
  "frequency_range": null,
  "allow_gain": false,
  "nonlinear_spec": null,
  "modulation_spec": null,
  "viz_spec": null,
  "heat_spec": null,
  "type": "PoleResidue",
  "eps_inf": 5.021321699786349,
  "poles": [
    [
      {
        "real": -175676621227301.3,
        "imag": -85622679776929.1
      },
      {
        "real": 1.3125281053342414e+16,
        "imag": -4851864845804497.0
      }
    ]
  ]
}