{
  "attrs": {},
  "name": "SCP_M1",
  "frequency_range": null,
  "allow_gain": false,
  "nonlinear_spec": null,
  "modulation_spec": null,
  "viz_spec": null,
  "heat_spec": null,
  "type": "PoleResidue",
  "eps_inf": 4.97588246801642,
  "poles": [
    [
      {
        "real": -222609552342717.0,
        "imag": -85622686847060.56
      },
      {
        "real": 1.3139925362389166e+16,
        "imag": 182783816516457.0
      }
    ]
  ]
}