{
  "attrs": {},
  "name": "SCP_M2",
  "frequency_range": null,
  "allow_gain": false,
  "nonlinear_spec": null,
  "modulation_spec": null,
  "viz_spec": null,
  "heat_spec": null,
  "type": "PoleResidue",
  "eps_inf": 2.7281178912841115,
  "poles": [
    [
      {
        "real": -347605102762185.1,
        "imag": -85622689458331.84
      },
      {
        "real": 1.2257426782769998e+16,
        "imag": 225716496981208.4
      }
    ],
    [
      {
        "real": -625453162153649.9,
        "imag": -6731018548163213.0
      },
      {
        "real": -2357952862224428.5,
        "imag": 5086261997274806.0
      }
    ]
  ]
}