{
  "attrs": {},
  "name": "RP_M2",
  "frequency_range": null,
  "allow_gain": false,
  "nonlinear_spec": null,
  "modulation_spec": null,
  "viz_spec": null,
  "heat_spec": null,
  "type": "PoleResidue",
  "eps_inf": 1.3591635912501936,
  "poles": [
    [
      {
        "real": -1145752638553359.2,
        "imag": 386235384709946.4
      },
      {
        "real": 1.1178104554743316e+16,
        "imag": -2.9453679399722444e+16
      }
    ],
    [
      {
        "real": -1015584498447445.4,
        "imag": -6194534323197500.0
      },
      {
        "real": 1568059758527002.0,
        "imag": 6456781418004656.0
      }
    ]
  ]
}