{
  "attrs": {},
  "name": "RP_M3",
  "frequency_range": null,
  "allow_gain": false,
  "nonlinear_spec": null,
  "modulation_spec": null,
  "viz_spec": null,
  "heat_spec": null,
  "type": "PoleResidue",
  "eps_inf": 2.14753406783486,
  "poles": [
    [
      {
        "real": -1188268627823974.0,
        "imag": -6591067257491333.0
      },
      {
        "real": 1010067078009774.1,
        "imag": 8127723218031195.0
      }
    ],
    [
      {
        "real": -57031443274590.72,
        "imag": 63146903452869.79
      },
      {
        "real": 1.005991767751374e+16,
        "imag": -4001130549273745.0
      }
    ],
    [
      {
        "real": -1965362713554337.0,
        "imag": -2548386428276317.0
      },
      {
        "real": -63067808367233.99,
        "imag": 4393078567832010.0
      }
    ]
  ]
}