{
  "attrs": {},
  "name": "RP_M1",
  "frequency_range": null,
  "allow_gain": false,
  "nonlinear_spec": null,
  "modulation_spec": null,
  "viz_spec": null,
  "heat_spec": null,
  "type": "PoleResidue",
  "eps_inf": 5.026651563658553,
  "poles": [
    [
      {
        "real": -170493590650823.3,
        "imag": -20637474960771.71
      },
      {
        "real": 1.27915573454065e+16,
        "imag": -2.2246396042671024e+16
      }
    ]
  ]
}