{
  "attrs": {},
  "name": "RP_M2",
  "frequency_range": null,
  "allow_gain": false,
  "nonlinear_spec": null,
  "modulation_spec": null,
  "viz_spec": null,
  "heat_spec": null,
  "type": "PoleResidue",
  "eps_inf": 2.8836655069068855,
  "poles": [
    [
      {
        "real": -554465993367059.56,
        "imag": 6663104730286152.0
      },
      {
        "real": -2373984209111126.5,
        "imag": -4520546623180188.0
      }
    ],
    [
      {
        "real": -349919193021567.6,
        "imag": 0.12207539743030212
      },
      {
        "real": 1.222898575060139e+16,
        "imag": 0.0
      }
    ]
  ],
  "model_family": "RP",
  "order_N": 2
}