{
  "attrs": {},
  "name": "SCP_M3",
  "frequency_range": null,
  "allow_gain": false,
  "nonlinear_spec": null,
  "modulation_spec": null,
  "viz_spec": null,
  "heat_spec": null,
  "type": "PoleResidue",
  "eps_inf": 4.042849817559342,
  "poles": [
    [
      {
        "real": -301622438383056.44,
        "imag": -85717262621138.48
      },
      {
        "real": 1.1913535698200392e+16,
        "imag": 6230623821308403.0
      }
    ],
    [
      {
        "real": -1495832209012711.5,
        "imag": -6541458483411400.0
      },
      {
        "real": -1282441351123505.5,
        "imag": -8125137191050486.0
      }
    ],
    [
      {
        "real": -814834833529044.9,
        "imag": -6790020205842036.0
      },
      {
        "real": -4928556747815956.0,
        "imag": 1.1404389051751404e+16
      }
    ]
  ]
}