{
  "attrs": {},
  "name": "CP_M2",
  "frequency_range": null,
  "allow_gain": false,
  "nonlinear_spec": null,
  "modulation_spec": null,
  "viz_spec": null,
  "heat_spec": null,
  "type": "PoleResidue",
  "eps_inf": 1.5282938347540709,
  "poles": [
    [
      {
        "real": -112510622575204.97,
        "imag": -237847183935761.47
      },
      {
        "real": 3699862074405293.5,
        "imag": 2.841056245573411e+16
      }
    ],
    [
      {
        "real": -1116271196989543.5,
        "imag": -3679270726696700.5
      },
      {
        "real": 5463289188777434.0,
        "imag": 1294355737881576.2
      }
    ]
  ]
}