{
  "attrs": {},
  "name": "CP_M3",
  "frequency_range": null,
  "allow_gain": false,
  "nonlinear_spec": null,
  "modulation_spec": null,
  "viz_spec": null,
  "heat_spec": null,
  "type": "PoleResidue",
  "eps_inf": 1.4762989039864443,
  "poles": [
    [
      {
        "real": -112510622575204.97,
        "imag": -237847183935761.47
      },
      {
        "real": 3714522707670993.5,
        "imag": 2.8279490891074652e+16
      }
    ],
    [
      {
        "real": -1116271196989543.5,
        "imag": -3679270726696700.5
      },
      {
        "real": 5490255818943197.0,
        "imag": 1308257318392049.0
      }
    ],
    [
      {
        "real": -1496563471820560.8,
        "imag": -8040955721841952.0
      },
      {
        "real": 165771581549216.53,
        "imag": 38663242550821.67
      }
    ]
  ]
}