{
  "attrs": {},
  "name": "SCP_M3",
  "frequency_range": null,
  "allow_gain": false,
  "nonlinear_spec": null,
  "modulation_spec": null,
  "viz_spec": null,
  "heat_spec": null,
  "type": "PoleResidue",
  "eps_inf": 1.6957233677161052,
  "poles": [
    [
      {
        "real": -144340399633389.34,
        "imag": -224232663767273.47
      },
      {
        "real": 3302018079412319.5,
        "imag": 3.3273537627071504e+16
      }
    ],
    [
      {
        "real": -233056384920545.44,
        "imag": -2548314732935342.0
      },
      {
        "real": -8219598598958.117,
        "imag": -27497850618277.664
      }
    ],
    [
      {
        "real": -1128556149650333.8,
        "imag": -3802531973942980.0
      },
      {
        "real": 5169926226036840.0,
        "imag": 2072329162005733.2
      }
    ]
  ]
}