{
  "attrs": {},
  "name": "CP_M3",
  "frequency_range": null,
  "allow_gain": false,
  "nonlinear_spec": null,
  "modulation_spec": null,
  "viz_spec": null,
  "heat_spec": null,
  "type": "PoleResidue",
  "eps_inf": 1.5793937226136956,
  "poles": [
    [
      {
        "real": -114012580090090.06,
        "imag": -222001642435489.6
      },
      {
        "real": 3688622088415776.5,
        "imag": 3.0635855115749628e+16
      }
    ],
    [
      {
        "real": -1100425818233394.6,
        "imag": -3679890075854741.5
      },
      {
        "real": 5354434345274837.0,
        "imag": 1294562491952233.5
      }
    ],
    [
      {
        "real": -1412678268930392.0,
        "imag": -7903211407376242.0
      },
      {
        "real": -102876792989828.9,
        "imag": 32694636679151.94
      }
    ]
  ]
}