{
  "attrs": {},
  "name": "RP_M3",
  "frequency_range": null,
  "allow_gain": false,
  "nonlinear_spec": null,
  "modulation_spec": null,
  "viz_spec": null,
  "heat_spec": null,
  "type": "PoleResidue",
  "eps_inf": 1.6429361219705743,
  "poles": [
    [
      {
        "real": -1110856762969024.6,
        "imag": 3787873245283927.0
      },
      {
        "real": 5156746451537660.0,
        "imag": -1882068012132655.2
      }
    ],
    [
      {
        "real": -180564509899070.34,
        "imag": 2682767809273748.0
      },
      {
        "real": 13728456318828.28,
        "imag": 18517503773268.01
      }
    ],
    [
      {
        "real": -113300418682047.7,
        "imag": 307427778323570.8
      },
      {
        "real": 3460680663184092.5,
        "imag": -2.289649056908512e+16
      }
    ]
  ],
  "model_family": "RP",
  "order_N": 3
}