{
  "attrs": {},
  "name": "RP_M3",
  "frequency_range": null,
  "allow_gain": false,
  "nonlinear_spec": null,
  "modulation_spec": null,
  "viz_spec": null,
  "heat_spec": null,
  "type": "PoleResidue",
  "eps_inf": 0.6707706903101239,
  "poles": [
    [
      {
        "real": -313069628054276.9,
        "imag": -751627467194167.5
      },
      {
        "real": 1944661632474009.2,
        "imag": 1.0511070173664414e+16
      }
    ],
    [
      {
        "real": -2720392484202322.5,
        "imag": -5704326196810815.0
      },
      {
        "real": 2498452674429278.5,
        "imag": -275716337350912.53
      }
    ],
    [
      {
        "real": -1279237645471888.0,
        "imag": -3812112940479989.5
      },
      {
        "real": 5940395720698909.0,
        "imag": 3271427073446848.5
      }
    ]
  ]
}