{
  "attrs": {},
  "name": "SCP_M3",
  "frequency_range": null,
  "allow_gain": false,
  "nonlinear_spec": null,
  "modulation_spec": null,
  "viz_spec": null,
  "heat_spec": null,
  "type": "PoleResidue",
  "eps_inf": 1.695749575065276,
  "poles": [
    [
      {
        "real": -144402635651521.62,
        "imag": -224024831755368.8
      },
      {
        "real": 3301758906133144.0,
        "imag": 3.330789535738974e+16
      }
    ],
    [
      {
        "real": -233033960975286.22,
        "imag": -2548144394209377.5
      },
      {
        "real": -8248382120833.372,
        "imag": -27479878045649.96
      }
    ],
    [
      {
        "real": -1128593573455182.5,
        "imag": -3802529915266373.0
      },
      {
        "real": 5170094063666186.0,
        "imag": 2072517535844073.8
      }
    ]
  ]
}