{
  "attrs": {},
  "name": "CP_M2",
  "frequency_range": null,
  "allow_gain": false,
  "nonlinear_spec": null,
  "modulation_spec": null,
  "viz_spec": null,
  "heat_spec": null,
  "type": "PoleResidue",
  "eps_inf": 1.2523144728037805,
  "poles": [
    [
      {
        "real": -3.39460055856064e+16,
        "imag": -7810478399827415.0
      },
      {
        "real": 2.5260357734354844e+16,
        "imag": -2.529520337863346e+16
      }
    ],
    [
      {
        "real": -208255947435083.12,
        "imag": -8842694799115723.0
      },
      {
        "real": 1098954740715644.5,
        "imag": 8440893508522657.0
      }
    ]
  ]
}