{
  "attrs": {},
  "name": "CP_M3",
  "frequency_range": null,
  "allow_gain": false,
  "nonlinear_spec": null,
  "modulation_spec": null,
  "viz_spec": null,
  "heat_spec": null,
  "type": "PoleResidue",
  "eps_inf": 2.231881981924711,
  "poles": [
    [
      {
        "real": -23650252749777.152,
        "imag": -286707086095877.25
      },
      {
        "real": -265717493509.21597,
        "imag": 147215061085858.1
      }
    ],
    [
      {
        "real": -35963158630309.164,
        "imag": -7284941032877807.0
      },
      {
        "real": 77455760554303.25,
        "imag": 809897582649758.9
      }
    ],
    [
      {
        "real": -62003043161038.58,
        "imag": -9643784953894556.0
      },
      {
        "real": -4947063116586.808,
        "imag": 8785980688196217.0
      }
    ]
  ],
  "model_family": "CP",
  "order_N": 3
}