{
  "attrs": {},
  "name": "RP_M2",
  "frequency_range": null,
  "allow_gain": false,
  "nonlinear_spec": null,
  "modulation_spec": null,
  "viz_spec": null,
  "heat_spec": null,
  "type": "PoleResidue",
  "eps_inf": 2.9971753436073008,
  "poles": [
    [
      {
        "real": -9629787100421.93,
        "imag": -7991890045719877.0
      },
      {
        "real": 13709029828216.275,
        "imag": 5145647356650391.0
      }
    ],
    [
      {
        "real": -36299066951994.78,
        "imag": -5581281836421678.0
      },
      {
        "real": -304667916976.13696,
        "imag": 1799713992126.7341
      }
    ]
  ]
}