{
  "attrs": {},
  "name": "SCP_M1",
  "frequency_range": null,
  "allow_gain": false,
  "nonlinear_spec": null,
  "modulation_spec": null,
  "viz_spec": null,
  "heat_spec": null,
  "type": "PoleResidue",
  "eps_inf": 5.608783574486067,
  "poles": [
    [
      {
        "real": -16908663891723.693,
        "imag": -625746212045832.0
      },
      {
        "real": 5410384576700055.0,
        "imag": 1.037220736890064e+17
      }
    ]
  ]
}