{
  "attrs": {},
  "name": "SCP_M3",
  "frequency_range": null,
  "allow_gain": false,
  "nonlinear_spec": null,
  "modulation_spec": null,
  "viz_spec": null,
  "heat_spec": null,
  "type": "PoleResidue",
  "eps_inf": 2.495196564941417,
  "poles": [
    [
      {
        "real": -29378458464543.67,
        "imag": -92562590302394.23
      },
      {
        "real": -869432162128440.2,
        "imag": 9.256259030239334e+17
      }
    ],
    [
      {
        "real": -479429752529259.1,
        "imag": -3980153109976471.0
      },
      {
        "real": 1318480071933565.2,
        "imag": 607220440191742.1
      }
    ],
    [
      {
        "real": -2532766931343223.0,
        "imag": -5665887732188690.0
      },
      {
        "real": 2991654924129637.5,
        "imag": 1.3080548864968602e+16
      }
    ]
  ]
}