{
  "attrs": {},
  "name": "CP_M2",
  "frequency_range": null,
  "allow_gain": false,
  "nonlinear_spec": null,
  "modulation_spec": null,
  "viz_spec": null,
  "heat_spec": null,
  "type": "PoleResidue",
  "eps_inf": 1.5076236272098216,
  "poles": [
    [
      {
        "real": -14051081979881.7,
        "imag": -546985320793977.4
      },
      {
        "real": 2214426126190995.5,
        "imag": 1.3910399596176746e+17
      }
    ],
    [
      {
        "real": -1340383378352404.2,
        "imag": -4044544023675200.0
      },
      {
        "real": 8753777188093808.0,
        "imag": 2392716733022222.0
      }
    ]
  ]
}