{
  "attrs": {},
  "name": "CP_M2",
  "frequency_range": null,
  "allow_gain": false,
  "nonlinear_spec": null,
  "modulation_spec": null,
  "viz_spec": null,
  "heat_spec": null,
  "type": "PoleResidue",
  "eps_inf": 0.6118798992792767,
  "poles": [
    [
      {
        "real": -58581733398669.37,
        "imag": -929180030701413.5
      },
      {
        "real": 4654663471113078.0,
        "imag": 6.45588878421352e+16
      }
    ],
    [
      {
        "real": -912763869739459.6,
        "imag": -3611316427630410.0
      },
      {
        "real": 6024287290113276.0,
        "imag": -1948549443597756.8
      }
    ]
  ],
  "model_family": "CP",
  "order_N": 2
}