{
  "attrs": {},
  "name": "CP_M2",
  "frequency_range": null,
  "allow_gain": false,
  "nonlinear_spec": null,
  "modulation_spec": null,
  "viz_spec": null,
  "heat_spec": null,
  "type": "PoleResidue",
  "eps_inf": 0.695372420653042,
  "poles": [
    [
      {
        "real": -53598375385671.51,
        "imag": -938747847570934.0
      },
      {
        "real": 4866818443200949.0,
        "imag": 6.325168084289494e+16
      }
    ],
    [
      {
        "real": -875568513971618.2,
        "imag": -3600011312299849.0
      },
      {
        "real": 5656550499455760.0,
        "imag": -1992177943983692.2
      }
    ]
  ]
}