{
  "attrs": {},
  "name": "CP_M3",
  "frequency_range": null,
  "allow_gain": false,
  "nonlinear_spec": null,
  "modulation_spec": null,
  "viz_spec": null,
  "heat_spec": null,
  "type": "PoleResidue",
  "eps_inf": 1.813642114164703,
  "poles": [
    [
      {
        "real": -14051081979881.7,
        "imag": -546985320793977.4
      },
      {
        "real": 2048385451401654.2,
        "imag": 1.401941771570114e+17
      }
    ],
    [
      {
        "real": -254308271796412.3,
        "imag": -3495133471202227.0
      },
      {
        "real": -62346614380124.46,
        "imag": -167442336588522.4
      }
    ],
    [
      {
        "real": -1340383378352404.2,
        "imag": -4044544023675200.0
      },
      {
        "real": 8208276843524682.0,
        "imag": 3083866614412363.0
      }
    ]
  ]
}