{
  "attrs": {},
  "name": "CP_M1",
  "frequency_range": null,
  "allow_gain": false,
  "nonlinear_spec": null,
  "modulation_spec": null,
  "viz_spec": null,
  "heat_spec": null,
  "type": "PoleResidue",
  "eps_inf": 6.430402052418175,
  "poles": [
    [
      {
        "real": -14051081979881.7,
        "imag": -546985320793977.4
      },
      {
        "real": 5505169384853940.0,
        "imag": 1.302415171928925e+17
      }
    ]
  ]
}