{
  "attrs": {},
  "name": "SCP_M1",
  "frequency_range": null,
  "allow_gain": false,
  "nonlinear_spec": null,
  "modulation_spec": null,
  "viz_spec": null,
  "heat_spec": null,
  "type": "PoleResidue",
  "eps_inf": 5.8916884878569515,
  "poles": [
    [
      {
        "real": -15113388381076.432,
        "imag": -581541847698992.8
      },
      {
        "real": 5466665316712714.0,
        "imag": 1.1558290904149141e+17
      }
    ]
  ]
}