{
  "attrs": {},
  "name": "SCP_M2",
  "frequency_range": null,
  "allow_gain": false,
  "nonlinear_spec": null,
  "modulation_spec": null,
  "viz_spec": null,
  "heat_spec": null,
  "type": "PoleResidue",
  "eps_inf": 0.5210492867181413,
  "poles": [
    [
      {
        "real": -251474920289922.6,
        "imag": -400329191633743.2
      },
      {
        "real": -1.83503847382365e+16,
        "imag": 2.5421770079938125e+17
      }
    ],
    [
      {
        "real": -3908780198841603.0,
        "imag": -2588920327902916.5
      },
      {
        "real": 3.396861601401968e+16,
        "imag": 2.8929423060915256e+16
      }
    ]
  ]
}