{
  "attrs": {},
  "name": "SCP_M3",
  "frequency_range": null,
  "allow_gain": false,
  "nonlinear_spec": null,
  "modulation_spec": null,
  "viz_spec": null,
  "heat_spec": null,
  "type": "PoleResidue",
  "eps_inf": 2.7203476590434605,
  "poles": [
    [
      {
        "real": -27004128101833.203,
        "imag": -92550183657354.14
      },
      {
        "real": -787430386501402.6,
        "imag": 9.255016679734932e+17
      }
    ],
    [
      {
        "real": -486370743422916.25,
        "imag": -3974776461815010.5
      },
      {
        "real": 1376274834186517.8,
        "imag": 593609245148514.6
      }
    ],
    [
      {
        "real": -2526252038453145.5,
        "imag": -5816617824791831.0
      },
      {
        "real": 1642425337419258.8,
        "imag": 1.33308848719726e+16
      }
    ]
  ]
}