{
  "attrs": {},
  "name": "CP_M3",
  "frequency_range": null,
  "allow_gain": false,
  "nonlinear_spec": null,
  "modulation_spec": null,
  "viz_spec": null,
  "heat_spec": null,
  "type": "PoleResidue",
  "eps_inf": 1.9144055684093346,
  "poles": [
    [
      {
        "real": -6283185307.179586,
        "imag": -7395911907723345.0
      },
      {
        "real": 13791889023.199568,
        "imag": 1299653946174328.0
      }
    ],
    [
      {
        "real": -6283185307.179586,
        "imag": -1.0478633935054104e+16
      },
      {
        "real": 5826919544.5637045,
        "imag": 9617819143525186.0
      }
    ],
    [
      {
        "real": -6283185307.179586,
        "imag": -1.1933835420491042e+16
      },
      {
        "real": -25362868934.69688,
        "imag": 1602122186259037.2
      }
    ]
  ]
}