{
  "attrs": {},
  "name": "SCP_M3",
  "frequency_range": null,
  "allow_gain": false,
  "nonlinear_spec": null,
  "modulation_spec": null,
  "viz_spec": null,
  "heat_spec": null,
  "type": "PoleResidue",
  "eps_inf": 2.354774180154811,
  "poles": [
    [
      {
        "real": -6283185307.807905,
        "imag": -6566226805118401.0
      },
      {
        "real": -749865391.86515,
        "imag": 25434257350404.617
      }
    ],
    [
      {
        "real": -6283185307.807905,
        "imag": -6940623926019094.0
      },
      {
        "real": 9467469636.166245,
        "imag": 188918571365765.94
      }
    ],
    [
      {
        "real": -6283185307.807905,
        "imag": -9182154015953184.0
      },
      {
        "real": -4398657784.220002,
        "imag": 8977101796537381.0
      }
    ]
  ]
}