{
  "attrs": {},
  "name": "RP_M3",
  "frequency_range": null,
  "allow_gain": false,
  "nonlinear_spec": null,
  "modulation_spec": null,
  "viz_spec": null,
  "heat_spec": null,
  "type": "PoleResidue",
  "eps_inf": 1.9924320826912467,
  "poles": [
    [
      {
        "real": -628.3185307179587,
        "imag": 1.0547115432091066e+16
      },
      {
        "real": -1516223143.6783423,
        "imag": -1.0336887122112486e+16
      }
    ],
    [
      {
        "real": -628.3185307179587,
        "imag": 7574366807331478.0
      },
      {
        "real": -1206415289.7950602,
        "imag": -1561913895448118.0
      }
    ],
    [
      {
        "real": -628.3185307179587,
        "imag": 6548616841646447.0
      },
      {
        "real": 278122739.9155121,
        "imag": -17829567769210.223
      }
    ]
  ],
  "model_family": "RP",
  "order_N": 3
}