{
  "attrs": {},
  "name": "SCP_M3",
  "frequency_range": null,
  "allow_gain": false,
  "nonlinear_spec": null,
  "modulation_spec": null,
  "viz_spec": null,
  "heat_spec": null,
  "type": "PoleResidue",
  "eps_inf": 2.017193520572348,
  "poles": [
    [
      {
        "real": -6283185307.807905,
        "imag": -7293694103344507.0
      },
      {
        "real": 15002435059.95654,
        "imag": 1006916548385403.9
      }
    ],
    [
      {
        "real": -6283185307.807905,
        "imag": -1.0065525088925206e+16
      },
      {
        "real": -278087785672.98236,
        "imag": 1247165024567221.0
      }
    ],
    [
      {
        "real": -6283185307.807905,
        "imag": -1.0270396507127454e+16
      },
      {
        "real": 276139820586.6743,
        "imag": 9392888026102174.0
      }
    ]
  ]
}