{
  "attrs": {},
  "name": "CP_M2",
  "frequency_range": null,
  "allow_gain": false,
  "nonlinear_spec": null,
  "modulation_spec": null,
  "viz_spec": null,
  "heat_spec": null,
  "type": "PoleResidue",
  "eps_inf": 2.5675155299575096,
  "poles": [
    [
      {
        "real": -704699576408936.8,
        "imag": -5759127044788528.0
      },
      {
        "real": 1831832344152223.8,
        "imag": -853747981981041.0
      }
    ],
    [
      {
        "real": -1027490172355677.8,
        "imag": -7253553796437757.0
      },
      {
        "real": -202633546013125.56,
        "imag": 1.0552612751083636e+16
      }
    ]
  ]
}