{
  "attrs": {},
  "name": "SCP_M3",
  "frequency_range": null,
  "allow_gain": false,
  "nonlinear_spec": null,
  "modulation_spec": null,
  "viz_spec": null,
  "heat_spec": null,
  "type": "PoleResidue",
  "eps_inf": 0.8051249984287038,
  "poles": [
    [
      {
        "real": -544121472053468.9,
        "imag": -5791475970944345.0
      },
      {
        "real": 1275514392827621.8,
        "imag": -51710070213563.66
      }
    ],
    [
      {
        "real": -872803107153121.8,
        "imag": -6724968097838695.0
      },
      {
        "real": 2817751640878318.5,
        "imag": 4513069397592427.0
      }
    ],
    [
      {
        "real": -4896755957326159.0,
        "imag": -8807289718350591.0
      },
      {
        "real": 7064624534106805.0,
        "imag": 1.2856360769261154e+16
      }
    ]
  ]
}