{
  "attrs": {},
  "name": "SCP_M1",
  "frequency_range": null,
  "allow_gain": false,
  "nonlinear_spec": null,
  "modulation_spec": null,
  "viz_spec": null,
  "heat_spec": null,
  "type": "PoleResidue",
  "eps_inf": 1.3992747826077487,
  "poles": [
    [
      {
        "real": -744553493668282.8,
        "imag": -7300464569551498.0
      },
      {
        "real": 2699935923459526.5,
        "imag": 1.3027149450936052e+16
      }
    ]
  ]
}