{
  "attrs": {},
  "name": "CP_M3",
  "frequency_range": null,
  "allow_gain": false,
  "nonlinear_spec": null,
  "modulation_spec": null,
  "viz_spec": null,
  "heat_spec": null,
  "type": "PoleResidue",
  "eps_inf": 0.6884185584277639,
  "poles": [
    [
      {
        "real": -543766873684272.4,
        "imag": -5792196810137676.0
      },
      {
        "real": 1291017804010516.2,
        "imag": -44371902309697.16
      }
    ],
    [
      {
        "real": -872973488240253.9,
        "imag": -6723470126368904.0
      },
      {
        "real": 2792061658079710.0,
        "imag": 4398759668978455.0
      }
    ],
    [
      {
        "real": -4918297645153450.0,
        "imag": -8844602030474409.0
      },
      {
        "real": 7730839104292349.0,
        "imag": 1.3392657792557104e+16
      }
    ]
  ]
}