{
    "attrs": {},
    "name": "RP_selected_M2",
    "frequency_range": null,
    "allow_gain": false,
    "nonlinear_spec": null,
    "modulation_spec": null,
    "viz_spec": null,
    "heat_spec": null,
    "type": "PoleResidue",
    "eps_inf": 2.645003403989474,
    "poles": [
        [
            {
                "real": -985730299200365.0,
                "imag": -7322709717063357.0
            },
            {
                "real": -644474186080894.4,
                "imag": 1.0145981261250796e+16
            }
        ],
        [
            {
                "real": -701936116808574.1,
                "imag": -5789370194430294.0
            },
            {
                "real": 1976627361648431.8,
                "imag": -643313486104903.0
            }
        ]
    ]
}