{
  "attrs": {},
  "name": "SCP_M3",
  "frequency_range": null,
  "allow_gain": false,
  "nonlinear_spec": null,
  "modulation_spec": null,
  "viz_spec": null,
  "heat_spec": null,
  "type": "PoleResidue",
  "eps_inf": 0.38732038380003225,
  "poles": [
    [
      {
        "real": -712512694344239.8,
        "imag": -3499652325462276.0
      },
      {
        "real": 4305464900473469.0,
        "imag": 7226208729051286.0
      }
    ],
    [
      {
        "real": -250099967310647.25,
        "imag": -4156020392992629.0
      },
      {
        "real": 2190824016612879.2,
        "imag": 1658965595260871.0
      }
    ],
    [
      {
        "real": -4710649516383010.0,
        "imag": -5994832229138879.0
      },
      {
        "real": -281663710327477.0,
        "imag": 4.483938923002635e+16
      }
    ]
  ]
}