{
  "attrs": {},
  "name": "SCP_M3",
  "frequency_range": null,
  "allow_gain": false,
  "nonlinear_spec": null,
  "modulation_spec": null,
  "viz_spec": null,
  "heat_spec": null,
  "type": "PoleResidue",
  "eps_inf": 0.31427689813843057,
  "poles": [
    [
      {
        "real": -713283571900443.8,
        "imag": -3495259073462185.5
      },
      {
        "real": 4360904869300462.0,
        "imag": 7141091234225571.0
      }
    ],
    [
      {
        "real": -250523641281007.94,
        "imag": -4157528862849027.5
      },
      {
        "real": 2164438806815093.5,
        "imag": 1684802975938354.0
      }
    ],
    [
      {
        "real": -4752236135604896.0,
        "imag": -5957546991901499.0
      },
      {
        "real": 207966563014722.9,
        "imag": 4.51566488321907e+16
      }
    ]
  ]
}