{
  "attrs": {},
  "name": "CP_M3",
  "frequency_range": null,
  "allow_gain": false,
  "nonlinear_spec": null,
  "modulation_spec": null,
  "viz_spec": null,
  "heat_spec": null,
  "type": "PoleResidue",
  "eps_inf": 0.9791147313246659,
  "poles": [
    [
      {
        "real": -435056944869831.4,
        "imag": -3882016820100162.5
      },
      {
        "real": -7929953904060606.0,
        "imag": -845633263802649.5
      }
    ],
    [
      {
        "real": -471824810575299.75,
        "imag": -4242003942523626.5
      },
      {
        "real": 9720590998483906.0,
        "imag": 1.3891309360006524e+16
      }
    ],
    [
      {
        "real": -789358382160837.4,
        "imag": -6049049657698642.0
      },
      {
        "real": 6349102473855332.0,
        "imag": 2303044742859165.0
      }
    ]
  ]
}