{
  "attrs": {},
  "name": "SCP_M2",
  "frequency_range": null,
  "allow_gain": false,
  "nonlinear_spec": null,
  "modulation_spec": null,
  "viz_spec": null,
  "heat_spec": null,
  "type": "PoleResidue",
  "eps_inf": 1.918340184318476,
  "poles": [
    [
      {
        "real": -538070702546141.06,
        "imag": -5851661525937368.0
      },
      {
        "real": 5135090544721877.0,
        "imag": 436460229434739.0
      }
    ],
    [
      {
        "real": -740841285333797.5,
        "imag": -4533433622976866.0
      },
      {
        "real": 194134593737591.4,
        "imag": 1.4373261141412484e+16
      }
    ]
  ]
}