{
  "attrs": {},
  "name": "CP_M3",
  "frequency_range": null,
  "allow_gain": false,
  "nonlinear_spec": null,
  "modulation_spec": null,
  "viz_spec": null,
  "heat_spec": null,
  "type": "PoleResidue",
  "eps_inf": 0.8661782159484115,
  "poles": [
    [
      {
        "real": -1415506992700703.5,
        "imag": -4330346370919054.0
      },
      {
        "real": 1348816017737420.5,
        "imag": -2244746619642629.5
      }
    ],
    [
      {
        "real": -279146037266210.22,
        "imag": -4924182846885067.0
      },
      {
        "real": 4236982586827185.5,
        "imag": 3516535088047124.5
      }
    ],
    [
      {
        "real": -939156909635754.1,
        "imag": -6273407615457682.0
      },
      {
        "real": -1154870722255511.8,
        "imag": 3.400590677310784e+16
      }
    ]
  ]
}