{
  "attrs": {},
  "name": "CP_M2",
  "frequency_range": null,
  "allow_gain": false,
  "nonlinear_spec": null,
  "modulation_spec": null,
  "viz_spec": null,
  "heat_spec": null,
  "type": "PoleResidue",
  "eps_inf": 2.9886295022830214,
  "poles": [
    [
      {
        "real": -349417261941081.56,
        "imag": -4970990577274056.0
      },
      {
        "real": 6324025485384271.0,
        "imag": 5968631438529423.0
      }
    ],
    [
      {
        "real": -595751213825768.9,
        "imag": -6419455698977254.0
      },
      {
        "real": -6152872273125472.0,
        "imag": 2.3311946122559336e+16
      }
    ]
  ],
  "model_family": "CP",
  "order_N": 2
}