{
  "attrs": {},
  "name": "SCP_M2",
  "frequency_range": null,
  "allow_gain": false,
  "nonlinear_spec": null,
  "modulation_spec": null,
  "viz_spec": null,
  "heat_spec": null,
  "type": "PoleResidue",
  "eps_inf": 1.4825169928500124,
  "poles": [
    [
      {
        "real": -356982911974744.6,
        "imag": -4952949618846375.0
      },
      {
        "real": 5873258163073795.0,
        "imag": 5397396740288251.0
      }
    ],
    [
      {
        "real": -753132002281078.5,
        "imag": -6316888483953118.0
      },
      {
        "real": -1843468782166802.0,
        "imag": 2.7296051597561936e+16
      }
    ]
  ]
}