{
  "attrs": {},
  "name": "SCP_M3",
  "frequency_range": null,
  "allow_gain": false,
  "nonlinear_spec": null,
  "modulation_spec": null,
  "viz_spec": null,
  "heat_spec": null,
  "type": "PoleResidue",
  "eps_inf": 1.1849714756371366,
  "poles": [
    [
      {
        "real": -1428596733201358.0,
        "imag": -4292190280922272.0
      },
      {
        "real": 314213585018166.25,
        "imag": -2193172768204644.8
      }
    ],
    [
      {
        "real": -278870078980357.28,
        "imag": -4922524820233046.0
      },
      {
        "real": 4535176891770046.0,
        "imag": 3735029082497649.0
      }
    ],
    [
      {
        "real": -907311766497628.1,
        "imag": -6259529232436666.0
      },
      {
        "real": -498333169829921.75,
        "imag": 3.2854918346852212e+16
      }
    ]
  ]
}