{
  "attrs": {},
  "name": "CP_M3",
  "frequency_range": null,
  "allow_gain": false,
  "nonlinear_spec": null,
  "modulation_spec": null,
  "viz_spec": null,
  "heat_spec": null,
  "type": "PoleResidue",
  "eps_inf": 2.8388935108932083,
  "poles": [
    [
      {
        "real": -349417261941081.56,
        "imag": -4970990577274056.0
      },
      {
        "real": 6035342364659511.0,
        "imag": 6281615822180920.0
      }
    ],
    [
      {
        "real": -84303228035234.67,
        "imag": -5472855193101887.0
      },
      {
        "real": 295909172679770.75,
        "imag": 168280741057506.25
      }
    ],
    [
      {
        "real": -595751213825768.9,
        "imag": -6419455698977254.0
      },
      {
        "real": -5688634405498569.0,
        "imag": 2.295981740186435e+16
      }
    ]
  ],
  "model_family": "CP",
  "order_N": 3
}