{
  "attrs": {},
  "name": "CP_M2",
  "frequency_range": null,
  "allow_gain": false,
  "nonlinear_spec": null,
  "modulation_spec": null,
  "viz_spec": null,
  "heat_spec": null,
  "type": "PoleResidue",
  "eps_inf": 2.9963362418120463,
  "poles": [
    [
      {
        "real": -348976168356162.4,
        "imag": -4969087497760948.0
      },
      {
        "real": 6304805974726393.0,
        "imag": 5936588398060488.0
      }
    ],
    [
      {
        "real": -595507605077514.5,
        "imag": -6414627234638871.0
      },
      {
        "real": -6092574105085453.0,
        "imag": 2.330673407122099e+16
      }
    ]
  ]
}