{
  "attrs": {},
  "name": "CP_M3",
  "frequency_range": null,
  "allow_gain": false,
  "nonlinear_spec": null,
  "modulation_spec": null,
  "viz_spec": null,
  "heat_spec": null,
  "type": "PoleResidue",
  "eps_inf": 1.5253252693194987,
  "poles": [
    [
      {
        "real": -252013496080827.8,
        "imag": -85622679776929.1
      },
      {
        "real": 1.0917596143468058e+16,
        "imag": -1.3403741774258836e+16
      }
    ],
    [
      {
        "real": -1147979260308610.0,
        "imag": -749676910232277.5
      },
      {
        "real": -3952305031619847.5,
        "imag": -6042169245313165.0
      }
    ],
    [
      {
        "real": -977017091327916.2,
        "imag": -7430096581849447.0
      },
      {
        "real": -2370955470033204.0,
        "imag": 1482997127070494.5
      }
    ]
  ]
}