{
  "attrs": {},
  "name": "SCP_M2",
  "frequency_range": null,
  "allow_gain": false,
  "nonlinear_spec": null,
  "modulation_spec": null,
  "viz_spec": null,
  "heat_spec": null,
  "type": "PoleResidue",
  "eps_inf": 0.9479192973003584,
  "poles": [
    [
      {
        "real": -206544754089641.9,
        "imag": -85625730772544.92
      },
      {
        "real": 5924551912182795.0,
        "imag": 1.0001151422466274e+16
      }
    ],
    [
      {
        "real": -2914719367050602.0,
        "imag": -6937069271643352.0
      },
      {
        "real": -569722730337160.5,
        "imag": 5370816123623324.0
      }
    ]
  ]
}