{
  "attrs": {},
  "name": "RP_M2",
  "frequency_range": null,
  "allow_gain": false,
  "nonlinear_spec": null,
  "modulation_spec": null,
  "viz_spec": null,
  "heat_spec": null,
  "type": "PoleResidue",
  "eps_inf": 1.6011696363112768,
  "poles": [
    [
      {
        "real": -1457246971347247.0,
        "imag": 8131900358977700.0
      },
      {
        "real": -4356872162235185.0,
        "imag": -2941167268230193.5
      }
    ],
    [
      {
        "real": -118631271578459.27,
        "imag": 5.147564954100176e-14
      },
      {
        "real": 5993848451633907.0,
        "imag": 0.0
      }
    ]
  ],
  "model_family": "RP",
  "order_N": 2
}