{
  "attrs": {},
  "name": "RP_M3",
  "frequency_range": null,
  "allow_gain": false,
  "nonlinear_spec": null,
  "modulation_spec": null,
  "viz_spec": null,
  "heat_spec": null,
  "type": "PoleResidue",
  "eps_inf": 1.0500551466349108,
  "poles": [
    [
      {
        "real": -5697994178426032.0,
        "imag": 4594607956636642.0
      },
      {
        "real": -2069377434519030.5,
        "imag": -1.316154211918195e+16
      }
    ],
    [
      {
        "real": -463550334356069.8,
        "imag": -433398123378475.9
      },
      {
        "real": 4618455485594459.0,
        "imag": 8880176529802813.0
      }
    ],
    [
      {
        "real": -1086581485684433.1,
        "imag": -6218683434473139.0
      },
      {
        "real": 646330964833235.2,
        "imag": 860344621239117.5
      }
    ]
  ]
}