{
  "attrs": {},
  "name": "SCP_M2",
  "frequency_range": null,
  "allow_gain": false,
  "nonlinear_spec": null,
  "modulation_spec": null,
  "viz_spec": null,
  "heat_spec": null,
  "type": "PoleResidue",
  "eps_inf": 1.8962097493129486,
  "poles": [
    [
      {
        "real": -193941886614846.16,
        "imag": -85622915213259.14
      },
      {
        "real": 5899421416444369.0,
        "imag": 1.1454533046764726e+16
      }
    ],
    [
      {
        "real": -1754508338606359.8,
        "imag": -7983309350754969.0
      },
      {
        "real": -4658559125846326.0,
        "imag": 2858105861924201.0
      }
    ]
  ],
  "model_family": "SCP",
  "order_N": 2
}