{
  "attrs": {},
  "name": "CP_M1",
  "frequency_range": null,
  "allow_gain": false,
  "nonlinear_spec": null,
  "modulation_spec": null,
  "viz_spec": null,
  "heat_spec": null,
  "type": "PoleResidue",
  "eps_inf": 7.447402842833337,
  "poles": [
    [
      {
        "real": -246316544965810.8,
        "imag": -588371056790811.0
      },
      {
        "real": 5425545962865642.0,
        "imag": 5.0947909888033784e+16
      }
    ]
  ]
}