{
  "attrs": {},
  "name": "SCP_M3",
  "frequency_range": null,
  "allow_gain": false,
  "nonlinear_spec": null,
  "modulation_spec": null,
  "viz_spec": null,
  "heat_spec": null,
  "type": "PoleResidue",
  "eps_inf": 1.254252460956333,
  "poles": [
    [
      {
        "real": -906127130883439.0,
        "imag": -149880350267079.44
      },
      {
        "real": -2.2532685947522144e+17,
        "imag": 9.989342223126307e+17
      }
    ],
    [
      {
        "real": -2617083543074540.5,
        "imag": -277002782191839.34
      },
      {
        "real": -7.50023333194573e+16,
        "imag": 3.186281999063357e+18
      }
    ],
    [
      {
        "real": -3416738187496832.0,
        "imag": -2333286298877382.0
      },
      {
        "real": 3.066148005375524e+17,
        "imag": -7.531602445693968e+16
      }
    ]
  ]
}