{
  "attrs": {},
  "name": "SCP_M1",
  "frequency_range": null,
  "allow_gain": false,
  "nonlinear_spec": null,
  "modulation_spec": null,
  "viz_spec": null,
  "heat_spec": null,
  "type": "PoleResidue",
  "eps_inf": 7.168024554224631,
  "poles": [
    [
      {
        "real": -98180793351149.58,
        "imag": -735909547724002.5
      },
      {
        "real": 6570413299974163.0,
        "imag": 3.60779861378898e+16
      }
    ]
  ]
}