{
  "attrs": {},
  "name": "CP_M3",
  "frequency_range": null,
  "allow_gain": false,
  "nonlinear_spec": null,
  "modulation_spec": null,
  "viz_spec": null,
  "heat_spec": null,
  "type": "PoleResidue",
  "eps_inf": 0.7643609737953537,
  "poles": [
    [
      {
        "real": -54184264730647.805,
        "imag": -560897561776412.7
      },
      {
        "real": 4972115954151362.0,
        "imag": 1.4361920570536661e+17
      }
    ],
    [
      {
        "real": -1878466423051112.5,
        "imag": -1582039385261213.5
      },
      {
        "real": 8818766256930086.0,
        "imag": -1.5554520681189132e+16
      }
    ],
    [
      {
        "real": -442752752476542.3,
        "imag": -3261613173942444.0
      },
      {
        "real": 1487257195235900.0,
        "imag": -369382690734248.1
      }
    ]
  ]
}