{
  "attrs": {},
  "name": "CP_M1",
  "frequency_range": null,
  "allow_gain": false,
  "nonlinear_spec": null,
  "modulation_spec": null,
  "viz_spec": null,
  "heat_spec": null,
  "type": "PoleResidue",
  "eps_inf": 3.3881441279340363,
  "poles": [
    [
      {
        "real": -83280571687603.22,
        "imag": -642057565892834.8
      },
      {
        "real": 6846213322300998.0,
        "imag": 1.0416545724691931e+17
      }
    ]
  ]
}