{
  "attrs": {},
  "name": "SCP_M3",
  "frequency_range": null,
  "allow_gain": false,
  "nonlinear_spec": null,
  "modulation_spec": null,
  "viz_spec": null,
  "heat_spec": null,
  "type": "PoleResidue",
  "eps_inf": 1.4337720899490929,
  "poles": [
    [
      {
        "real": -832485917866138.6,
        "imag": -90243233373340.16
      },
      {
        "real": -2.9778163646523828e+16,
        "imag": -7.73752727109396e+17
      }
    ],
    [
      {
        "real": -172037310291016.12,
        "imag": -85625171067209.48
      },
      {
        "real": 4.268988844829697e+16,
        "imag": 1.2484192052360082e+18
      }
    ],
    [
      {
        "real": -431797779898232.2,
        "imag": -3109261207954203.0
      },
      {
        "real": 1457361868145518.0,
        "imag": -1377284543396484.0
      }
    ]
  ]
}