{
  "attrs": {},
  "name": "SCP_M2",
  "frequency_range": null,
  "allow_gain": false,
  "nonlinear_spec": null,
  "modulation_spec": null,
  "viz_spec": null,
  "heat_spec": null,
  "type": "PoleResidue",
  "eps_inf": 2.253874402928354,
  "poles": [
    [
      {
        "real": -769319624021972.5,
        "imag": -3070236378577264.0
      },
      {
        "real": 4426129045537096.5,
        "imag": -2353889931377771.5
      }
    ],
    [
      {
        "real": -6283185307.179587,
        "imag": -87627906613142.4
      },
      {
        "real": 7310945975242747.0,
        "imag": 9.285460288215949e+17
      }
    ]
  ]
}