{
  "attrs": {},
  "name": "CP_M2",
  "frequency_range": null,
  "allow_gain": false,
  "nonlinear_spec": null,
  "modulation_spec": null,
  "viz_spec": null,
  "heat_spec": null,
  "type": "PoleResidue",
  "eps_inf": 1.876798757214111,
  "poles": [
    [
      {
        "real": -233973108364838.5,
        "imag": -5138755132142215.0
      },
      {
        "real": 5188580640241935.0,
        "imag": 5660811108884053.0
      }
    ],
    [
      {
        "real": -612484455752927.4,
        "imag": -6573324336924577.0
      },
      {
        "real": -4701110692067977.0,
        "imag": 2.5914698924916268e+16
      }
    ]
  ],
  "model_family": "CP",
  "order_N": 2
}