{
  "attrs": {},
  "name": "CP_M2",
  "frequency_range": null,
  "allow_gain": false,
  "nonlinear_spec": null,
  "modulation_spec": null,
  "viz_spec": null,
  "heat_spec": null,
  "type": "PoleResidue",
  "eps_inf": 1.8886246751039624,
  "poles": [
    [
      {
        "real": -235643608706388.53,
        "imag": -5141787872698917.0
      },
      {
        "real": 5182766367802314.0,
        "imag": 5731942363478805.0
      }
    ],
    [
      {
        "real": -607172777381978.2,
        "imag": -6573194431734931.0
      },
      {
        "real": -4695527373047194.0,
        "imag": 2.5770010539897748e+16
      }
    ]
  ]
}