{
  "attrs": {},
  "name": "CP_M2",
  "frequency_range": null,
  "allow_gain": false,
  "nonlinear_spec": null,
  "modulation_spec": null,
  "viz_spec": null,
  "heat_spec": null,
  "type": "PoleResidue",
  "eps_inf": 1.89035511982516,
  "poles": [
    [
      {
        "real": -235815239601422.56,
        "imag": -5142089049756696.0
      },
      {
        "real": 5181852620170158.0,
        "imag": 5738791034645440.0
      }
    ],
    [
      {
        "real": -606752292296567.6,
        "imag": -6572972788947887.0
      },
      {
        "real": -4691940780620707.0,
        "imag": 2.575333900563873e+16
      }
    ]
  ]
}