{
  "attrs": {},
  "name": "SCP_M3",
  "frequency_range": null,
  "allow_gain": false,
  "nonlinear_spec": null,
  "modulation_spec": null,
  "viz_spec": null,
  "heat_spec": null,
  "type": "PoleResidue",
  "eps_inf": 1.6943713743354185,
  "poles": [
    [
      {
        "real": -209010205783134.84,
        "imag": -5081108266493492.0
      },
      {
        "real": 2715120812843481.0,
        "imag": 4093353617592627.0
      }
    ],
    [
      {
        "real": -592248922364429.4,
        "imag": -6503718089096097.0
      },
      {
        "real": -2627036914539947.0,
        "imag": 2.0864478168916696e+16
      }
    ],
    [
      {
        "real": -539793174261478.56,
        "imag": -5497915457979076.0
      },
      {
        "real": 3023504017266107.5,
        "imag": 5807140640933870.0
      }
    ]
  ]
}