{
  "attrs": {},
  "name": "CP_M3",
  "frequency_range": null,
  "allow_gain": false,
  "nonlinear_spec": null,
  "modulation_spec": null,
  "viz_spec": null,
  "heat_spec": null,
  "type": "PoleResidue",
  "eps_inf": 2.3859049222188164,
  "poles": [
    [
      {
        "real": -227478204133268.38,
        "imag": -5053628312130028.0
      },
      {
        "real": 3140463069009071.0,
        "imag": 4525860140688430.0
      }
    ],
    [
      {
        "real": -418757859945786.4,
        "imag": -5472301613460988.0
      },
      {
        "real": 3106543759006176.0,
        "imag": 4296532978720940.5
      }
    ],
    [
      {
        "real": -533130644738316.44,
        "imag": -6606783253312635.0
      },
      {
        "real": -5996006404551181.0,
        "imag": 2.07119750965462e+16
      }
    ]
  ]
}