{
  "attrs": {},
  "name": "SCP_M2",
  "frequency_range": null,
  "allow_gain": false,
  "nonlinear_spec": null,
  "modulation_spec": null,
  "viz_spec": null,
  "heat_spec": null,
  "type": "PoleResidue",
  "eps_inf": 2.8689788945729156,
  "poles": [
    [
      {
        "real": -520961073953399.56,
        "imag": -5342020853857742.0
      },
      {
        "real": 7297386728549520.0,
        "imag": 1.254237127958825e+16
      }
    ],
    [
      {
        "real": -517497812652499.8,
        "imag": -6647467919624251.0
      },
      {
        "real": -5126134349155997.0,
        "imag": 1.5706203715302238e+16
      }
    ]
  ]
}