{
  "attrs": {},
  "name": "CP_M2",
  "frequency_range": null,
  "allow_gain": false,
  "nonlinear_spec": null,
  "modulation_spec": null,
  "viz_spec": null,
  "heat_spec": null,
  "type": "PoleResidue",
  "eps_inf": 2.3038425801205062,
  "poles": [
    [
      {
        "real": -274554124881685.12,
        "imag": -5102422905415851.0
      },
      {
        "real": 5569034577276717.0,
        "imag": 6201176330421084.0
      }
    ],
    [
      {
        "real": -588094209781045.6,
        "imag": -6532677611888461.0
      },
      {
        "real": -5390669496603315.0,
        "imag": 2.407528400452476e+16
      }
    ]
  ]
}