{
  "attrs": {},
  "name": "SCP_M2",
  "frequency_range": null,
  "allow_gain": false,
  "nonlinear_spec": null,
  "modulation_spec": null,
  "viz_spec": null,
  "heat_spec": null,
  "type": "PoleResidue",
  "eps_inf": 3.091704924948418,
  "poles": [
    [
      {
        "real": -520405614101432.4,
        "imag": -5322622815301735.0
      },
      {
        "real": 7704826323856468.0,
        "imag": 1.2113318131074022e+16
      }
    ],
    [
      {
        "real": -519618682517033.94,
        "imag": -6651098463649821.0
      },
      {
        "real": -5866823172116481.0,
        "imag": 1.5530122571490606e+16
      }
    ]
  ],
  "model_family": "SCP",
  "order_N": 2
}