{
  "attrs": {},
  "name": "SCP_M3",
  "frequency_range": null,
  "allow_gain": false,
  "nonlinear_spec": null,
  "modulation_spec": null,
  "viz_spec": null,
  "heat_spec": null,
  "type": "PoleResidue",
  "eps_inf": 1.694388590599516,
  "poles": [
    [
      {
        "real": -209005231657861.5,
        "imag": -5081108079080137.0
      },
      {
        "real": 2714959949715909.5,
        "imag": 4093206929700288.5
      }
    ],
    [
      {
        "real": -539801323930678.5,
        "imag": -5497875762093991.0
      },
      {
        "real": 3024115526179064.0,
        "imag": 5807090025032498.0
      }
    ],
    [
      {
        "real": -592255744454113.9,
        "imag": -6503729711173334.0
      },
      {
        "real": -2627643310643304.5,
        "imag": 2.086465272433495e+16
      }
    ]
  ]
}