{
  "attrs": {},
  "name": "CP_M1",
  "frequency_range": null,
  "allow_gain": false,
  "nonlinear_spec": null,
  "modulation_spec": null,
  "viz_spec": null,
  "heat_spec": null,
  "type": "PoleResidue",
  "eps_inf": 1.3648008371560902,
  "poles": [
    [
      {
        "real": -1637406880179246.2,
        "imag": -5149135754361509.0
      },
      {
        "real": 1.5834801943536134e+16,
        "imag": 2.2542508065144284e+16
      }
    ]
  ],
  "model_family": "CP",
  "order_N": 1
}