{
  "attrs": {},
  "name": "CP_M3",
  "frequency_range": null,
  "allow_gain": false,
  "nonlinear_spec": null,
  "modulation_spec": null,
  "viz_spec": null,
  "heat_spec": null,
  "type": "PoleResidue",
  "eps_inf": 0.5679261596428327,
  "poles": [
    [
      {
        "real": -245293142900563.28,
        "imag": -4380526186839921.0
      },
      {
        "real": 1796429583155484.0,
        "imag": 923636449171754.5
      }
    ],
    [
      {
        "real": -1131111383810830.2,
        "imag": -4623391873435267.0
      },
      {
        "real": 5644915254526273.0,
        "imag": 1.148798082490806e+16
      }
    ],
    [
      {
        "real": -429624632899566.7,
        "imag": -7600470353131813.0
      },
      {
        "real": -4668894358066799.0,
        "imag": 1.7125929660932116e+16
      }
    ]
  ],
  "model_family": "CP",
  "order_N": 3
}