{
  "attrs": {},
  "name": "SCP_M1",
  "frequency_range": null,
  "allow_gain": false,
  "nonlinear_spec": null,
  "modulation_spec": null,
  "viz_spec": null,
  "heat_spec": null,
  "type": "PoleResidue",
  "eps_inf": 0.7834390147404671,
  "poles": [
    [
      {
        "real": -1889944100873523.5,
        "imag": -4490457292462374.0
      },
      {
        "real": 1.9989723205072004e+16,
        "imag": 2.036868466065529e+16
      }
    ]
  ]
}