{
  "attrs": {},
  "name": "CP_M1",
  "frequency_range": null,
  "allow_gain": false,
  "nonlinear_spec": null,
  "modulation_spec": null,
  "viz_spec": null,
  "heat_spec": null,
  "type": "PoleResidue",
  "eps_inf": 5.895788400844613,
  "poles": [
    [
      {
        "real": -4532599231917.506,
        "imag": -389394106636211.4
      },
      {
        "real": 1398984395484314.8,
        "imag": 2.6867430004397526e+17
      }
    ]
  ]
}