{
  "attrs": {},
  "name": "SCP_M2",
  "frequency_range": null,
  "allow_gain": false,
  "nonlinear_spec": null,
  "modulation_spec": null,
  "viz_spec": null,
  "heat_spec": null,
  "type": "PoleResidue",
  "eps_inf": 3.308888087727862,
  "poles": [
    [
      {
        "real": -6283185307.179587,
        "imag": -88935249211601.64
      },
      {
        "real": 1046208589407329.0,
        "imag": 1.098795467456825e+18
      }
    ],
    [
      {
        "real": -377153147789691.75,
        "imag": -6381469025916300.0
      },
      {
        "real": 759244725721274.2,
        "imag": 1324225799900067.8
      }
    ]
  ]
}