{
  "attrs": {},
  "name": "CP_M3",
  "frequency_range": null,
  "allow_gain": false,
  "nonlinear_spec": null,
  "modulation_spec": null,
  "viz_spec": null,
  "heat_spec": null,
  "type": "PoleResidue",
  "eps_inf": 2.9514452916077376,
  "poles": [
    [
      {
        "real": -424459044898001.9,
        "imag": -102292751094223.39
      },
      {
        "real": 1.7728897088951048e+19,
        "imag": 8.889947128605003e+18
      }
    ],
    [
      {
        "real": -347367773587677.3,
        "imag": -126758145183131.84
      },
      {
        "real": -1.7727720960253168e+19,
        "imag": 4.3668039357046764e+18
      }
    ],
    [
      {
        "real": -440861597358614.3,
        "imag": -6405138736840422.0
      },
      {
        "real": 1045459894529709.4,
        "imag": 1492547999797144.8
      }
    ]
  ],
  "model_family": "CP",
  "order_N": 3
}