{
  "attrs": {},
  "name": "SCP_M3",
  "frequency_range": null,
  "allow_gain": false,
  "nonlinear_spec": null,
  "modulation_spec": null,
  "viz_spec": null,
  "heat_spec": null,
  "type": "PoleResidue",
  "eps_inf": 2.3956451239731646,
  "poles": [
    [
      {
        "real": -6434214715.351807,
        "imag": -141221179684169.5
      },
      {
        "real": 967736220898333.1,
        "imag": 6.817076909093736e+17
      }
    ],
    [
      {
        "real": -993269584074756.0,
        "imag": -6545398215018905.0
      },
      {
        "real": 1798615414259582.5,
        "imag": 2974528312485827.5
      }
    ],
    [
      {
        "real": -339407683408065.4,
        "imag": -5999667007074227.0
      },
      {
        "real": 309687378954545.7,
        "imag": -282290900957108.8
      }
    ]
  ]
}