{
  "attrs": {},
  "name": "CP_M2",
  "frequency_range": null,
  "allow_gain": false,
  "nonlinear_spec": null,
  "modulation_spec": null,
  "viz_spec": null,
  "heat_spec": null,
  "type": "PoleResidue",
  "eps_inf": 2.4991806591582733,
  "poles": [
    [
      {
        "real": -11736491597101.543,
        "imag": -802705470725913.1
      },
      {
        "real": 895417488503709.9,
        "imag": 1.0417636444999288e+17
      }
    ],
    [
      {
        "real": -307446766202215.5,
        "imag": -6334469724507255.0
      },
      {
        "real": 623554455736376.9,
        "imag": 1229940178569986.8
      }
    ]
  ]
}