{
  "attrs": {},
  "name": "CP_M3",
  "frequency_range": null,
  "allow_gain": false,
  "nonlinear_spec": null,
  "modulation_spec": null,
  "viz_spec": null,
  "heat_spec": null,
  "type": "PoleResidue",
  "eps_inf": 2.4330316250231188,
  "poles": [
    [
      {
        "real": -4532599231917.506,
        "imag": -389394106636211.4
      },
      {
        "real": 1672803283503979.2,
        "imag": 2.3837889055471075e+17
      }
    ],
    [
      {
        "real": -868092540076219.2,
        "imag": -5473718582012947.0
      },
      {
        "real": 984106567982247.5,
        "imag": 1128707806540756.0
      }
    ],
    [
      {
        "real": -447275593656242.56,
        "imag": -6075229621987575.0
      },
      {
        "real": 1510814042283180.0,
        "imag": -196774136150104.03
      }
    ]
  ]
}