{
  "attrs": {},
  "name": "CP_M3",
  "frequency_range": null,
  "allow_gain": false,
  "nonlinear_spec": null,
  "modulation_spec": null,
  "viz_spec": null,
  "heat_spec": null,
  "type": "PoleResidue",
  "eps_inf": 2.174012278175056,
  "poles": [
    [
      {
        "real": -10299109349933.79,
        "imag": -404602633571951.94
      },
      {
        "real": 1832955611382360.2,
        "imag": 2.277780917050391e+17
      }
    ],
    [
      {
        "real": -1419229222452921.5,
        "imag": -5299827181631589.0
      },
      {
        "real": 2695533186917875.5,
        "imag": 388757251364112.25
      }
    ],
    [
      {
        "real": -352799867305617.25,
        "imag": -6060830039020555.0
      },
      {
        "real": 862082472827285.2,
        "imag": -88166205879930.39
      }
    ]
  ]
}