{
  "attrs": {},
  "name": "CP_M1",
  "frequency_range": null,
  "allow_gain": false,
  "nonlinear_spec": null,
  "modulation_spec": null,
  "viz_spec": null,
  "heat_spec": null,
  "type": "PoleResidue",
  "eps_inf": 5.972107547902505,
  "poles": [
    [
      {
        "real": -26240254443477.14,
        "imag": -300914823978142.2
      },
      {
        "real": 1211734295416986.8,
        "imag": 3.524310015346983e+17
      }
    ]
  ]
}