{
  "attrs": {},
  "name": "RP_M2",
  "frequency_range": null,
  "allow_gain": false,
  "nonlinear_spec": null,
  "modulation_spec": null,
  "viz_spec": null,
  "heat_spec": null,
  "type": "PoleResidue",
  "eps_inf": 3.8745517117985053,
  "poles": [
    [
      {
        "real": -160378551672831.16,
        "imag": 302727833464897.9
      },
      {
        "real": -2.94520304518372e+17,
        "imag": -2.0872580809452864e+17
      }
    ],
    [
      {
        "real": -53693199001056.055,
        "imag": 0.0002433995571779708
      },
      {
        "real": 2.951303861136165e+17,
        "imag": 0.0
      }
    ]
  ],
  "model_family": "RP",
  "order_N": 2
}