{
  "attrs": {},
  "name": "SCP_M1",
  "frequency_range": null,
  "allow_gain": false,
  "nonlinear_spec": null,
  "modulation_spec": null,
  "viz_spec": null,
  "heat_spec": null,
  "type": "PoleResidue",
  "eps_inf": 6.085387194139888,
  "poles": [
    [
      {
        "real": -6283185311.595234,
        "imag": -85622679776940.52
      },
      {
        "real": 1448541721462532.5,
        "imag": 1.2620422287478996e+18
      }
    ]
  ]
}