{
  "attrs": {},
  "name": "SCP_M1",
  "frequency_range": null,
  "allow_gain": false,
  "nonlinear_spec": null,
  "modulation_spec": null,
  "viz_spec": null,
  "heat_spec": null,
  "type": "PoleResidue",
  "eps_inf": 3.0710244938829447,
  "poles": [
    [
      {
        "real": -1490688239440850.2,
        "imag": -4950604112848651.0
      },
      {
        "real": 9525967829561552.0,
        "imag": 1.654759797851511e+16
      }
    ]
  ]
}