{
  "attrs": {},
  "name": "CP_M3",
  "frequency_range": null,
  "allow_gain": false,
  "nonlinear_spec": null,
  "modulation_spec": null,
  "viz_spec": null,
  "heat_spec": null,
  "type": "PoleResidue",
  "eps_inf": 2.2969024210838067,
  "poles": [
    [
      {
        "real": -328255069328949.9,
        "imag": -4774589662705982.0
      },
      {
        "real": 1321495171813091.0,
        "imag": 3185411794473478.5
      }
    ],
    [
      {
        "real": -2204258208521344.2,
        "imag": -5104334493971440.0
      },
      {
        "real": 4615323162985155.0,
        "imag": 1.1588813134933052e+16
      }
    ],
    [
      {
        "real": -586144329906345.4,
        "imag": -7535591854226167.0
      },
      {
        "real": -3462068136181075.5,
        "imag": 9300601182862388.0
      }
    ]
  ]
}