{
  "attrs": {},
  "name": "SCP_M3",
  "frequency_range": null,
  "allow_gain": false,
  "nonlinear_spec": null,
  "modulation_spec": null,
  "viz_spec": null,
  "heat_spec": null,
  "type": "PoleResidue",
  "eps_inf": 2.7723325617451176,
  "poles": [
    [
      {
        "real": -1890456057984931.0,
        "imag": -6105646371116072.0
      },
      {
        "real": -4392363563968321.5,
        "imag": 419123884120737.8
      }
    ],
    [
      {
        "real": -747528918214832.0,
        "imag": -6589598427990230.0
      },
      {
        "real": 4523620329156930.0,
        "imag": 6532370156516348.0
      }
    ],
    [
      {
        "real": -477189237965588.3,
        "imag": -1.037013449743069e+16
      },
      {
        "real": 3313435825165946.0,
        "imag": 3658328633322141.0
      }
    ]
  ]
}