{
  "attrs": {},
  "name": "CP_M2",
  "frequency_range": null,
  "allow_gain": false,
  "nonlinear_spec": null,
  "modulation_spec": null,
  "viz_spec": null,
  "heat_spec": null,
  "type": "PoleResidue",
  "eps_inf": 1.7673196817740484,
  "poles": [
    [
      {
        "real": -5145551275466.312,
        "imag": -426511241450573.6
      },
      {
        "real": 179987374277.7859,
        "imag": 69545729114685.61
      }
    ],
    [
      {
        "real": -158640932003935.62,
        "imag": -1.4578672823339222e+16
      },
      {
        "real": 116031093069827.5,
        "imag": 7121648726135195.0
      }
    ]
  ]
}