{
  "attrs": {},
  "name": "CP_M1",
  "frequency_range": null,
  "allow_gain": false,
  "nonlinear_spec": null,
  "modulation_spec": null,
  "viz_spec": null,
  "heat_spec": null,
  "type": "PoleResidue",
  "eps_inf": 1.5683754154437366,
  "poles": [
    [
      {
        "real": -190274292862202.94,
        "imag": -1.5071667106809128e+16
      },
      {
        "real": 178117793082114.12,
        "imag": 8747232286434416.0
      }
    ]
  ],
  "model_family": "CP",
  "order_N": 1
}