{
  "attrs": {},
  "name": "CP_M2",
  "frequency_range": null,
  "allow_gain": false,
  "nonlinear_spec": null,
  "modulation_spec": null,
  "viz_spec": null,
  "heat_spec": null,
  "type": "PoleResidue",
  "eps_inf": 1.751654844289107,
  "poles": [
    [
      {
        "real": -14408962506372.756,
        "imag": -143868782554821.9
      },
      {
        "real": 113426709202.8122,
        "imag": 219541905017446.84
      }
    ],
    [
      {
        "real": -191785966115542.0,
        "imag": -1.4686413400687802e+16
      },
      {
        "real": 154088087325989.12,
        "imag": 7290963987299083.0
      }
    ]
  ]
}