{
  "attrs": {},
  "name": "CP_M3",
  "frequency_range": null,
  "allow_gain": false,
  "nonlinear_spec": null,
  "modulation_spec": null,
  "viz_spec": null,
  "heat_spec": null,
  "type": "PoleResidue",
  "eps_inf": 1.7833727341601187,
  "poles": [
    [
      {
        "real": -5162984462299.612,
        "imag": -385534744689395.44
      },
      {
        "real": 139652631875.77527,
        "imag": 77306545618794.64
      }
    ],
    [
      {
        "real": -134177622880963.89,
        "imag": -6416238458059145.0
      },
      {
        "real": -162118362201.6464,
        "imag": -522901914394.3611
      }
    ],
    [
      {
        "real": -146752291024510.16,
        "imag": -1.4448122049815894e+16
      },
      {
        "real": 101718507001630.38,
        "imag": 6942574652451844.0
      }
    ]
  ],
  "model_family": "CP",
  "order_N": 3
}