{
  "attrs": {},
  "name": "CP_M3",
  "frequency_range": null,
  "allow_gain": false,
  "nonlinear_spec": null,
  "modulation_spec": null,
  "viz_spec": null,
  "heat_spec": null,
  "type": "PoleResidue",
  "eps_inf": 1.7778640102247871,
  "poles": [
    [
      {
        "real": -5547745193378.261,
        "imag": -385301150533659.6
      },
      {
        "real": 127322489683.61465,
        "imag": 76859830608488.67
      }
    ],
    [
      {
        "real": -153928674993598.16,
        "imag": -6511138985877607.0
      },
      {
        "real": -185179935328.6544,
        "imag": -924049053493.1466
      }
    ],
    [
      {
        "real": -150869896521453.72,
        "imag": -1.4468442596708922e+16
      },
      {
        "real": 106190113939644.67,
        "imag": 6991999992687487.0
      }
    ]
  ]
}