{
  "attrs": {},
  "name": "SCP_M3",
  "frequency_range": null,
  "allow_gain": false,
  "nonlinear_spec": null,
  "modulation_spec": null,
  "viz_spec": null,
  "heat_spec": null,
  "type": "PoleResidue",
  "eps_inf": 1.5867659509036784,
  "poles": [
    [
      {
        "real": -2982883346798.85,
        "imag": -85623971331991.19
      },
      {
        "real": 31446608497.832413,
        "imag": 352476383401542.56
      }
    ],
    [
      {
        "real": -156489153463644.47,
        "imag": -8178222094103452.0
      },
      {
        "real": 878604534336.4033,
        "imag": 8837120067067.787
      }
    ],
    [
      {
        "real": -114762028402010.5,
        "imag": -1.571239877802522e+16
      },
      {
        "real": 74130592330366.31,
        "imag": 9070280101223072.0
      }
    ]
  ]
}