{
  "attrs": {},
  "name": "SCP_M2",
  "frequency_range": null,
  "allow_gain": false,
  "nonlinear_spec": null,
  "modulation_spec": null,
  "viz_spec": null,
  "heat_spec": null,
  "type": "PoleResidue",
  "eps_inf": 1.6417457551149428,
  "poles": [
    [
      {
        "real": -1700407524861.1934,
        "imag": -85622679882758.08
      },
      {
        "real": 68194132736.2581,
        "imag": 354353395166107.56
      }
    ],
    [
      {
        "real": -113756762069052.48,
        "imag": -1.5324967098481254e+16
      },
      {
        "real": 72813503703874.48,
        "imag": 8443017896931643.0
      }
    ]
  ]
}