{
  "attrs": {},
  "name": "SCP_M3",
  "frequency_range": null,
  "allow_gain": false,
  "nonlinear_spec": null,
  "modulation_spec": null,
  "viz_spec": null,
  "heat_spec": null,
  "type": "PoleResidue",
  "eps_inf": 1.590384870958479,
  "poles": [
    [
      {
        "real": -2859546632114.286,
        "imag": -85624426074689.75
      },
      {
        "real": 35304904771.28549,
        "imag": 352384385575844.44
      }
    ],
    [
      {
        "real": -154749647243072.2,
        "imag": -7894509790511950.0
      },
      {
        "real": 674655014601.174,
        "imag": 5675790767373.4
      }
    ],
    [
      {
        "real": -116205066182493.12,
        "imag": -1.5676706059898278e+16
      },
      {
        "real": 76065618258467.11,
        "imag": 9026934330106262.0
      }
    ]
  ]
}