{
  "attrs": {},
  "name": "CP_M1",
  "frequency_range": null,
  "allow_gain": false,
  "nonlinear_spec": null,
  "modulation_spec": null,
  "viz_spec": null,
  "heat_spec": null,
  "type": "PoleResidue",
  "eps_inf": 1.6429213543213836,
  "poles": [
    [
      {
        "real": -170821392223657.16,
        "imag": -1.465461239605856e+16
      },
      {
        "real": 144523154482183.2,
        "imag": 7961312900405219.0
      }
    ]
  ]
}