{
  "attrs": {},
  "name": "CP_M3",
  "frequency_range": null,
  "allow_gain": false,
  "nonlinear_spec": null,
  "modulation_spec": null,
  "viz_spec": null,
  "heat_spec": null,
  "type": "PoleResidue",
  "eps_inf": 1.7776803103576677,
  "poles": [
    [
      {
        "real": -5391985884730.537,
        "imag": -383673418143923.9
      },
      {
        "real": 126023379301.0582,
        "imag": 77255076347903.11
      }
    ],
    [
      {
        "real": -143091516243347.88,
        "imag": -6504060635021028.0
      },
      {
        "real": -160258674803.52844,
        "imag": -877923864028.1876
      }
    ],
    [
      {
        "real": -149189332185140.0,
        "imag": -1.4471131202341204e+16
      },
      {
        "real": 104271882036211.31,
        "imag": 6994619582240991.0
      }
    ]
  ]
}