{
  "attrs": {},
  "name": "RP_M1",
  "frequency_range": null,
  "allow_gain": false,
  "nonlinear_spec": null,
  "modulation_spec": null,
  "viz_spec": null,
  "heat_spec": null,
  "type": "PoleResidue",
  "eps_inf": 1.701034382888934,
  "poles": [
    [
      {
        "real": -107118507467096.83,
        "imag": -1.433902557190396e+16
      },
      {
        "real": 65256182139195.34,
        "imag": 7376611618695311.0
      }
    ]
  ]
}