{
  "attrs": {},
  "name": "SCP_M3",
  "frequency_range": null,
  "allow_gain": false,
  "nonlinear_spec": null,
  "modulation_spec": null,
  "viz_spec": null,
  "heat_spec": null,
  "type": "PoleResidue",
  "eps_inf": 2.5557201808759107,
  "poles": [
    [
      {
        "real": -36367930284617.01,
        "imag": -93708061489476.45
      },
      {
        "real": 107772762308371.64,
        "imag": 9.370805126049018e+17
      }
    ],
    [
      {
        "real": -722769651808237.9,
        "imag": -4093104095712537.5
      },
      {
        "real": 1723076616470199.2,
        "imag": 2448881545599483.5
      }
    ],
    [
      {
        "real": -1825382567360963.5,
        "imag": -5853025440827733.0
      },
      {
        "real": 3523937998388592.0,
        "imag": 6842307097989926.0
      }
    ]
  ]
}