{
  "attrs": {},
  "name": "CP_M2",
  "frequency_range": null,
  "allow_gain": false,
  "nonlinear_spec": null,
  "modulation_spec": null,
  "viz_spec": null,
  "heat_spec": null,
  "type": "PoleResidue",
  "eps_inf": 0.6748420305478562,
  "poles": [
    [
      {
        "real": -125458362297521.7,
        "imag": -736705777970089.4
      },
      {
        "real": -4705641883706674.0,
        "imag": 1.1145526082963368e+17
      }
    ],
    [
      {
        "real": -2392274204106014.0,
        "imag": -4176211070693493.5
      },
      {
        "real": 1.3627186886040468e+16,
        "imag": 1.183141094858786e+16
      }
    ]
  ]
}