{
  "attrs": {},
  "name": "CP_M3",
  "frequency_range": null,
  "allow_gain": false,
  "nonlinear_spec": null,
  "modulation_spec": null,
  "viz_spec": null,
  "heat_spec": null,
  "type": "PoleResidue",
  "eps_inf": 0.5375826534460821,
  "poles": [
    [
      {
        "real": -296358983648377.44,
        "imag": -428264075723977.1
      },
      {
        "real": -3.946638286490104e+17,
        "imag": 6.148116714229009e+17
      }
    ],
    [
      {
        "real": -839861263804911.5,
        "imag": -780479778309672.4
      },
      {
        "real": 3.535037814342947e+17,
        "imag": 1.7893090601410752e+17
      }
    ],
    [
      {
        "real": -2270118942838843.5,
        "imag": -2466153679214652.5
      },
      {
        "real": 5.769616066597054e+16,
        "imag": -1.451764359102557e+16
      }
    ]
  ]
}