{
  "attrs": {},
  "name": "CP_M2",
  "frequency_range": null,
  "allow_gain": false,
  "nonlinear_spec": null,
  "modulation_spec": null,
  "viz_spec": null,
  "heat_spec": null,
  "type": "PoleResidue",
  "eps_inf": 0.6897365371931524,
  "poles": [
    [
      {
        "real": -125200141588077.45,
        "imag": -736589728240413.5
      },
      {
        "real": -4710804825023800.0,
        "imag": 1.1149187080105797e+17
      }
    ],
    [
      {
        "real": -2395420103046229.5,
        "imag": -4182923497041122.5
      },
      {
        "real": 1.3568164183194114e+16,
        "imag": 1.191434014183725e+16
      }
    ]
  ],
  "model_family": "CP",
  "order_N": 2
}