{
  "attrs": {},
  "name": "CP_M3",
  "frequency_range": null,
  "allow_gain": false,
  "nonlinear_spec": null,
  "modulation_spec": null,
  "viz_spec": null,
  "heat_spec": null,
  "type": "PoleResidue",
  "eps_inf": 0.7432920680160161,
  "poles": [
    [
      {
        "real": -132160516423207.5,
        "imag": -380244398190993.56
      },
      {
        "real": -1.0674581797969092e+16,
        "imag": 2.6985043627128112e+17
      }
    ],
    [
      {
        "real": -1298048582917366.5,
        "imag": -382740902410313.1
      },
      {
        "real": 2.4347589116564376e+16,
        "imag": -8.063429748303504e+16
      }
    ],
    [
      {
        "real": -854789187622326.2,
        "imag": -3575948711187833.0
      },
      {
        "real": 3374936801640233.5,
        "imag": -2197594687738613.2
      }
    ]
  ]
}