{
  "attrs": {},
  "name": "SCP_M1",
  "frequency_range": null,
  "allow_gain": false,
  "nonlinear_spec": null,
  "modulation_spec": null,
  "viz_spec": null,
  "heat_spec": null,
  "type": "PoleResidue",
  "eps_inf": 5.445346015653814,
  "poles": [
    [
      {
        "real": -22887524775582.805,
        "imag": -545528917603432.94
      },
      {
        "real": 6169070056668685.0,
        "imag": 1.2775363123426538e+17
      }
    ]
  ]
}