{
  "attrs": {},
  "name": "CP_M1",
  "frequency_range": null,
  "allow_gain": false,
  "nonlinear_spec": null,
  "modulation_spec": null,
  "viz_spec": null,
  "heat_spec": null,
  "type": "PoleResidue",
  "eps_inf": 5.518206672456185,
  "poles": [
    [
      {
        "real": -18913890716423.64,
        "imag": -683460169415389.5
      },
      {
        "real": 6082237611303630.0,
        "imag": 1.0121468583171494e+17
      }
    ]
  ]
}