{
  "attrs": {},
  "name": "SCP_M2",
  "frequency_range": null,
  "allow_gain": false,
  "nonlinear_spec": null,
  "modulation_spec": null,
  "viz_spec": null,
  "heat_spec": null,
  "type": "PoleResidue",
  "eps_inf": 1.858681197900904,
  "poles": [
    [
      {
        "real": -1310143479450546.8,
        "imag": -3617595313507293.0
      },
      {
        "real": 8855066281315167.0,
        "imag": -999626817069513.9
      }
    ],
    [
      {
        "real": -6283185366.393006,
        "imag": -85622682341784.3
      },
      {
        "real": 4231300549499462.0,
        "imag": 9.644421866155013e+17
      }
    ]
  ]
}