{
  "attrs": {},
  "name": "RP_M2",
  "frequency_range": null,
  "allow_gain": false,
  "nonlinear_spec": null,
  "modulation_spec": null,
  "viz_spec": null,
  "heat_spec": null,
  "type": "PoleResidue",
  "eps_inf": 1.7422134491686017,
  "poles": [
    [
      {
        "real": -1281349975316458.5,
        "imag": 3655299039764999.0
      },
      {
        "real": 8408253884193774.0,
        "imag": -326951704180487.44
      }
    ],
    [
      {
        "real": -21823760856418.676,
        "imag": 393512281952773.4
      },
      {
        "real": 2583924005530520.5,
        "imag": -2.038772876696857e+17
      }
    ]
  ],
  "model_family": "RP",
  "order_N": 2
}