{
  "attrs": {},
  "name": "RP_M2",
  "frequency_range": null,
  "allow_gain": false,
  "nonlinear_spec": null,
  "modulation_spec": null,
  "viz_spec": null,
  "heat_spec": null,
  "type": "PoleResidue",
  "eps_inf": 0.25549431028142244,
  "poles": [
    [
      {
        "real": -44922318949796.39,
        "imag": -876820731506987.2
      },
      {
        "real": 1529953733529374.0,
        "imag": 7.184952599049691e+16
      }
    ],
    [
      {
        "real": -1026779297550144.2,
        "imag": -3584283849530800.5
      },
      {
        "real": 6210473217734785.0,
        "imag": 224239173956375.12
      }
    ]
  ]
}