{
  "attrs": {},
  "name": "CP_M1",
  "frequency_range": null,
  "allow_gain": false,
  "nonlinear_spec": null,
  "modulation_spec": null,
  "viz_spec": null,
  "heat_spec": null,
  "type": "PoleResidue",
  "eps_inf": 3.751280757887774,
  "poles": [
    [
      {
        "real": -37031413526432.89,
        "imag": -766414506664000.2
      },
      {
        "real": 6664550153395589.0,
        "imag": 7.389003068241053e+16
      }
    ]
  ]
}