{
  "attrs": {},
  "name": "SCP_M3",
  "frequency_range": null,
  "allow_gain": false,
  "nonlinear_spec": null,
  "modulation_spec": null,
  "viz_spec": null,
  "heat_spec": null,
  "type": "PoleResidue",
  "eps_inf": 0.9337906844321919,
  "poles": [
    [
      {
        "real": -13856986803744.902,
        "imag": -85622998834306.62
      },
      {
        "real": 7084238036724923.0,
        "imag": 7.977966891980815e+17
      }
    ],
    [
      {
        "real": -3462125049128573.0,
        "imag": -234214437525059.94
      },
      {
        "real": 1.1279150897974864e+16,
        "imag": -1.90536397143958e+17
      }
    ],
    [
      {
        "real": -372346059203739.7,
        "imag": -3318648532490920.0
      },
      {
        "real": 1132446388349918.5,
        "imag": -403589714003538.56
      }
    ]
  ]
}