{
  "attrs": {},
  "name": "SCP_M2",
  "frequency_range": null,
  "allow_gain": false,
  "nonlinear_spec": null,
  "modulation_spec": null,
  "viz_spec": null,
  "heat_spec": null,
  "type": "PoleResidue",
  "eps_inf": 2.8145788700670895,
  "poles": [
    [
      {
        "real": -6283187517.758577,
        "imag": -85622679782747.25
      },
      {
        "real": 7472684343150069.0,
        "imag": 7.951929262062163e+17
      }
    ],
    [
      {
        "real": -730120598938119.1,
        "imag": -3188793239438983.5
      },
      {
        "real": 2904156743905913.0,
        "imag": -1923457815133252.2
      }
    ]
  ]
}