{
  "attrs": {},
  "name": "CP_M3",
  "frequency_range": null,
  "allow_gain": false,
  "nonlinear_spec": null,
  "modulation_spec": null,
  "viz_spec": null,
  "heat_spec": null,
  "type": "PoleResidue",
  "eps_inf": 2.251619897237675,
  "poles": [
    [
      {
        "real": -70584896060877.4,
        "imag": -737132333968435.6
      },
      {
        "real": -3020081111257099.5,
        "imag": 9.659830493253971e+16
      }
    ],
    [
      {
        "real": -1654085271878595.0,
        "imag": -2103121566737284.0
      },
      {
        "real": 1.0231825375769386e+16,
        "imag": 1.3113796513142284e+16
      }
    ],
    [
      {
        "real": -875482721883016.8,
        "imag": -3016949709078345.5
      },
      {
        "real": 1654798260131689.8,
        "imag": -5608307330124465.0
      }
    ]
  ]
}