{
  "attrs": {},
  "name": "RP_M2",
  "frequency_range": null,
  "allow_gain": false,
  "nonlinear_spec": null,
  "modulation_spec": null,
  "viz_spec": null,
  "heat_spec": null,
  "type": "PoleResidue",
  "eps_inf": 1.063550179086997,
  "poles": [
    [
      {
        "real": -39984155338571.336,
        "imag": -875010793111460.4
      },
      {
        "real": 4127772966814588.0,
        "imag": 5.928898718676028e+16
      }
    ],
    [
      {
        "real": -546146831997423.5,
        "imag": -3250364245398755.5
      },
      {
        "real": 2151291502008049.2,
        "imag": -803476034572415.8
      }
    ]
  ]
}