{
  "attrs": {},
  "name": "RP_M2",
  "frequency_range": null,
  "allow_gain": false,
  "nonlinear_spec": null,
  "modulation_spec": null,
  "viz_spec": null,
  "heat_spec": null,
  "type": "PoleResidue",
  "eps_inf": 2.9165495977511706,
  "poles": [
    [
      {
        "real": -617291962194626.8,
        "imag": 3269382116697424.0
      },
      {
        "real": 2567295879453087.5,
        "imag": 759345683423227.0
      }
    ],
    [
      {
        "real": -32316761818099.273,
        "imag": 316900880091278.3
      },
      {
        "real": 5285774834434625.0,
        "imag": -2.1272465935793078e+17
      }
    ]
  ],
  "model_family": "RP",
  "order_N": 2
}