{
  "attrs": {},
  "name": "RP_M1",
  "frequency_range": null,
  "allow_gain": false,
  "nonlinear_spec": null,
  "modulation_spec": null,
  "viz_spec": null,
  "heat_spec": null,
  "type": "PoleResidue",
  "eps_inf": 2.8601977696752847,
  "poles": [
    [
      {
        "real": -99209253792887.56,
        "imag": -926837192641267.6
      },
      {
        "real": 1156202151951628.8,
        "imag": 5.715233468030053e+16
      }
    ]
  ]
}