{
  "attrs": {},
  "name": "RP_M3",
  "frequency_range": null,
  "allow_gain": false,
  "nonlinear_spec": null,
  "modulation_spec": null,
  "viz_spec": null,
  "heat_spec": null,
  "type": "PoleResidue",
  "eps_inf": 1.3857259427769855,
  "poles": [
    [
      {
        "real": -342107784360918.25,
        "imag": -722114417694693.0
      },
      {
        "real": -4.67480407324876e+16,
        "imag": 1.408475190965887e+17
      }
    ],
    [
      {
        "real": -1509745002130669.5,
        "imag": -1238592157644112.8
      },
      {
        "real": 5.038234562852947e+16,
        "imag": 2.314235119238284e+16
      }
    ],
    [
      {
        "real": -344888529714596.6,
        "imag": -3327121118040681.0
      },
      {
        "real": 1406762326297430.0,
        "imag": -1167417517510385.0
      }
    ]
  ]
}