{
  "attrs": {},
  "name": "RP_M3",
  "frequency_range": null,
  "allow_gain": false,
  "nonlinear_spec": null,
  "modulation_spec": null,
  "viz_spec": null,
  "heat_spec": null,
  "type": "PoleResidue",
  "eps_inf": 1.066641098354948,
  "poles": [
    [
      {
        "real": -546289653501683.7,
        "imag": -3250302968806940.5
      },
      {
        "real": 2152037382240383.8,
        "imag": -802684009805633.8
      }
    ],
    [
      {
        "real": -39767833246218.52,
        "imag": -875609930123372.5
      },
      {
        "real": 4127157029339182.0,
        "imag": 5.925279389594929e+16
      }
    ],
    [
      {
        "real": -2192540173710.2327,
        "imag": -1868660892823550.5
      },
      {
        "real": 1924379931647.2314,
        "imag": 844953526210.4349
      }
    ]
  ]
}