{
  "attrs": {},
  "name": "SCP_M1",
  "frequency_range": null,
  "allow_gain": false,
  "nonlinear_spec": null,
  "modulation_spec": null,
  "viz_spec": null,
  "heat_spec": null,
  "type": "PoleResidue",
  "eps_inf": 8.718785338188635,
  "poles": [
    [
      {
        "real": -6283185307.179587,
        "imag": -104649941949581.16
      },
      {
        "real": 7170363896719935.0,
        "imag": 8.362953628358058e+17
      }
    ]
  ]
}