{
  "attrs": {},
  "name": "SCP_M1",
  "frequency_range": null,
  "allow_gain": false,
  "nonlinear_spec": null,
  "modulation_spec": null,
  "viz_spec": null,
  "heat_spec": null,
  "type": "PoleResidue",
  "eps_inf": 3.7369858333578407,
  "poles": [
    [
      {
        "real": -108162524486029.39,
        "imag": -94636532423189.2
      },
      {
        "real": 6048376661094767.0,
        "imag": 5.905329747594665e+17
      }
    ]
  ]
}