{
  "attrs": {},
  "name": "SCP_M1",
  "frequency_range": null,
  "allow_gain": false,
  "nonlinear_spec": null,
  "modulation_spec": null,
  "viz_spec": null,
  "heat_spec": null,
  "type": "PoleResidue",
  "eps_inf": 4.0086201441862155,
  "poles": [
    [
      {
        "real": -89352690748151.92,
        "imag": -85622679784987.23
      },
      {
        "real": 5553576288269558.0,
        "imag": 6.741217454577564e+17
      }
    ]
  ]
}