{
  "attrs": {},
  "name": "CP_M1",
  "frequency_range": null,
  "allow_gain": false,
  "nonlinear_spec": null,
  "modulation_spec": null,
  "viz_spec": null,
  "heat_spec": null,
  "type": "PoleResidue",
  "eps_inf": 4.35261624977102,
  "poles": [
    [
      {
        "real": -109993082105098.44,
        "imag": -811846341141269.0
      },
      {
        "real": 4691943181730872.0,
        "imag": 6.953289578876354e+16
      }
    ]
  ]
}