{
  "attrs": {},
  "name": "CP_M3",
  "frequency_range": null,
  "allow_gain": false,
  "nonlinear_spec": null,
  "modulation_spec": null,
  "viz_spec": null,
  "heat_spec": null,
  "type": "PoleResidue",
  "eps_inf": 0.9955615447975908,
  "poles": [
    [
      {
        "real": -640447352045090.8,
        "imag": -2853256786867580.0
      },
      {
        "real": 825620865836871.6,
        "imag": 72464073620898.3
      }
    ],
    [
      {
        "real": -2627566526564913.5,
        "imag": -4301792809617752.5
      },
      {
        "real": -1896626677977866.8,
        "imag": 1273451398534914.5
      }
    ],
    [
      {
        "real": -1553312292504015.5,
        "imag": -7340280586817437.0
      },
      {
        "real": 1059290150806228.9,
        "imag": 1.5679345366160058e+16
      }
    ]
  ]
}