{
  "attrs": {},
  "name": "SCP_M3",
  "frequency_range": null,
  "allow_gain": false,
  "nonlinear_spec": null,
  "modulation_spec": null,
  "viz_spec": null,
  "heat_spec": null,
  "type": "PoleResidue",
  "eps_inf": 2.586229022436181,
  "poles": [
    [
      {
        "real": -181319579962704.03,
        "imag": -5068797069271413.0
      },
      {
        "real": 2275887601326627.5,
        "imag": 3119672112715081.5
      }
    ],
    [
      {
        "real": -593633462610592.2,
        "imag": -5279270046955812.0
      },
      {
        "real": 6492268709612402.0,
        "imag": 4894484403350506.0
      }
    ],
    [
      {
        "real": -562923975897336.75,
        "imag": -6588752262596884.0
      },
      {
        "real": -8157546575036429.0,
        "imag": 2.0704737373827916e+16
      }
    ]
  ]
}