{
  "attrs": {},
  "name": "CP_M1",
  "frequency_range": null,
  "allow_gain": false,
  "nonlinear_spec": null,
  "modulation_spec": null,
  "viz_spec": null,
  "heat_spec": null,
  "type": "PoleResidue",
  "eps_inf": 0.45032069755899096,
  "poles": [
    [
      {
        "real": -754474311126950.9,
        "imag": -6323920178846235.0
      },
      {
        "real": 4607576261602937.0,
        "imag": 3.74657896796412e+16
      }
    ]
  ]
}