{
  "attrs": {},
  "name": "SCP_M3",
  "frequency_range": null,
  "allow_gain": false,
  "nonlinear_spec": null,
  "modulation_spec": null,
  "viz_spec": null,
  "heat_spec": null,
  "type": "PoleResidue",
  "eps_inf": 0.7655414383984204,
  "poles": [
    [
      {
        "real": -76419507463386.75,
        "imag": -85622679776933.78
      },
      {
        "real": 5716435414266362.0,
        "imag": 2.1428708930594593e+18
      }
    ],
    [
      {
        "real": -1406120636966094.5,
        "imag": -2862177302609583.0
      },
      {
        "real": -4228794781692683.0,
        "imag": 1.3229780898793462e+16
      }
    ],
    [
      {
        "real": -287410641900378.0,
        "imag": -2358685130614622.0
      },
      {
        "real": -166500713963476.94,
        "imag": 7927153718389090.0
      }
    ]
  ]
}