{
  "attrs": {},
  "name": "CP_M1",
  "frequency_range": null,
  "allow_gain": false,
  "nonlinear_spec": null,
  "modulation_spec": null,
  "viz_spec": null,
  "heat_spec": null,
  "type": "PoleResidue",
  "eps_inf": 3.6908609723418557,
  "poles": [
    [
      {
        "real": -1301881113857440.8,
        "imag": -3914466150449130.0
      },
      {
        "real": 1.5003508983789762e+16,
        "imag": 2.0612223987815184e+16
      }
    ]
  ]
}