{
  "attrs": {},
  "name": "CP_M2",
  "frequency_range": null,
  "allow_gain": false,
  "nonlinear_spec": null,
  "modulation_spec": null,
  "viz_spec": null,
  "heat_spec": null,
  "type": "PoleResidue",
  "eps_inf": 5.748590408559513,
  "poles": [
    [
      {
        "real": -916529870237034.2,
        "imag": -3587563545758926.0
      },
      {
        "real": 7921996267481741.0,
        "imag": 9651976237781668.0
      }
    ],
    [
      {
        "real": -1000358905042060.4,
        "imag": -5847780130420194.0
      },
      {
        "real": -7024813910459262.0,
        "imag": 1.2299062148990624e+16
      }
    ]
  ],
  "model_family": "CP",
  "order_N": 2
}