{
  "attrs": {},
  "name": "CP_M1",
  "frequency_range": null,
  "allow_gain": false,
  "nonlinear_spec": null,
  "modulation_spec": null,
  "viz_spec": null,
  "heat_spec": null,
  "type": "PoleResidue",
  "eps_inf": 8.093097427685954,
  "poles": [
    [
      {
        "real": -415979019531751.4,
        "imag": -4361771375842561.0
      },
      {
        "real": 2281675063241793.5,
        "imag": 1.4128487151969254e+16
      }
    ]
  ]
}