{
  "attrs": {},
  "name": "SCP_M1",
  "frequency_range": null,
  "allow_gain": false,
  "nonlinear_spec": null,
  "modulation_spec": null,
  "viz_spec": null,
  "heat_spec": null,
  "type": "PoleResidue",
  "eps_inf": 6.461296191841131,
  "poles": [
    [
      {
        "real": -630958162267826.4,
        "imag": -4271865403258927.0
      },
      {
        "real": 3969671205048017.0,
        "imag": 1.646852325712561e+16
      }
    ]
  ]
}