{
  "attrs": {},
  "name": "RP_M1",
  "frequency_range": null,
  "allow_gain": false,
  "nonlinear_spec": null,
  "modulation_spec": null,
  "viz_spec": null,
  "heat_spec": null,
  "type": "PoleResidue",
  "eps_inf": 4.87043952034643,
  "poles": [
    [
      {
        "real": -724558318904273.9,
        "imag": -4322337329706772.5
      },
      {
        "real": 4341569593183436.5,
        "imag": 2.030666432520526e+16
      }
    ]
  ]
}