{
  "attrs": {},
  "name": "SCP_M2",
  "frequency_range": null,
  "allow_gain": false,
  "nonlinear_spec": null,
  "modulation_spec": null,
  "viz_spec": null,
  "heat_spec": null,
  "type": "PoleResidue",
  "eps_inf": 8.564334263762547,
  "poles": [
    [
      {
        "real": -136189780526962.2,
        "imag": -3032553152356447.5
      },
      {
        "real": 644141117914534.2,
        "imag": 520377647769304.0
      }
    ],
    [
      {
        "real": -330623102545210.1,
        "imag": -4362458062938773.0
      },
      {
        "real": 634449417146224.6,
        "imag": 1.204693313969553e+16
      }
    ]
  ],
  "model_family": "SCP",
  "order_N": 2
}