{
  "attrs": {},
  "name": "SCP_M1",
  "frequency_range": null,
  "allow_gain": false,
  "nonlinear_spec": null,
  "modulation_spec": null,
  "viz_spec": null,
  "heat_spec": null,
  "type": "PoleResidue",
  "eps_inf": 6.460878002015877,
  "poles": [
    [
      {
        "real": -631011980338062.5,
        "imag": -4271832196021793.5
      },
      {
        "real": 3970497944787640.5,
        "imag": 1.6469312358883598e+16
      }
    ]
  ]
}