{
  "attrs": {},
  "name": "SCP_M1",
  "frequency_range": null,
  "allow_gain": false,
  "nonlinear_spec": null,
  "modulation_spec": null,
  "viz_spec": null,
  "heat_spec": null,
  "type": "PoleResidue",
  "eps_inf": 2.0416886884486307,
  "poles": [
    [
      {
        "real": -687923026086992.6,
        "imag": -1.0558421154759858e+16
      },
      {
        "real": 1033420729779320.6,
        "imag": 7688358249474019.0
      }
    ]
  ]
}