{
  "attrs": {},
  "name": "SCP_M3",
  "frequency_range": null,
  "allow_gain": false,
  "nonlinear_spec": null,
  "modulation_spec": null,
  "viz_spec": null,
  "heat_spec": null,
  "type": "PoleResidue",
  "eps_inf": 1.7501094021827726,
  "poles": [
    [
      {
        "real": -3862388288925507.5,
        "imag": -1353611039318806.2
      },
      {
        "real": -83226413832475.47,
        "imag": 227495121738842.2
      }
    ],
    [
      {
        "real": -9950036257911.729,
        "imag": -1705048441802234.5
      },
      {
        "real": -92235494965.86952,
        "imag": 34681990580.351555
      }
    ],
    [
      {
        "real": -1401808461362404.5,
        "imag": -1.114031520721578e+16
      },
      {
        "real": 2768096491675071.5,
        "imag": 9636761805119380.0
      }
    ]
  ]
}