{
  "attrs": {},
  "name": "SCP_M1",
  "frequency_range": null,
  "allow_gain": false,
  "nonlinear_spec": null,
  "modulation_spec": null,
  "viz_spec": null,
  "heat_spec": null,
  "type": "PoleResidue",
  "eps_inf": 2.041711480541139,
  "poles": [
    [
      {
        "real": -687907805214118.0,
        "imag": -1.055837177077459e+16
      },
      {
        "real": 1033382229204513.9,
        "imag": 7688205189427548.0
      }
    ]
  ]
}