{
  "attrs": {},
  "name": "CP_M1",
  "frequency_range": null,
  "allow_gain": false,
  "nonlinear_spec": null,
  "modulation_spec": null,
  "viz_spec": null,
  "heat_spec": null,
  "type": "PoleResidue",
  "eps_inf": 2.1878554526581913,
  "poles": [
    [
      {
        "real": -644673467860739.2,
        "imag": -1.0185988723160968e+16
      },
      {
        "real": 875081601589847.8,
        "imag": 6690190741912026.0
      }
    ]
  ]
}