{
  "attrs": {},
  "name": "CP_M3",
  "frequency_range": null,
  "allow_gain": false,
  "nonlinear_spec": null,
  "modulation_spec": null,
  "viz_spec": null,
  "heat_spec": null,
  "type": "PoleResidue",
  "eps_inf": 1.7712539387579467,
  "poles": [
    [
      {
        "real": -4304493176621244.5,
        "imag": -2242329170435462.8
      },
      {
        "real": 5832620170619.275,
        "imag": 163950740040396.28
      }
    ],
    [
      {
        "real": -193373392958945.25,
        "imag": -4545693673874895.0
      },
      {
        "real": 555312821051.1816,
        "imag": -1269316599719.7852
      }
    ],
    [
      {
        "real": -1569356072252052.5,
        "imag": -1.0859441544819378e+16
      },
      {
        "real": 3307678050560044.5,
        "imag": 8980840633924655.0
      }
    ]
  ]
}