{
  "attrs": {},
  "name": "SCP_M3",
  "frequency_range": null,
  "allow_gain": false,
  "nonlinear_spec": null,
  "modulation_spec": null,
  "viz_spec": null,
  "heat_spec": null,
  "type": "PoleResidue",
  "eps_inf": 1.778075911884121,
  "poles": [
    [
      {
        "real": -4304493176621244.5,
        "imag": -2242329170435462.8
      },
      {
        "real": -4985452924205.3545,
        "imag": 168413292363677.7
      }
    ],
    [
      {
        "real": -193373392958945.25,
        "imag": -4545693673874895.0
      },
      {
        "real": 512919005430.2125,
        "imag": -1302224469164.0906
      }
    ],
    [
      {
        "real": -1569356072252052.5,
        "imag": -1.0859441544819378e+16
      },
      {
        "real": 3282457885944856.0,
        "imag": 8966093137583926.0
      }
    ]
  ]
}