{
  "attrs": {},
  "name": "SCP_M2",
  "frequency_range": null,
  "allow_gain": false,
  "nonlinear_spec": null,
  "modulation_spec": null,
  "viz_spec": null,
  "heat_spec": null,
  "type": "PoleResidue",
  "eps_inf": 1.9634534863687552,
  "poles": [
    [
      {
        "real": -4000232119767043.5,
        "imag": -5681028617801270.0
      },
      {
        "real": -333970101537506.3,
        "imag": -478388215047486.94
      }
    ],
    [
      {
        "real": -1265053840370441.2,
        "imag": -1.1260160810288224e+16
      },
      {
        "real": 1238364653642486.5,
        "imag": 9634790109975666.0
      }
    ]
  ]
}