{
  "attrs": {},
  "name": "RP_M3",
  "frequency_range": null,
  "allow_gain": false,
  "nonlinear_spec": null,
  "modulation_spec": null,
  "viz_spec": null,
  "heat_spec": null,
  "type": "PoleResidue",
  "eps_inf": 1.5768794799057813,
  "poles": [
    [
      {
        "real": -1693824841752461.0,
        "imag": 1.1523899174390916e+16
      },
      {
        "real": 3570254860896009.0,
        "imag": -1.087868317091279e+16
      }
    ],
    [
      {
        "real": -1533827454200985.0,
        "imag": 3757888799643109.5
      },
      {
        "real": -39049045409535.06,
        "imag": 1040580152114.6249
      }
    ],
    [
      {
        "real": -13719312522055.09,
        "imag": 1779262416474339.5
      },
      {
        "real": -6782503636.178316,
        "imag": -24167696996.38369
      }
    ]
  ],
  "model_family": "RP",
  "order_N": 3
}