{
  "attrs": {},
  "name": "RP_M3",
  "frequency_range": null,
  "allow_gain": false,
  "nonlinear_spec": null,
  "modulation_spec": null,
  "viz_spec": null,
  "heat_spec": null,
  "type": "PoleResidue",
  "eps_inf": 1.7663236542322327,
  "poles": [
    [
      {
        "real": -1392036599793623.8,
        "imag": -1.1015356743227614e+16
      },
      {
        "real": 2825029297220764.5,
        "imag": 9289012995901784.0
      }
    ],
    [
      {
        "real": -2964575505508810.5,
        "imag": -757592935193220.6
      },
      {
        "real": 10929855902776.672,
        "imag": 97366749591450.77
      }
    ],
    [
      {
        "real": -118447341988804.02,
        "imag": -2390812592029438.5
      },
      {
        "real": 294445445042.01215,
        "imag": 41044323447.50259
      }
    ]
  ]
}